time	u	e	Y
1	-.95808333	0	10
2	-.29072747	-.18387219	9.8161278
3	.84520197	.54573119	10.545732
4	.86171079	.63842899	10.638429
5	-1.2191505	-.94733238	9.0526676
6	.94573373	.87126631	10.871266
7	.17224686	.15208066	10.152081
8	-1.3299489	-.85320574	9.1467943
9	-1.1529096	-1.0077116	8.9922886
10	2.5164604	2.3975694	12.39757
11	1.0737423	1.9429008	11.942901
12	.27501228	.41593567	10.415936
13	.014450439	.01007913	10.010079
14	-.34285998	-.21685746	9.7831421
15	.13774362	.089640684	10.089641
16	.66419631	.42217904	10.422179
17	1.4197847	.99295396	10.992954
18	1.5703847	1.4839752	11.483975
19	.022766652	.02789348	10.027893
20	.78058535	.49392554	10.493925
21	-.040606961	-.029337825	9.9706621
22	-1.4703339	-.93042094	9.0695791
23	-.95411396	-.87072587	9.1292744
24	-.62240881	-.54937291	9.4506273
25	-1.6067806	-1.1926007	8.8073997
26	-.37130302	-.39139429	9.6086054
27	-1.0066689	-.69496238	9.3050375
28	1.1480719	.91952342	10.919523
29	.16596515	.15054071	10.15054
30	-.56927276	-.36510372	9.6348963
31	.33375666	.22799522	10.227995
32	.076958172	.050229043	10.050229
33	.70742422	.44811931	10.448119
34	1.1964207	.84634012	10.84634
35	-.6109159	-.53193408	9.4680662
36	-1.2155162	-.89443904	9.1055613
37	.085298836	.076294102	10.076294
38	.61905336	.3929455	10.392945
39	-.3933005	-.27169153	9.7283087
40	-.57420671	-.37954506	9.6204548
41	-.33941069	-.23318952	9.7668104
42	-.47365835	-.30958155	9.6904182
43	-.75136203	-.50286293	9.4971371
44	.52305549	.37950751	10.379507
45	.020134928	.013833339	10.013833
46	.38977963	.24654776	10.246548
47	.16313247	.10702198	10.107022
48	1.5053688	.95887011	10.95887
49	.4003199	.37118009	10.371181
50	.65741789	.45016918	10.45017
51	2.7704091	1.9615712	11.961571
52	1.6397526	2.4996848	12.499685
53	.77872795	1.461897	11.461897
54	-1.125831	-1.3643341	8.6356659
55	1.7656999	2.0368431	12.036843
56	.49256927	.77481705	10.774817
57	-.39308456	-.32891825	9.6710815
58	.1782866	.12014104	10.120141
59	1.3203139	.84253919	10.842539
60	-1.2832941	-1.1150165	8.8849831
61	1.3765953	1.391404	11.391404
62	-.19750097	-.23100038	9.7690001
63	.34321716	.22419217	10.224193
64	-.58611894	-.38216171	9.6178379
65	-.98178941	-.6752426	9.3247576
66	.18589757	.14731444	10.147314
67	-.61622107	-.39498317	9.6050167
68	1.8825291	1.3015424	11.301542
69	-1.423504	-1.5896189	8.4103813
70	1.459249	1.8820603	11.88206
71	.22323002	.32891983	10.328919
72	1.3291014	.89563501	10.895635
73	-.95134795	-.85148621	9.1485138
74	-1.1449039	-.99975377	9.000246
75	-.39182174	-.3716639	9.628336
76	.18942393	.12973355	10.129733
77	-.53884614	-.34436247	9.6556377
78	-.77152103	-.52286863	9.4771309
79	.95144683	.69702542	10.697025
80	-.26534241	-.21275799	9.7872419
81	1.1597518	.75395727	10.753958
82	.71208388	.58902115	10.589021
83	.64575851	.48901999	10.48902
84	-.88985366	-.64141738	9.3585825
85	-1.1025717	-.85810131	9.1418991
86	.13746397	.12048063	10.120481
87	.74461925	.47519183	10.475192
88	.45363915	.32488406	10.324884
89	-.84398824	-.56790739	9.4320927
90	-.56378067	-.42236897	9.577631
91	-.64278644	-.44958204	9.5504179
92	-1.0634354	-.75276059	9.2472391
93	.60047597	.49637401	10.496374
94	1.0809329	.78186166	10.781861
95	-.88308471	-.74181944	9.2581806
96	-.34954882	-.28721514	9.7127848
97	1.0555454	.70116055	10.70116
98	3.3434534	2.6868825	12.686882
99	1.8582675	3.7210243	13.721025
100	2.1590805	5.842701	15.842701
101	1.1201998	4.6819229	14.681923
102	-2.1478682	-7.2393675	2.7606325
103	-.97011125	-5.0037642	4.9962358
104	-1.4199407	-5.1036606	4.8963394
105	.4319005	1.5824115	11.582412
106	.80836159	1.0389925	11.038993
107	-.24681333	-.23926292	9.7607374
108	.21843517	.14300805	10.143008
109	.42799494	.27412587	10.274126
110	1.7211467	1.1385258	11.138526
111	1.4097632	1.443284	11.443284
112	-.17413813	-.20907706	9.7909231
113	.21278447	.13820456	10.138205
114	1.8971744	1.2141179	11.214118
115	-.14129192	-.15066259	9.8493376
116	2.0901146	1.3405272	11.340528
117	-.54269797	-.61841536	9.3815842
118	1.4251961	1.0958439	11.095844
119	.61561453	.615749	10.615749
120	-1.7337161	-1.3312111	8.6687889
121	-1.9872668	-2.253653	7.746347
122	.56121242	.96219307	10.962193
123	-1.1087511	-1.0299503	8.9700499
124	.88149416	.85026443	10.850265
125	-1.3978187	-1.2197719	8.7802277
126	2.8556972	3.0542903	13.054291
127	-1.5499433	-3.4880078	6.5119925
128	-.44057515	-1.1217895	8.8782101
129	.92983437	.94331491	10.943315
130	-1.0819309	-.99450666	9.0054932
131	-.83889604	-.79342085	9.2065792
132	.20144357	.1703072	10.170307
133	-1.6504854	-1.062613	8.9373875
134	.81552696	.80095094	10.800951
135	1.5971156	1.3559138	11.355914
136	-.60188121	-.69131267	9.3086872
137	.3149811	.25177941	10.25178
138	-1.0466558	-.68769062	9.3123093
139	-1.0937247	-.87255603	9.1274443
140	-.69138414	-.61087888	9.3891211
141	-.47982565	-.36749336	9.6325064
142	-.7876128	-.53853697	9.461463
143	-.24440245	-.18042977	9.8195705
144	1.2711604	.82014716	10.820148
145	.85827851	.73648131	10.736482
146	-1.4119453	-1.1567637	8.843236
147	-.59687406	-.61713749	9.3828621
148	-.96928519	-.74479294	9.2552071
149	-2.2617466	-1.8614577	8.1385422
150	.32648921	.47677624	10.476776
151	.68697822	.49235678	10.492357
152	-1.651593	-1.1923628	8.8076372
153	-1.1953986	-1.2599208	8.7400789
154	-.081473716	-.089015402	9.910985
155	-.72544491	-.46107823	9.5389214
156	.56136405	.39943591	10.399436
157	1.2026114	.83299792	10.832998
158	.40004414	.34574154	10.345741
159	-.10942252	-.074195296	9.9258051
160	1.2826322	.81399411	10.813994
161	1.84061	1.5740103	11.57401
162	-1.4723343	-1.8847915	8.1152086
163	-.20247661	-.29869381	9.7013063
164	-.86068588	-.57389683	9.4261036
165	.083303995	.062598884	10.062599
166	-1.0033941	-.63615447	9.3638458
167	-.19004519	-.14749591	9.8525038
168	.19422369	.12449685	10.124496
169	-.068553515	-.043775041	9.9562254
170	-1.6634518	-1.0533185	8.946682
171	-.69549841	-.67957699	9.3204231
172	-.37459031	-.29753706	9.7024632
173	.23388575	.15589221	10.155892
174	.3996262	.25655603	10.256556
175	.99309623	.65341693	10.653417
176	-1.3319945	-1.0432816	8.9567184
177	-1.3997421	-1.3601419	8.6398582
178	.26448464	.30444387	10.304444
179	1.2489961	.83444071	10.83444
180	-.62977189	-.54472381	9.4552765
181	.021987237	.016281873	10.016282
182	1.0229729	.6470921	10.647092
183	.48505068	.37863919	10.378639
184	-1.6021258	-1.1003278	8.8996725
185	.73639458	.73836571	10.738366
186	-1.4909673	-1.2227677	8.7772322
187	-.013820142	-.014804851	9.9851952
188	-.031318493	-.019810267	9.9801893
189	-2.6021564	-1.6461518	8.3538485
190	-.49005342	-.64918816	9.350812
191	.53311044	.41661912	10.416619
192	2.0653546	1.4409986	11.440998
193	1.0167634	1.2193696	11.21937
194	-1.2223639	-1.3070902	8.6929102
195	-.36387211	-.40751114	9.5924892
196	-1.1985284	-.83298385	9.167016
197	-.078578144	-.067911297	9.9320889
198	.39815742	.25254166	10.252542
199	.4456023	.29284197	10.292842
200	1.0074271	.67043364	10.670434
201	-1.1779298	-.93104202	9.0689583
202	.32322678	.29507962	10.295079
203	-.34535396	-.23000056	9.7699995
204	.14292997	.093337774	10.093338
205	.26031706	.16553299	10.165533
206	.094534732	.060804326	10.060804
207	.21942317	.13909571	10.139095
208	-.037598178	-.024065001	9.975935
209	.45315123	.28670171	10.286702
210	-.23486134	-.15598382	9.8440161
211	-1.305571	-.83817804	9.1618223
212	.71548623	.62015414	10.620154
213	.19552849	.15048018	10.15048
214	-.96396399	-.61823255	9.3817673
215	-.060269617	-.046337333	9.9536629
216	.34352845	.21755783	10.217558
217	1.8033406	1.1737872	11.173787
218	-.57836819	-.60352612	9.3964739
219	-.019957535	-.015226983	9.9847727
220	-.28548187	-.18058075	9.8194189
221	1.1377069	.73406756	10.734068
222	.15283705	.12504907	10.125049
223	-.35197869	-.22477598	9.7752237
224	-1.2141114	-.79174787	9.208252
225	-1.8039935	-1.5237417	8.4762583
226	-.87757063	-1.0963995	8.9036007
227	-.74878836	-.74917984	9.2508202
228	.60718811	.50093395	10.500934
229	1.1294731	.81874526	10.818746
230	-.94986218	-.81443238	9.1855679
231	.80155396	.68562156	10.685621
232	1.7353508	1.3828889	11.382889
233	-1.3899852	-1.6187158	8.3812847
234	.89229983	1.1668745	11.166875
235	.65525979	.68121749	10.681217
236	-1.6016083	-1.2732823	8.7267179
237	1.8546423	2.0406325	12.040632
238	-.5650394	-.8901999	9.1098003
239	.15211843	.13573772	10.135737
240	-.24389862	-.15602124	9.8439789
241	.65673196	.42162567	10.421626
242	-.41956916	-.29336381	9.7066364
243	1.1243671	.74838537	10.748385
244	-1.0542191	-.86935717	9.1306429
245	1.6825587	1.4839852	11.483985
246	1.2180668	1.492371	11.492371
247	.4071447	.5009014	10.500901
248	1.5961262	1.1570001	11.157
249	.2492274	.25772145	10.257722
250	.55566269	.36572999	10.36573
251	-.26523733	-.18123285	9.8187675
252	-.6139974	-.39621755	9.6037827
253	-.93640727	-.64774358	9.3522568
254	1.0538573	.8229444	10.822945
255	1.2204908	1.0489256	11.048925
256	-.58322823	-.56849718	9.4315033
257	-2.2273476	-1.6691656	8.3308344
258	-.70331639	-.94177634	9.0582237
259	1.1178457	1.0266372	11.026637
260	.16254842	.15650231	10.156503
261	.60260153	.38690889	10.386909
262	-.97308296	-.67054468	9.3294554
263	-1.7652223	-1.3953243	8.6046753
264	-1.1286579	-1.3227298	8.6772699
265	-1.3773582	-1.5551387	8.4448614
266	-1.4808261	-1.8785073	8.1214924
267	-.45371738	-.66750365	9.3324966
268	-.36934075	-.29147059	9.7085295
269	-1.9143294	-1.2733926	8.7266073
270	.13752918	.15132987	10.15133
271	-1.0114542	-.64879119	9.3512087
272	-1.5799654	-1.2344626	8.7655373
273	-1.4452603	-1.5579001	8.4420996
274	-.21499237	-.27309331	9.7269068
275	-.39712006	-.26260719	9.7373924
276	.64416522	.42460275	10.424603
277	-1.546393	-1.0826339	8.917366
278	.099043027	.098349676	10.09835
279	.6789428	.43198922	10.43199
280	-.94900602	-.66654235	9.3334579
281	-.95533323	-.75352681	9.2464733
282	-.4057897	-.3355813	9.6644192
283	-.46591368	-.31472716	9.6852732
284	1.4656812	.98269153	10.982692
285	.9429667	.88600808	10.886008
286	.48445222	.43127275	10.431273
287	.65139496	.4573693	10.457369
288	-1.6470064	-1.1699466	8.8300533
289	1.3913625	1.4488804	11.44888
290	-.46236292	-.55668712	9.4433126
291	.082194045	.06123044	10.061231
292	-.60392994	-.38285279	9.6171474
293	-.71899456	-.49463907	9.5053606
294	.54220122	.39186332	10.391863
295	-.42650351	-.29449701	9.7055035
296	.74274236	.49455947	10.494559
297	-.01561585	-.011285567	9.9887142
298	-1.522788	-.96317238	9.036828
299	.47992891	.44606301	10.446063
300	.80703992	.57037008	10.57037
301	2.5607579	1.9208432	11.920843
302	.36045554	.54006052	10.54006
303	-.40786538	-.30133295	9.6986675
304	-.35558417	-.23731102	9.7626886
305	2.0816724	1.3621174	11.362118
306	-.70384157	-.81100202	9.1889982
307	.94552678	.80722857	10.807228
308	-1.1994185	-1.0218377	8.9781628
309	-.26239225	-.25196162	9.7480383
310	1.7299981	1.1367316	11.136732
311	-.76561338	-.78305423	9.2169456
312	-.40595126	-.34123746	9.6587629
313	-.68594831	-.46433255	9.5356674
314	.93642658	.66729993	10.6673
315	1.1481613	.90598917	10.905989
316	1.7713732	1.5946375	11.594638
317	-.82909292	-1.0718842	8.9281158
318	.67579961	.66711652	10.667116
319	-1.8890703	-1.4904779	8.5095224
320	-.97484189	-1.1982081	8.8017921
321	-.67069817	-.70911902	9.2908812
322	.40316972	.3254019	10.325402
323	.11029127	.074227192	10.074227
324	1.5154217	.96173161	10.961732
325	.45387736	.42151105	10.421511
326	-.081384107	-.056901157	9.943099
327	.82849413	.52504498	10.525045
328	.90262038	.6619575	10.661958
329	.92708302	.72945225	10.729452
330	.87716025	.71586716	10.715867
331	.66419661	.53805375	10.538054
332	.79908633	.58978361	10.589784
333	-.35059056	-.26559922	9.7344007
334	2.0641513	1.3618261	11.361826
335	.57742113	.66523451	10.665235
336	2.4591992	1.9383552	11.938355
337	-.69842225	-1.054273	8.9457273
338	.69077802	.67532015	10.67532
339	.35829952	.28394613	10.283946
340	1.0181692	.67561698	10.675617
341	.57353383	.45458812	10.454588
342	.64459181	.45730832	10.457309
343	1.5168191	1.0774386	11.077438
344	.65063602	.64424038	10.64424
345	1.5685818	1.2226115	11.222611
346	1.6684664	1.787199	11.787199
347	2.0846446	2.9459503	12.945951
348	1.0815899	2.3546169	12.354617
349	-.63645506	-1.1335531	8.8664465
350	-1.2433069	-1.2694348	8.7305651
351	.45513511	.49976495	10.499765
352	-.24595642	-.17819242	9.8218079
353	.50600535	.3263151	10.326315
354	-1.0831144	-.72918683	9.270813
355	-1.1646124	-.95032424	9.0496759
356	-.10420601	-.096161209	9.9038391
357	-.21831085	-.13886757	9.8611326
358	-.21898967	-.14016059	9.8598394
359	1.164005	.74516553	10.745166
360	-.46568713	-.3833473	9.6166525
361	.0088375062	.0060810619	10.006081
362	-.91589475	-.57927608	9.4207239
363	-.99820328	-.75215816	9.2478418
364	-.27179158	-.22459771	9.7754021
365	1.1003085	.71750081	10.717501
366	-.64793354	-.52534735	9.4746523
367	.1593883	.11690835	10.116908
368	.66944277	.42699417	10.426994
369	-.62204218	-.43594551	9.5640545
370	-1.4368271	-1.0109222	8.9890776
371	-1.3430179	-1.2818484	8.7181511
372	-.51121783	-.56502122	9.4349785
373	1.0680828	.79901195	10.799012
374	-1.7752424	-1.5055166	8.494483
375	-.18304312	-.22665516	9.773345
376	-.62851	-.41006908	9.5899305
377	-.97185957	-.67617846	9.323822
378	-.74594009	-.59141743	9.4085827
379	-.24767444	-.18779004	9.8122101
380	.052220229	.033747058	10.033747
381	.56567585	.35801938	10.35802
382	1.6188881	1.1028526	11.102853
383	-1.0091587	-1.0132587	8.9867411
384	.63888162	.61057383	10.610574
385	-.354655	-.27158335	9.7284164
386	.74878424	.49492246	10.494923
387	-.99148721	-.71667045	9.28333
388	-.12377965	-.10031562	9.899684
389	.30303642	.19285873	10.192859
390	-.033696361	-.021801239	9.978199
391	.46462417	.29394141	10.293941
392	-.58933711	-.39234132	9.6076584
393	2.9287601	2.0226812	12.022681
394	.13713622	.21446016	10.21446
395	-1.4202244	-.92368823	9.0763121
396	1.2118616	1.1017948	11.101795
397	1.4166179	1.4215504	11.421551
398	1.5914296	1.8899878	11.889988
399	-.69947249	-1.0341854	8.9658146
400	.93105173	.90017331	10.900173
401	-.91708004	-.82290035	9.1770992
402	.38883418	.3341673	10.334167
403	-.59214211	-.39978755	9.6002121
404	-.89760065	-.62182093	9.3781796
405	1.2161721	.93679255	10.936792
406	.85444409	.78254676	10.782547
407	.43456161	.36518425	10.365184
408	.73935848	.50508511	10.505085
409	-.59365833	-.43119195	9.5688076
410	.62729657	.44043332	10.440434
411	-.88814831	-.62612301	9.3738766
412	.11691599	.090261497	10.090261
413	-1.5581819	-.99048609	9.0095139
414	.40345806	.38073516	10.380735
415	1.2751931	.87653142	10.876532
416	-.95055771	-.84174216	9.1582575
417	1.3170437	1.1438317	11.143831
418	-.54651076	-.56111926	9.4388809
419	.54070425	.40369552	10.403695
420	.46705979	.32408869	10.324089
421	1.0597872	.71291208	10.712912
422	.62417263	.50481707	10.504817
423	-.80032772	-.5812276	9.4187727
424	.064294025	.048494607	10.048494
425	.15412709	.097621702	10.097622
426	.78328085	.49833223	10.498332
427	-.7957719	-.5761342	9.4238663
428	2.3011687	1.7311845	11.731184
429	.77390581	1.0663344	11.066335
430	-.069320515	-.068221197	9.9317789
431	.81790382	.5187903	10.51879
432	-.26502517	-.19377159	9.8062286
433	.44761389	.28966317	10.289663
434	-.17559452	-.11673436	9.8832655
435	.47989905	.30608886	10.306088
436	-1.1107935	-.74252635	9.2574739
437	1.5522983	1.2759786	11.275978
438	1.8394535	2.0267911	12.026791
439	1.1930389	1.8689027	11.868902
440	-.95979118	-1.4061509	8.5938492
441	.078731976	.092777885	10.092778
442	-1.5290873	-.97226852	9.0277319
443	-.24860042	-.23223232	9.7677679
444	.75740963	.49491137	10.494911
445	2.2687213	1.639877	11.639877
446	-.50311387	-.66452909	9.3354712
447	.31528631	.24841669	10.248417
448	-.26493642	-.17390315	9.8260965
449	1.5298786	.98569918	10.985699
450	-.9265976	-.87208611	9.1279135
451	-1.4272116	-1.260695	8.7393055
452	-1.1414868	-1.2476591	8.7523413
453	.95001405	1.0312474	11.031247
454	1.3904823	1.3421832	11.342183
455	3.2431386	3.698782	13.698782
456	-1.5791053	-4.2490826	5.7509174
457	.48580942	1.4916289	11.491629
458	-1.5431076	-1.8977579	8.1022425
459	.35140231	.52130181	10.521302
460	.63450819	.46448332	10.464483
461	.44586113	.31774366	10.317743
462	1.8590654	1.2477647	11.247765
463	-.13420066	-.14568397	9.8543158
464	.63364905	.40603602	10.406036
465	-.64261734	-.44634512	9.5536547
466	.91060048	.64364189	10.643641
467	-.63515937	-.49491	9.5050898
468	.32721859	.23651996	10.23652
469	.2820473	.18451388	10.184514
470	1.3952519	.90101588	10.901016
471	.33174381	.29781556	10.297815
472	1.9460974	1.2972561	11.297256
473	2.3086681	2.5723128	12.572313
474	.15890829	.30601284	10.306013
475	.39577568	.26455522	10.264555
476	-.055617098	-.036681775	9.9633179
477	-.64640421	-.40916559	9.5908346
478	-.66019571	-.45916042	9.5408392
479	-1.3535941	-.96230364	9.0376968
480	-.063687883	-.059165124	9.940835
481	-.99812096	-.63264674	9.3673534
482	-2.2836928	-1.7691191	8.2308807
483	.16966358	.2378252	10.237825
484	-1.8432448	-1.2062773	8.7937231
485	1.0142291	1.076972	11.076972
486	.1192932	.11809029	10.118091
487	2.288214	1.4597526	11.459753
488	.77311695	.93589908	10.935899
489	-.11302965	-.10346712	9.896533
490	-.54405987	-.34638831	9.6536121
491	-.046819087	-.031753987	9.9682465
492	.86006129	.54429322	10.544293
493	-.57886869	-.42856911	9.5714312
494	-.63755512	-.4471238	9.5528765
495	-.26956588	-.19060421	9.8093958
496	.21790344	.14090873	10.140909
497	-.62140048	-.39785534	9.6021442
498	-.040366847	-.027942037	9.9720583
499	.42319062	.26777983	10.26778
500	-.062410764	-.041203067	9.9587965
501	-.57369119	-.36321896	9.6367807
502	-1.5352876	-1.0480112	8.9519892
503	-1.4166615	-1.380183	8.6198168
504	-1.6139203	-1.8769085	8.1230917
505	.010022977	.014735457	10.014735
506	.57317388	.36255619	10.362556
507	.5801242	.39589959	10.3959
508	-.85981452	-.59468359	9.4053164
509	-.045751289	-.034747623	9.9652519
510	-1.1031911	-.69824564	9.301754
511	.39500585	.31693491	10.316935
512	-.46089622	-.30925548	9.6907444
513	-.67944527	-.45468011	9.5453196
514	.39276779	.27866232	10.278663
515	-.93155003	-.61709571	9.3829041
516	-.42712492	-.32819307	9.6718073
517	-.65020621	-.43803602	9.561964
518	1.6677212	1.1744567	11.174457
519	-.091816247	-.095844649	9.9041557
520	-.1016274	-.064642787	9.9353571
521	-.62968534	-.39928672	9.6007137
522	-.71838766	-.49756578	9.5024338
523	-.60073453	-.4347699	9.5652304
524	-1.0543727	-.7414515	9.2585487
525	1.4787805	1.2148298	11.214829
526	.47253194	.50406241	10.504063
527	-.85139978	-.6180948	9.3819056
528	-.36483088	-.28047419	9.7195263
529	-.8835603	-.58564311	9.4143572
530	-1.7499061	-1.3228745	8.6771259
531	-1.1549124	-1.3040789	8.6959209
532	1.6302588	1.8229114	11.822911
533	.29680961	.42615733	10.426157
534	-.9741714	-.68247992	9.3175201
535	-.94571996	-.75236136	9.2476387
536	-.65051448	-.53761935	9.4623804
537	-1.2747012	-.94062006	9.0593796
538	-.25240359	-.23165962	9.7683401
539	-1.0331355	-.67497289	9.3250275
540	-1.2134882	-.96148878	9.0385113
541	-1.439872	-1.3370128	8.6629868
542	-.72055447	-.81959754	9.1804028
543	1.0406172	.89267129	10.892672
544	.32760751	.29273358	10.292733
545	.06360016	.042323817	10.042324
546	.25580275	.16196489	10.161964
547	.21914907	.14085615	10.140856
548	-1.5617332	-.99989992	9.0001001
549	.085932061	.081517778	10.081518
550	-1.6430244	-1.0434468	8.9565535
551	.1492348	.14502603	10.145026
552	.42824557	.27438354	10.274384
553	1.0525346	.69630009	10.696301
554	-.038849056	-.031137872	9.9688625
555	-.33747157	-.21356507	9.7864351
556	.57357436	.37295789	10.372958
557	-.12790452	-.087644823	9.9123554
558	.36187464	.22996579	10.229966
559	-.97732288	-.63821661	9.361783
560	.86370343	.67105931	10.67106
561	.0048672329	.0038483788	10.003848
562	-.22803512	-.14422341	9.8557768
563	-.68726093	-.44027641	9.5597239
564	-.43999994	-.3101677	9.6898327
565	-2.5835004	-1.729406	8.2705936
566	.63626957	.87597996	10.87598
567	-1.3676434	-1.2107085	8.7892914
568	-.36201844	-.38532564	9.6146746
569	-1.0208031	-.70297539	9.2970247
570	.56911278	.45780417	10.457804
571	-.020842075	-.014808032	9.9851923
572	-.20803253	-.13158935	9.8684111
573	-.36699474	-.23460636	9.7653933
574	-.98947126	-.64696598	9.353034
575	.091192566	.071181767	10.071181
576	.78990293	.50115806	10.501158
577	.33393762	.24209434	10.242094
578	-.42052662	-.27553475	9.7244654
579	.5354656	.35436323	10.354363
580	-1.3504514	-.9186908	9.0813093
581	.71446997	.64776719	10.647767
582	.54520655	.42575052	10.425751
583	-2.2097082	-1.5477926	8.4522076
584	-.83183283	-1.0514811	8.9485188
585	.60354686	.58913291	10.589133
586	1.2878796	.97534138	10.975342
587	1.0846293	1.0149519	11.014952
588	-.64738107	-.61927801	9.380722
589	.40992227	.31533459	10.315334
590	.37090904	.24873535	10.248735
591	-.46843141	-.30750465	9.6924953
592	1.1627026	.77760339	10.777603
593	-.15554902	-.13035838	9.8696413
594	-1.1461844	-.7325694	9.2674303
595	-.092662901	-.075753212	9.9242468
596	-.91630989	-.58160007	9.4183998
597	1.2033638	.90782559	10.907825
598	-.56864154	-.51243204	9.4875679
599	.91609144	.66773784	10.667738
600	1.3213503	1.0428936	11.042893
601	.21234371	.20629206	10.206292
602	-1.1980959	-.77763551	9.2223644
603	-.54272419	-.45483994	9.5451603
604	-1.71726	-1.2184558	8.7815437
605	.63701975	.68084186	10.680841
606	2.343554	1.8627537	11.862754
607	-.99860638	-1.4591023	8.5408974
608	2.0205269	2.445163	12.445163
609	-.98762494	-1.8182524	8.1817474
610	1.748376	2.5051372	12.505137
611	-.81931514	-1.5410653	8.4589348
612	-.97602177	-1.229726	8.7702742
613	-1.0643193	-1.1443847	8.8556156
614	-.21464379	-.22044745	9.7795525
615	-.54000902	-.35175216	9.6482477
616	-1.1703916	-.79540551	9.2045946
617	2.7604356	2.336338	12.336338
618	.75766116	1.3402762	11.340277
619	.061737314	.070341811	10.070342
620	.88956654	.56434846	10.564348
621	.56685925	.42391241	10.423912
622	-1.3307632	-.93139249	9.0686073
623	.75969505	.69367522	10.693675
624	.56610596	.45309442	10.453094
625	1.5196584	1.0774018	11.077402
626	-.70458412	-.69764405	9.3023558
627	1.8419455	1.4774121	11.477412
628	1.0138677	1.2381535	11.238153
629	-.4932811	-.53276914	9.4672308
630	-.28846735	-.21235615	9.7876434
631	1.6292331	1.0590612	11.059061
632	.77894759	.76352972	10.76353
633	-1.0782225	-.8966046	9.1033955
634	-.060112592	-.053831819	9.9461679
635	-1.673752	-1.0604892	8.9395103
636	-.74084711	-.72675502	9.2732449
637	1.3285642	1.0826669	11.082666
638	1.649631	1.6381125	11.638113
639	-1.8627709	-2.4583681	7.5416317
640	-.74240363	-1.3733035	8.6266966
641	-.47897816	-.55507374	9.4449263
642	2.6500907	1.9725888	11.972589
643	-1.3521854	-2.0708988	7.929101
644	-1.2188094	-1.9441102	8.0558901
645	-.17086565	-.25855437	9.7414455
646	-2.1074002	-1.3874077	8.6125927
647	.9802509	1.1441884	11.144188
648	-.29069844	-.2985267	9.7014732
649	1.066033	.71078032	10.71078
650	.889705	.71873868	10.718739
651	1.0710355	.8689872	10.868987
652	.56735533	.50029331	10.500294
653	-.47657767	-.34536156	9.6546383
654	-1.1886724	-.805879	9.1941214
655	-.51091117	-.43494132	9.5650587
656	-.43022439	-.30256337	9.6974363
657	-.14215189	-.094909392	9.9050903
658	.23700222	.15073489	10.150735
659	.25655273	.16454622	10.164546
660	.89673889	.57666498	10.576665
661	2.2356277	1.682332	11.682332
662	.57566822	.77557713	10.775578
663	1.3556964	1.1348726	11.134872
664	-.93977058	-.96020818	9.0397921
665	.34087566	.31629878	10.316298
666	.37033719	.24843594	10.248436
667	.48132756	.31594315	10.315943
668	.78867608	.52900714	10.529007
669	-.20196182	-.14840062	9.8515997
670	1.2305645	.78891695	10.788917
671	-.25418502	-.21436027	9.7856398
672	-1.5680358	-1.0197963	8.9802036
673	-.90438265	-.8674497	9.1325502
674	-.45367354	-.39970532	9.6002951
675	2.0519233	1.4214396	11.42144
676	.32398027	.38473871	10.384739
677	-.87717825	-.60392427	9.3960762
678	1.6022636	1.22273	11.22273
679	.063942276	.068496905	10.068497
680	-.79409218	-.50369859	9.4963017
681	-.64863211	-.47080868	9.529191
682	.35206982	.25163275	10.251633
683	1.1279699	.74108523	10.741085
684	-.354864	-.29146492	9.7085352
685	-.43340942	-.28829902	9.7117014
686	-.86272234	-.57327765	9.4267225
687	-2.0171292	-1.5152973	8.4847031
688	-.1554644	-.19343063	9.8065691
689	-.52976435	-.34279794	9.6572018
690	-.16887461	-.11438125	9.8856192
691	-1.1895844	-.75848627	9.2415142
692	-1.4751184	-1.2232376	8.776762
693	-1.0656794	-1.1418968	8.8581028
694	-.16873571	-.17306431	9.8269358
695	.29535729	.19026503	10.190265
696	-.7684809	-.496905	9.5030947
697	-.56910974	-.41175288	9.5882473
698	-.053920202	-.037542179	9.9624577
699	-2.1716716	-1.3746951	8.6253052
700	1.4236002	1.6509424	11.650943
701	-.16333829	-.21686536	9.7831345
702	-.34719077	-.225945	9.7740555
703	-.10176477	-.066383518	9.9336166
704	-.79965556	-.5071376	9.4928627
705	.38363656	.27892101	10.278921
706	1.4442166	.95678502	10.956785
707	.70532399	.6532225	10.653222
708	1.4121329	1.1059352	11.105935
709	1.1666859	1.1734021	11.173402
710	1.7995527	1.87744	11.877439
711	1.358694	1.9979688	11.997969
712	-.54848975	-.84899759	9.1510029
713	1.6394969	1.429655	11.429655
714	-.087917306	-.10483772	9.8951626
715	.061343286	.0390625	10.039063
716	.46482924	.29426405	10.294264
717	-.20999293	-.13981424	9.8601856
718	.27494076	.17599946	10.176
719	-.74949592	-.48311272	9.5168877
720	-1.7191986	-1.2357905	8.7642097
721	-1.5918334	-1.7171072	8.2828932
722	1.019986	1.396386	11.396386
723	1.2094111	1.4181329	11.418133
724	-.35450211	-.42028323	9.5797167
725	.066612199	.046548489	10.046549
726	.8364473	.52973163	10.529732
727	.033390056	.024543572	10.024544
728	-.060978416	-.038580652	9.9614191
729	.35439646	.22434843	10.224348
730	.54234833	.35363695	10.353637
731	-1.5450267	-1.0507653	8.949235
732	1.5126796	1.4759705	11.47597
733	1.6359173	1.9963852	11.996386
734	-.050889675	-.078719221	9.9212809
735	-.39102769	-.24826358	9.7517366
736	-1.1130595	-.73057532	9.2694244
737	.01066584	.0087099513	10.00871
738	-.38052356	-.24067564	9.7593241
739	1.3876671	.90885562	10.908855
740	.5700649	.51401055	10.51401
741	.13587913	.099117599	10.099117
742	-.5700773	-.36275563	9.6372442
743	-.63807875	-.43548387	9.5645161
744	.18322693	.12888853	10.128888
745	.23001671	.14697801	10.146978
746	.10250004	.06569615	10.065696
747	.29784989	.18888427	10.188885
748	.31902912	.20622182	10.206222
749	.23661506	.1535746	10.153575
750	.35360476	.22691195	10.226912
751	-1.1151439	-.72762138	9.2723789
752	-.29091826	-.23718607	9.7628136
753	.73540378	.481186	10.481186
754	-.16723879	-.12010609	9.8798943
755	-1.0512099	-.67081094	9.3291893
756	-1.0656108	-.842435	9.1575651
757	-.67914909	-.59005839	9.4099417
758	.81117314	.61461258	10.614613
759	.28441831	.21825734	10.218257
760	.86142349	.56079805	10.560798
761	.55271536	.41259646	10.412597
762	1.3903371	.96837544	10.968375
763	-.65431416	-.60990906	9.3900909
764	.56511182	.43259469	10.432594
765	.55914146	.39282188	10.392822
766	-1.611704	-1.1133066	8.886693
767	-.72538733	-.73250681	9.2674932
768	-.73210621	-.59848648	9.4015131
769	.62423229	.47502932	10.475029
770	-.21457233	-.15365931	9.8463411
771	3.6209612	2.3236461	12.323647
772	-.46192712	-.81326276	9.1867371
773	1.2222804	1.0448161	11.044816
774	-1.3626709	-1.3252424	8.674758
775	.33391571	.377507	10.377507
776	.8399182	.57658762	10.576588
777	.61400658	.46202788	10.462028
778	-1.4844165	-1.0566865	8.9433136
779	-.1467889	-.14369525	9.8563051
780	.041482199	.026572065	10.026572
781	.64236253	.406445	10.406445
782	-.72401935	-.50297141	9.4970284
783	-.47752777	-.34649241	9.6535072
784	.12642443	.085747875	10.085748
785	-.44879508	-.28514433	9.7148552
786	.30803168	.20447682	10.204476
787	.83074832	.53896642	10.538966
788	1.8664725	1.3782132	11.378213
789	-1.0158204	-1.1801611	8.8198385
790	-1.1841542	-1.2399118	8.760088
791	-.59012306	-.63795841	9.3620415
792	-.32230812	-.25038496	9.7496147
793	-.63734537	-.41858906	9.5814114
794	.37273446	.26027662	10.260277
795	.81179613	.53472167	10.534721
796	-.10048185	-.074041128	9.9259586
797	-.80004305	-.50772238	9.4922771
798	.14675836	.10672987	10.10673
799	-.046403971	-.029556656	9.9704437
800	-1.0780432	-.68218654	9.3178139
801	.66961527	.53262383	10.532624
802	1.1950923	.87970817	10.879708
803	.16441976	.14585647	10.145857
804	.6816389	.43680081	10.436801
805	.65527266	.46121025	10.46121
806	1.891122	1.3456997	11.345699
807	-1.3676944	-1.5626792	8.4373207
808	.49160165	.62589657	10.625896
809	-.064217277	-.04957113	9.950429
810	.23944631	.15167154	10.151671
811	.019898808	.012764773	10.012765
812	1.8494723	1.1698281	11.169828
813	-.50555086	-.5264163	9.4735832
814	-.21674985	-.15906501	9.8409348
815	1.6469823	1.057987	11.057987
816	-.12249331	-.1199977	9.880002
817	-1.0505345	-.67036921	9.3296309
818	1.1536603	.91182774	10.911828
819	.36409411	.32883865	10.328838
820	1.1838638	.797741	10.797741
821	-1.4143332	-1.1985966	8.801403
822	.014733927	.015581203	10.015581
823	-1.8070025	-1.1430222	8.8569775
824	.032833297	.033696145	10.033696
825	1.5164661	.95977777	10.959778
826	.2830576	.26258636	10.262587
827	.81890267	.53977787	10.539778
828	-.20047949	-.14809452	9.8519058
829	1.3491513	.8648954	10.864896
830	-1.3135064	-1.1556035	8.8443966
831	-.30203781	-.31209579	9.6879044
832	-.63427258	-.42486885	9.5751314
833	-1.7899582	-1.253299	8.7467012
834	-1.1359593	-1.2367771	8.7632227
835	-.068955965	-.074421629	9.9255781
836	.017451182	.011075237	10.011075
837	-1.5874087	-1.0040424	8.9959574
838	-.44136685	-.41965854	9.5803413
839	.61148	.42718634	10.427186
840	.016465232	.011540284	10.01154
841	1.9545115	1.2362446	11.236244
842	-.56363893	-.60814273	9.3918571
843	-.0040915133	-.0031291887	9.996871
844	-2.0535405	-1.2987809	8.7012196
845	-.29178885	-.32536954	9.6746302
846	-1.5894648	-1.0697142	8.9302855
847	-1.8055618	-1.7802365	8.2197638
848	-1.3073156	-1.8417014	8.1582985
849	-.09870299	-.14289561	9.8571043
850	1.0356238	.66329223	10.663292
851	-.87340581	-.68770838	9.3122921
852	-.11963727	-.095445611	9.9045544
853	2.1153691	1.3454727	11.345472
854	-.55029064	-.62866902	9.3713312
855	.67523223	.52199095	10.521991
856	.94889009	.69485533	10.694856
857	.50310379	.40292677	10.402926
858	-.68077248	-.47222993	9.52777
859	.069992073	.050057817	10.050057
860	.9444375	.59824944	10.598249
861	-.23867217	-.1816029	9.8183975
862	.95091736	.61368424	10.613685
863	-.22231032	-.17051421	9.8294859
864	-1.0906577	-.70221549	9.2977848
865	.023907505	.019223675	10.019223
866	-.48416105	-.30628106	9.6937189
867	1.2418139	.83016354	10.830164
868	.78158408	.67442405	10.674424
869	.59960389	.4749468	10.474947
870	.021232288	.015204264	10.015204
871	-.84273666	-.53307045	9.4669294
872	2.4826558	1.8278856	11.827886
873	.27574962	.39679047	10.396791
874	.53304273	.36881062	10.368811
875	-1.912998	-1.3087069	8.6912928
876	-.57253939	-.64174408	9.3582563
877	.6883682	.53583074	10.53583
878	-1.5826727	-1.1668466	8.8331537
879	.52536434	.54616809	10.546168
880	1.1063169	.81983221	10.819832
881	-.99474251	-.85343021	9.1465702
882	1.7691637	1.5465482	11.546548
883	-1.8678592	-2.3596509	7.6403494
884	1.1622661	2.0739129	12.073913
885	-.073921807	-.11805656	9.8819437
886	-.2920005	-.18627909	9.8137207
887	.12975098	.083822541	10.083822
888	1.7250139	1.095775	11.095775
889	-.84437531	-.8445279	9.1554718
890	-.14415783	-.12539358	9.8746061
891	-.77981114	-.49801904	9.5019808
892	-.041768152	-.030235397	9.9697647
893	.66043848	.41793656	10.417936
894	-.83023143	-.57957971	9.4204206
895	-.2014094	-.15178792	9.8482122
896	.52749407	.33838645	10.338387
897	1.6968112	1.1473916	11.147391
898	1.0689342	1.0996282	11.099628
899	-.026186118	-.02624616	9.9737539
900	-.79522377	-.50316018	9.4968395
901	-2.0419531	-1.4817674	8.5182323
902	-.5530982	-.67691118	9.3230886
903	.72016686	.57120824	10.571208
904	.57025278	.42793259	10.427933
905	-1.8842211	-1.3210568	8.6789436
906	.017246783	.019455988	10.019456
907	-.16657704	-.1053775	9.8946228
908	1.9722177	1.255967	11.255967
909	1.3580477	1.4806623	11.480662
910	.73589319	.90013319	10.900133
911	1.1328305	1.0164715	11.016472
912	.85458755	.81817871	10.818179
913	.22731327	.19484185	10.194841
914	-2.4704971	-1.599123	8.400877
915	-1.6252643	-2.1057036	7.8942966
916	-.29554451	-.47810605	9.5218935
917	-1.2268727	-.87984198	9.1201582
918	-1.7946591	-1.592158	8.4078417
919	-.21465121	-.27718142	9.7228184
920	-.18136825	-.12008917	9.8799105
921	-.88480604	-.56462187	9.4353781
922	1.0631133	.79513413	10.795135
923	1.5014046	1.270546	11.270546
924	.18370858	.20184077	10.20184
925	-2.647238	-1.7163615	8.283638
926	-1.0339179	-1.4149756	8.5850239
927	.79362482	.93939102	10.939391
928	1.6561493	1.5189947	11.518994
929	-.47209311	-.58844703	9.4115534
930	-.052375	-.03965085	9.9603491
931	-2.2333686	-1.4138936	8.5861063
932	-.51685959	-.61145771	9.3885422
933	.56550455	.4332445	10.433245
934	-.88269216	-.62030739	9.379693
935	1.0261321	.78978223	10.789783
936	.54429412	.45923653	10.459236
937	-.44003376	-.31284174	9.6871586
938	.15258996	.10223926	10.10224
939	-.86090279	-.54802829	9.451972
940	.47637606	.35334373	10.353344
941	.52364403	.35608792	10.356088
942	1.0181756	.69310713	10.693108
943	-1.0543714	-.84362805	9.1563721
944	.44878343	.39017174	10.390172
945	-.40883031	-.28209797	9.7179022
946	.59780085	.39644143	10.396441
947	.24483411	.16937546	10.169375
948	.6129446	.39454976	10.394549
949	1.5730026	1.0873474	11.087347
950	.95944256	.95519346	10.955194
951	1.6627834	1.5385889	11.538589
952	.47011638	.59160513	10.591605
953	.62237531	.47193876	10.471939
954	-1.081208	-.77316815	9.2268314
955	-.7175324	-.59985644	9.4001436
956	-2.5572381	-1.94739	8.0526104
957	2.2805228	3.4556987	13.455699
958	1.323553	3.3407397	13.34074
959	.93150413	2.2779553	12.277955
960	-.38816282	-.67170566	9.3282948
961	-.26023066	-.20582817	9.7941723
962	1.0993772	.71348023	10.71348
963	-.10354686	-.083772354	9.9162273
964	1.0137142	.64393508	10.643935
965	-.51478219	-.40117562	9.5988245
966	.15994996	.11087093	10.110871
967	.83480382	.53201711	10.532017
968	.84402281	.62110049	10.6211
969	-1.2812471	-.9865461	9.0134535
970	.13526195	.12736453	10.127364
971	.58714849	.37509131	10.375092
972	1.5899938	1.0904468	11.090446
973	-.79160321	-.78943807	9.2105618
974	-.91350365	-.77060205	9.2293978
975	1.5114516	1.2617804	11.261781
976	-1.841621	-2.0140674	7.9859324
977	.022004141	.034288593	10.034288
978	-.95310754	-.60324091	9.396759
979	1.6564435	1.2636284	11.263628
980	-.003733631	-.0040872232	9.9959126
981	-.96263254	-.6088286	9.3911715
982	.71395987	.54623115	10.546231
983	.4324705	.32049078	10.320491
984	-.18666448	-.12540703	9.8745928
985	-1.3935394	-.88997263	9.1100273
986	1.293723	1.1542631	11.154263
987	-.9524191	-.98342139	9.0165787
988	.20130576	.18922301	10.189223
989	.46040133	.29762825	10.297628
990	-.069772698	-.046507116	9.9534931
991	-.42469984	-.26896662	9.7310333
992	.68404603	.45176646	10.451766
993	1.1912664	.84407467	10.844074
994	1.6954534	1.4743924	11.474392
995	.37427837	.45639199	10.456392
996	-.28086627	-.19942431	9.8005753
997	.92196405	.5974192	10.597419
998	.24052803	.18293653	10.182937
999	1.5787308	1.0191474	11.019148
1000	1.2937832	1.2405018	11.240501
