date	adjclose__DJI
03jan2000	
04jan2000	10997.9296875
05jan2000	11122.650390625
06jan2000	11253.259765625
07jan2000	11522.5595703125
10jan2000	11572.2001953125
11jan2000	11511.080078125
12jan2000	11551.099609375
13jan2000	11582.4296875
14jan2000	11722.98046875
18jan2000	11560.7197265625
19jan2000	11489.3603515625
20jan2000	11351.2998046875
21jan2000	11251.7099609375
24jan2000	11008.169921875
25jan2000	11029.8896484375
26jan2000	11032.990234375
27jan2000	11028.01953125
28jan2000	10738.8701171875
31jan2000	10940.5302734375
01feb2000	11041.0498046875
02feb2000	11003.2001953125
03feb2000	11013.4404296875
04feb2000	10963.7998046875
07feb2000	10905.7900390625
08feb2000	10957.599609375
09feb2000	10699.16015625
10feb2000	10643.6298828125
11feb2000	10425.2099609375
14feb2000	10519.83984375
15feb2000	10718.08984375
16feb2000	10561.41015625
17feb2000	10514.5703125
18feb2000	10219.51953125
22feb2000	10304.83984375
23feb2000	10225.73046875
24feb2000	10092.6298828125
25feb2000	9862.1201171875
28feb2000	10038.650390625
29feb2000	10128.3095703125
01mar2000	10137.9296875
02mar2000	10164.919921875
03mar2000	10367.2001953125
06mar2000	10170.5
07mar2000	9796.0302734375
08mar2000	9856.5302734375
09mar2000	10010.73046875
10mar2000	9928.8203125
13mar2000	9947.1298828125
14mar2000	9811.240234375
15mar2000	10131.41015625
16mar2000	10630.599609375
17mar2000	10595.23046875
20mar2000	10680.240234375
21mar2000	10907.33984375
22mar2000	10866.7001953125
23mar2000	11119.8603515625
24mar2000	11112.7197265625
27mar2000	11025.849609375
28mar2000	10936.1103515625
29mar2000	11018.7197265625
30mar2000	10980.25
31mar2000	10921.919921875
03apr2000	11221.9296875
04apr2000	11164.83984375
05apr2000	11033.919921875
06apr2000	11114.26953125
07apr2000	11111.48046875
10apr2000	11186.5595703125
11apr2000	11287.080078125
12apr2000	11125.1298828125
13apr2000	10923.5498046875
14apr2000	10305.76953125
17apr2000	10582.509765625
18apr2000	10767.419921875
19apr2000	10674.9599609375
20apr2000	10844.0498046875
24apr2000	10906.099609375
25apr2000	11124.8203125
26apr2000	10945.5
27apr2000	10888.099609375
28apr2000	10733.91015625
01may2000	10811.7802734375
02may2000	10731.1201171875
03may2000	10480.1298828125
04may2000	10412.490234375
05may2000	10577.8603515625
08may2000	10603.6298828125
09may2000	10536.75
10may2000	10367.7802734375
11may2000	10545.9697265625
12may2000	10609.3701171875
15may2000	10807.7802734375
16may2000	10934.5703125
17may2000	10769.740234375
18may2000	10777.2802734375
19may2000	10626.849609375
22may2000	10542.5498046875
23may2000	10422.26953125
24may2000	10535.349609375
25may2000	10323.919921875
26may2000	10299.240234375
30may2000	10527.1298828125
31may2000	10522.330078125
01jun2000	10652.2001953125
02jun2000	10794.759765625
05jun2000	10815.2998046875
06jun2000	10735.5703125
07jun2000	10812.8603515625
08jun2000	10668.7197265625
09jun2000	10614.0595703125
12jun2000	10564.2099609375
13jun2000	10621.83984375
14jun2000	10687.9501953125
15jun2000	10714.8203125
16jun2000	10449.2998046875
19jun2000	10557.83984375
20jun2000	10435.16015625
21jun2000	10497.740234375
22jun2000	10376.1201171875
23jun2000	10404.75
26jun2000	10542.990234375
27jun2000	10504.4599609375
28jun2000	10527.7900390625
29jun2000	10398.0400390625
30jun2000	10447.8896484375
03jul2000	10560.669921875
05jul2000	10483.599609375
06jul2000	10481.4697265625
07jul2000	10635.98046875
10jul2000	10646.580078125
11jul2000	10727.1904296875
12jul2000	10783.759765625
13jul2000	10788.7099609375
14jul2000	10812.75
17jul2000	10804.26953125
18jul2000	10739.919921875
19jul2000	10696.080078125
20jul2000	10843.8701171875
21jul2000	10733.5595703125
24jul2000	10685.1201171875
25jul2000	10699.9697265625
26jul2000	10516.48046875
27jul2000	10586.1298828125
28jul2000	10511.169921875
31jul2000	10521.98046875
01aug2000	10606.9501953125
02aug2000	10687.5302734375
03aug2000	10706.580078125
04aug2000	10767.75
07aug2000	10867.009765625
08aug2000	10976.8896484375
09aug2000	10905.830078125
10aug2000	10908.759765625
11aug2000	11027.7998046875
14aug2000	11176.1396484375
15aug2000	11067
16aug2000	11008.3896484375
17aug2000	11055.6396484375
18aug2000	11046.48046875
21aug2000	11079.8095703125
22aug2000	11139.150390625
23aug2000	11144.650390625
24aug2000	11182.740234375
25aug2000	11192.6298828125
28aug2000	11252.83984375
29aug2000	11215.099609375
30aug2000	11103.009765625
31aug2000	11215.099609375
01sep2000	11238.7802734375
05sep2000	11260.6103515625
06sep2000	11310.6396484375
07sep2000	11259.8701171875
08sep2000	11220.650390625
11sep2000	11195.490234375
12sep2000	11233.23046875
13sep2000	11182.1796875
14sep2000	11087.4697265625
15sep2000	10927
18sep2000	10808.51953125
19sep2000	10789.2900390625
20sep2000	10687.919921875
21sep2000	10765.51953125
22sep2000	10847.3701171875
25sep2000	10808.150390625
26sep2000	10631.3203125
27sep2000	10628.3603515625
28sep2000	10824.0595703125
29sep2000	10650.919921875
02oct2000	10700.1298828125
03oct2000	10719.740234375
04oct2000	10784.48046875
05oct2000	10724.919921875
06oct2000	10596.5400390625
09oct2000	10568.4296875
10oct2000	10524.400390625
11oct2000	10413.7900390625
12oct2000	10034.580078125
13oct2000	10192.1796875
16oct2000	10238.7998046875
17oct2000	10089.7099609375
18oct2000	9975.01953125
19oct2000	10142.98046875
20oct2000	10226.58984375
23oct2000	10271.7197265625
24oct2000	10393.0703125
25oct2000	10326.48046875
26oct2000	10380.1201171875
27oct2000	10590.6201171875
30oct2000	10835.76953125
31oct2000	10971.1396484375
01nov2000	10899.4697265625
02nov2000	10880.509765625
03nov2000	10817.9501953125
06nov2000	10977.2099609375
07nov2000	10952.1796875
08nov2000	10907.0595703125
09nov2000	10834.25
10nov2000	10602.9501953125
13nov2000	10517.25
14nov2000	10681.0595703125
15nov2000	10707.599609375
16nov2000	10656.0302734375
17nov2000	10629.8701171875
20nov2000	10462.650390625
21nov2000	10494.5
22nov2000	10399.3203125
24nov2000	10470.23046875
27nov2000	10546.0703125
28nov2000	10507.580078125
29nov2000	10629.1103515625
30nov2000	10414.490234375
01dec2000	10373.5400390625
04dec2000	10560.9501953125
05dec2000	10898.7197265625
06dec2000	10664.3798828125
07dec2000	10617.3603515625
08dec2000	10712.91015625
11dec2000	10725.7998046875
12dec2000	10768.26953125
13dec2000	10794.4404296875
14dec2000	10674.990234375
15dec2000	10434.9599609375
18dec2000	10645.419921875
19dec2000	10584.3701171875
20dec2000	10318.9296875
21dec2000	10487.2900390625
22dec2000	10635.5595703125
26dec2000	10692.4404296875
27dec2000	10803.16015625
28dec2000	10868.759765625
29dec2000	10787.990234375
02jan2001	10646.150390625
03jan2001	10945.75
04jan2001	10912.41015625
05jan2001	10662.009765625
08jan2001	10621.349609375
09jan2001	10572.5498046875
10jan2001	10604.26953125
11jan2001	10609.5498046875
12jan2001	10525.3798828125
16jan2001	10652.66015625
17jan2001	10584.33984375
18jan2001	10678.2802734375
19jan2001	10587.58984375
22jan2001	10578.240234375
23jan2001	10649.8095703125
24jan2001	10646.9697265625
25jan2001	10729.51953125
26jan2001	10659.98046875
29jan2001	10702.1904296875
30jan2001	10881.2001953125
31jan2001	10887.3603515625
01feb2001	10983.6298828125
02feb2001	10864.099609375
05feb2001	10965.849609375
06feb2001	10957.419921875
07feb2001	10946.7197265625
08feb2001	10880.5498046875
09feb2001	10781.4501953125
12feb2001	10946.76953125
13feb2001	10903.3203125
14feb2001	10795.41015625
15feb2001	10891.01953125
16feb2001	10799.8203125
20feb2001	10730.8798828125
21feb2001	10526.580078125
22feb2001	10526.8095703125
23feb2001	10441.900390625
26feb2001	10642.5302734375
27feb2001	10636.8798828125
28feb2001	10495.2802734375
01mar2001	10450.1396484375
02mar2001	10466.3095703125
05mar2001	10562.2998046875
06mar2001	10591.2197265625
07mar2001	10729.599609375
08mar2001	10858.25
09mar2001	10644.6201171875
12mar2001	10208.25
13mar2001	10290.7998046875
14mar2001	9973.4599609375
15mar2001	10031.2802734375
16mar2001	9823.41015625
19mar2001	9959.1103515625
20mar2001	9720.759765625
21mar2001	9487
22mar2001	9389.48046875
23mar2001	9504.7802734375
26mar2001	9687.5302734375
27mar2001	9947.5400390625
28mar2001	9785.349609375
29mar2001	9799.0595703125
30mar2001	9878.7802734375
02apr2001	9777.9296875
03apr2001	9485.7099609375
04apr2001	9515.419921875
05apr2001	9918.0498046875
06apr2001	9791.08984375
09apr2001	9845.150390625
10apr2001	10102.740234375
11apr2001	10013.4697265625
12apr2001	10126.9404296875
16apr2001	10158.5595703125
17apr2001	10216.73046875
18apr2001	10615.830078125
19apr2001	10693.7099609375
20apr2001	10579.849609375
23apr2001	10532.23046875
24apr2001	10454.33984375
25apr2001	10625.2001953125
26apr2001	10692.349609375
27apr2001	10810.0498046875
30apr2001	10734.9697265625
01may2001	10898.33984375
02may2001	10876.6796875
03may2001	10796.650390625
04may2001	10951.240234375
07may2001	10935.169921875
08may2001	10883.509765625
09may2001	10866.98046875
10may2001	10910.4404296875
11may2001	10821.3095703125
14may2001	10877.330078125
15may2001	10872.9697265625
16may2001	11215.919921875
17may2001	11248.580078125
18may2001	11301.740234375
21may2001	11337.919921875
22may2001	11257.240234375
23may2001	11105.509765625
24may2001	11122.419921875
25may2001	11005.3701171875
29may2001	11039.1396484375
30may2001	10872.6396484375
31may2001	10911.9404296875
01jun2001	10990.41015625
04jun2001	11061.51953125
05jun2001	11175.83984375
06jun2001	11070.240234375
07jun2001	11090.740234375
08jun2001	10977
11jun2001	10922.08984375
12jun2001	10948.3798828125
13jun2001	10871.6201171875
14jun2001	10690.1298828125
15jun2001	10623.6396484375
18jun2001	10645.3798828125
19jun2001	10596.669921875
20jun2001	10647.330078125
21jun2001	10715.4296875
22jun2001	10604.58984375
25jun2001	10504.2197265625
26jun2001	10472.48046875
27jun2001	10434.83984375
28jun2001	10566.2099609375
29jun2001	10502.400390625
02jul2001	10593.7197265625
03jul2001	10571.1103515625
05jul2001	10479.8603515625
06jul2001	10252.6796875
09jul2001	10299.400390625
10jul2001	10175.6396484375
11jul2001	10241.01953125
12jul2001	10478.990234375
13jul2001	10539.0595703125
16jul2001	10472.1201171875
17jul2001	10606.3896484375
18jul2001	10569.830078125
19jul2001	10610
20jul2001	10576.650390625
23jul2001	10424.419921875
24jul2001	10241.1201171875
25jul2001	10405.669921875
26jul2001	10455.6298828125
27jul2001	10416.669921875
30jul2001	10401.7197265625
31jul2001	10522.8095703125
01aug2001	10510.009765625
02aug2001	10551.1796875
03aug2001	10512.7802734375
06aug2001	10401.3095703125
07aug2001	10458.740234375
08aug2001	10293.5
09aug2001	10298.5595703125
10aug2001	10416.25
13aug2001	10415.91015625
14aug2001	10412.169921875
15aug2001	10345.9501953125
16aug2001	10392.51953125
17aug2001	10240.7802734375
20aug2001	10320.0703125
21aug2001	10174.1396484375
22aug2001	10276.900390625
23aug2001	10229.150390625
24aug2001	10423.169921875
27aug2001	10382.349609375
28aug2001	10222.0302734375
29aug2001	10090.900390625
30aug2001	9919.580078125
31aug2001	9949.75
04sep2001	9997.490234375
05sep2001	10033.26953125
06sep2001	9840.83984375
07sep2001	9605.849609375
10sep2001	9605.509765625
17sep2001	8920.7001953125
18sep2001	8903.400390625
19sep2001	8759.1298828125
20sep2001	8376.2099609375
21sep2001	8235.8095703125
24sep2001	8603.8603515625
25sep2001	8659.9697265625
26sep2001	8567.3896484375
27sep2001	8681.419921875
28sep2001	8847.5595703125
01oct2001	8836.830078125
02oct2001	8950.58984375
03oct2001	9123.7802734375
04oct2001	9060.8798828125
05oct2001	9119.76953125
08oct2001	9067.9404296875
09oct2001	9052.4404296875
10oct2001	9240.8603515625
11oct2001	9410.4501953125
12oct2001	9344.16015625
15oct2001	9347.6201171875
16oct2001	9384.23046875
17oct2001	9232.9697265625
18oct2001	9163.2197265625
19oct2001	9204.1103515625
22oct2001	9377.0302734375
23oct2001	9340.080078125
24oct2001	9345.6201171875
25oct2001	9462.900390625
26oct2001	9545.169921875
29oct2001	9269.5
30oct2001	9121.98046875
31oct2001	9075.1396484375
01nov2001	9263.900390625
02nov2001	9323.5400390625
05nov2001	9441.0302734375
06nov2001	9591.1201171875
07nov2001	9554.3701171875
08nov2001	9587.51953125
09nov2001	9608
12nov2001	9554.3701171875
13nov2001	9750.9501953125
14nov2001	9823.6103515625
15nov2001	9872.3896484375
16nov2001	9866.990234375
19nov2001	9976.4599609375
20nov2001	9901.3798828125
21nov2001	9834.6796875
23nov2001	9959.7099609375
26nov2001	9982.75
27nov2001	9872.599609375
28nov2001	9711.8603515625
29nov2001	9829.419921875
30nov2001	9851.5595703125
03dec2001	9763.9599609375
04dec2001	9893.83984375
05dec2001	10114.2900390625
06dec2001	10099.1396484375
07dec2001	10049.4599609375
10dec2001	9921.4501953125
11dec2001	9888.3701171875
12dec2001	9894.8095703125
13dec2001	9766.4501953125
14dec2001	9811.150390625
17dec2001	9891.9697265625
18dec2001	9998.3896484375
19dec2001	10070.490234375
20dec2001	9985.1796875
21dec2001	10035.33984375
24dec2001	10035.33984375
26dec2001	10088.1396484375
27dec2001	10131.3095703125
28dec2001	10136.990234375
31dec2001	10021.5703125
02jan2002	10073.400390625
03jan2002	10172.1396484375
04jan2002	10259.740234375
07jan2002	10197.0498046875
08jan2002	10150.5498046875
09jan2002	10094.08984375
10jan2002	10067.8603515625
11jan2002	9987.5302734375
14jan2002	9891.419921875
15jan2002	9924.150390625
16jan2002	9712.26953125
17jan2002	9850.0400390625
18jan2002	9771.849609375
22jan2002	9713.7998046875
23jan2002	9730.9599609375
24jan2002	9796.0703125
25jan2002	9840.080078125
28jan2002	9865.75
29jan2002	9618.240234375
30jan2002	9762.8603515625
31jan2002	9920
01feb2002	9907.259765625
04feb2002	9687.08984375
05feb2002	9685.4296875
06feb2002	9653.3896484375
07feb2002	9625.4404296875
08feb2002	9744.240234375
11feb2002	9884.7802734375
12feb2002	9863.740234375
13feb2002	9989.669921875
14feb2002	10001.990234375
15feb2002	9903.0400390625
19feb2002	9745.1396484375
20feb2002	9941.169921875
21feb2002	9834.6796875
22feb2002	9968.150390625
25feb2002	10145.7099609375
26feb2002	10115.259765625
27feb2002	10127.580078125
28feb2002	10106.1298828125
01mar2002	10368.8603515625
04mar2002	10586.8203125
05mar2002	10433.41015625
06mar2002	10574.2900390625
07mar2002	10525.3701171875
08mar2002	10572.490234375
11mar2002	10611.240234375
12mar2002	10632.349609375
13mar2002	10501.849609375
14mar2002	10517.1396484375
15mar2002	10607.23046875
18mar2002	10577.75
19mar2002	10635.25
20mar2002	10501.5703125
21mar2002	10479.83984375
22mar2002	10427.669921875
25mar2002	10281.669921875
26mar2002	10353.3603515625
27mar2002	10426.91015625
28mar2002	10403.9404296875
01apr2002	10362.7001953125
02apr2002	10313.7099609375
03apr2002	10198.2900390625
04apr2002	10235.169921875
05apr2002	10271.6396484375
08apr2002	10249.080078125
09apr2002	10208.669921875
10apr2002	10381.73046875
11apr2002	10176.080078125
12apr2002	10190.8203125
15apr2002	10093.669921875
16apr2002	10301.3203125
17apr2002	10220.7802734375
18apr2002	10205.2802734375
19apr2002	10257.1103515625
22apr2002	10136.4296875
23apr2002	10089.240234375
24apr2002	10030.4296875
25apr2002	10035.0595703125
26apr2002	9910.7197265625
29apr2002	9819.8701171875
30apr2002	9946.2197265625
01may2002	10059.6298828125
02may2002	10091.8701171875
03may2002	10006.6298828125
06may2002	9808.0400390625
07may2002	9836.5498046875
08may2002	10141.830078125
09may2002	10037.419921875
10may2002	9939.919921875
13may2002	10109.66015625
14may2002	10298.1396484375
15may2002	10243.6796875
16may2002	10289.2099609375
17may2002	10353.080078125
20may2002	10229.5
21may2002	10105.7099609375
22may2002	10157.8798828125
23may2002	10216.080078125
24may2002	10104.259765625
28may2002	9981.580078125
29may2002	9923.0400390625
30may2002	9911.6904296875
31may2002	9925.25
03jun2002	9709.7900390625
04jun2002	9687.83984375
05jun2002	9796.7998046875
06jun2002	9624.6396484375
07jun2002	9589.669921875
10jun2002	9645.400390625
11jun2002	9517.259765625
12jun2002	9617.7099609375
13jun2002	9502.7998046875
14jun2002	9474.2099609375
17jun2002	9687.419921875
18jun2002	9706.1201171875
19jun2002	9561.5703125
20jun2002	9431.76953125
21jun2002	9253.7900390625
24jun2002	9281.8203125
25jun2002	9126.8203125
26jun2002	9120.1103515625
27jun2002	9269.919921875
28jun2002	9243.259765625
01jul2002	9109.7900390625
02jul2002	9007.75
03jul2002	9054.9697265625
05jul2002	9379.5
08jul2002	9274.900390625
09jul2002	9096.08984375
10jul2002	8813.5
11jul2002	8801.5302734375
12jul2002	8684.5302734375
15jul2002	8639.1904296875
16jul2002	8473.1103515625
17jul2002	8542.48046875
18jul2002	8409.490234375
19jul2002	8019.259765625
22jul2002	7784.580078125
23jul2002	7702.33984375
24jul2002	8191.2900390625
25jul2002	8186.31005859375
26jul2002	8264.3896484375
29jul2002	8711.8798828125
30jul2002	8680.0302734375
31jul2002	8736.58984375
01aug2002	8506.6201171875
02aug2002	8313.1298828125
05aug2002	8043.6298828125
06aug2002	8274.08984375
07aug2002	8456.150390625
08aug2002	8712.01953125
09aug2002	8745.4501953125
12aug2002	8688.8896484375
13aug2002	8482.3896484375
14aug2002	8743.3095703125
15aug2002	8818.1396484375
16aug2002	8778.0595703125
19aug2002	8990.7900390625
20aug2002	8872.0703125
21aug2002	8957.23046875
22aug2002	9053.6396484375
23aug2002	8872.9599609375
26aug2002	8919.009765625
27aug2002	8824.41015625
28aug2002	8694.08984375
29aug2002	8670.990234375
30aug2002	8663.5
03sep2002	8308.0498046875
04sep2002	8425.1201171875
05sep2002	8283.7001953125
06sep2002	8427.2001953125
09sep2002	8519.3798828125
10sep2002	8602.6103515625
11sep2002	8581.169921875
12sep2002	8379.41015625
13sep2002	8312.6904296875
16sep2002	8380.1796875
17sep2002	8207.5498046875
18sep2002	8172.4501953125
19sep2002	7942.39013671875
20sep2002	7986.02001953125
23sep2002	7872.14990234375
24sep2002	7683.1298828125
25sep2002	7841.81982421875
26sep2002	7997.1201171875
27sep2002	7701.4501953125
30sep2002	7591.93017578125
01oct2002	7938.7900390625
02oct2002	7755.60986328125
03oct2002	7717.18994140625
04oct2002	7528.39990234375
07oct2002	7422.83984375
08oct2002	7501.490234375
09oct2002	7286.27001953125
10oct2002	7533.9501953125
11oct2002	7850.2900390625
14oct2002	7877.39990234375
15oct2002	8255.6796875
16oct2002	8036.02978515625
17oct2002	8275.0400390625
18oct2002	8322.400390625
21oct2002	8538.240234375
22oct2002	8450.16015625
23oct2002	8494.26953125
24oct2002	8317.33984375
25oct2002	8443.990234375
28oct2002	8368.0400390625
29oct2002	8368.9404296875
30oct2002	8427.41015625
31oct2002	8397.0302734375
01nov2002	8517.6396484375
04nov2002	8571.599609375
05nov2002	8678.26953125
06nov2002	8771.009765625
07nov2002	8586.240234375
08nov2002	8537.1298828125
11nov2002	8358.9501953125
12nov2002	8386
13nov2002	8398.490234375
14nov2002	8542.1298828125
15nov2002	8579.08984375
18nov2002	8486.5703125
19nov2002	8474.7802734375
20nov2002	8623.009765625
21nov2002	8845.150390625
22nov2002	8804.83984375
25nov2002	8849.400390625
26nov2002	8676.419921875
27nov2002	8931.6796875
29nov2002	8896.08984375
02dec2002	8862.5703125
03dec2002	8742.9296875
04dec2002	8737.849609375
05dec2002	8623.2802734375
06dec2002	8645.76953125
09dec2002	8473.41015625
10dec2002	8574.259765625
11dec2002	8589.1396484375
12dec2002	8538.400390625
13dec2002	8433.7099609375
16dec2002	8627.400390625
17dec2002	8535.3896484375
18dec2002	8447.349609375
19dec2002	8364.7998046875
20dec2002	8511.3203125
23dec2002	8493.2900390625
24dec2002	8448.1103515625
26dec2002	8432.6103515625
27dec2002	8303.7802734375
30dec2002	8332.849609375
31dec2002	8341.6298828125
02jan2003	8607.51953125
03jan2003	8601.6904296875
06jan2003	8773.5703125
07jan2003	8740.58984375
08jan2003	8595.3095703125
09jan2003	8776.1796875
10jan2003	8784.8896484375
13jan2003	8785.98046875
14jan2003	8842.6201171875
15jan2003	8723.1796875
16jan2003	8697.8701171875
17jan2003	8586.740234375
21jan2003	8442.900390625
22jan2003	8318.73046875
23jan2003	8369.4697265625
24jan2003	8131.009765625
27jan2003	7989.56005859375
28jan2003	8088.83984375
29jan2003	8110.7099609375
30jan2003	7945.1298828125
31jan2003	8053.81005859375
03feb2003	8109.81982421875
04feb2003	8013.2900390625
05feb2003	7985.18017578125
06feb2003	7929.2998046875
07feb2003	7864.22998046875
10feb2003	7920.10986328125
11feb2003	7843.10986328125
12feb2003	7758.169921875
13feb2003	7749.8701171875
14feb2003	7908.7998046875
18feb2003	8041.14990234375
19feb2003	8000.60009765625
20feb2003	7914.9599609375
21feb2003	8018.10986328125
24feb2003	7858.240234375
25feb2003	7909.5
26feb2003	7806.97998046875
27feb2003	7884.990234375
28feb2003	7891.080078125
03mar2003	7837.85986328125
04mar2003	7704.8701171875
05mar2003	7775.60009765625
06mar2003	7673.990234375
07mar2003	7740.02978515625
10mar2003	7568.18017578125
11mar2003	7524.06005859375
12mar2003	7552.06982421875
13mar2003	7821.75
14mar2003	7859.7099609375
17mar2003	8141.919921875
18mar2003	8194.23046875
19mar2003	8265.4501953125
20mar2003	8286.599609375
21mar2003	8521.9697265625
24mar2003	8214.6796875
25mar2003	8280.23046875
26mar2003	8229.8798828125
27mar2003	8201.4501953125
28mar2003	8145.77001953125
31mar2003	7992.1298828125
01apr2003	8069.85986328125
02apr2003	8285.0595703125
03apr2003	8240.3798828125
04apr2003	8277.150390625
07apr2003	8300.41015625
08apr2003	8298.919921875
09apr2003	8197.9404296875
10apr2003	8221.330078125
11apr2003	8203.41015625
14apr2003	8351.099609375
15apr2003	8402.3603515625
16apr2003	8257.6103515625
17apr2003	8337.650390625
21apr2003	8328.900390625
22apr2003	8484.990234375
23apr2003	8515.66015625
24apr2003	8440.0400390625
25apr2003	8306.349609375
28apr2003	8471.6103515625
29apr2003	8502.990234375
30apr2003	8480.08984375
01may2003	8454.25
02may2003	8582.6796875
05may2003	8531.5703125
06may2003	8588.3603515625
07may2003	8560.6298828125
08may2003	8491.2197265625
09may2003	8604.599609375
12may2003	8726.73046875
13may2003	8679.25
14may2003	8647.8203125
15may2003	8713.1396484375
16may2003	8678.9697265625
19may2003	8493.3896484375
20may2003	8491.3603515625
21may2003	8516.4296875
22may2003	8594.01953125
23may2003	8601.3798828125
27may2003	8781.349609375
28may2003	8793.1201171875
29may2003	8711.1796875
30may2003	8850.259765625
02jun2003	8897.8095703125
03jun2003	8922.9501953125
04jun2003	9038.98046875
05jun2003	9041.2998046875
06jun2003	9062.7900390625
09jun2003	8980
10jun2003	9054.8896484375
11jun2003	9183.2197265625
12jun2003	9196.5498046875
13jun2003	9117.1201171875
16jun2003	9318.9599609375
17jun2003	9323.01953125
18jun2003	9293.7998046875
19jun2003	9179.5302734375
20jun2003	9200.75
23jun2003	9072.9501953125
24jun2003	9109.849609375
25jun2003	9011.5302734375
26jun2003	9079.0400390625
27jun2003	8989.0498046875
30jun2003	8985.4404296875
01jul2003	9040.9501953125
02jul2003	9142.83984375
03jul2003	9070.2099609375
07jul2003	9216.7900390625
08jul2003	9223.08984375
09jul2003	9156.2099609375
10jul2003	9036.0400390625
11jul2003	9119.58984375
14jul2003	9177.150390625
15jul2003	9128.9697265625
16jul2003	9094.58984375
17jul2003	9050.8203125
18jul2003	9188.150390625
21jul2003	9096.6904296875
22jul2003	9158.4501953125
23jul2003	9194.240234375
24jul2003	9112.509765625
25jul2003	9284.5703125
28jul2003	9266.509765625
29jul2003	9204.4599609375
30jul2003	9200.0498046875
31jul2003	9233.7998046875
01aug2003	9153.9697265625
04aug2003	9186.0400390625
05aug2003	9036.3203125
06aug2003	9061.740234375
07aug2003	9126.4501953125
08aug2003	9191.08984375
11aug2003	9217.349609375
12aug2003	9310.0595703125
13aug2003	9271.759765625
14aug2003	9310.5595703125
15aug2003	9321.6904296875
18aug2003	9412.4501953125
19aug2003	9428.900390625
20aug2003	9397.509765625
21aug2003	9423.6796875
22aug2003	9348.8701171875
25aug2003	9317.6396484375
26aug2003	9340.4501953125
27aug2003	9333.7900390625
28aug2003	9374.2099609375
29aug2003	9415.8203125
02sep2003	9523.26953125
03sep2003	9568.4599609375
04sep2003	9587.900390625
05sep2003	9503.33984375
08sep2003	9586.2900390625
09sep2003	9507.2001953125
10sep2003	9420.4599609375
11sep2003	9459.759765625
12sep2003	9471.5498046875
15sep2003	9448.8095703125
16sep2003	9567.33984375
17sep2003	9545.650390625
18sep2003	9659.1298828125
19sep2003	9644.8203125
22sep2003	9535.41015625
23sep2003	9576.0400390625
24sep2003	9425.509765625
25sep2003	9343.9599609375
26sep2003	9313.080078125
29sep2003	9380.240234375
30sep2003	9275.0595703125
01oct2003	9469.2001953125
02oct2003	9487.7998046875
03oct2003	9572.3095703125
06oct2003	9594.98046875
07oct2003	9654.6103515625
08oct2003	9630.900390625
09oct2003	9680.009765625
10oct2003	9674.6796875
13oct2003	9764.3798828125
14oct2003	9812.98046875
15oct2003	9803.0498046875
16oct2003	9791.7197265625
17oct2003	9721.7900390625
20oct2003	9777.9404296875
21oct2003	9747.6396484375
22oct2003	9598.240234375
23oct2003	9613.1298828125
24oct2003	9582.4599609375
27oct2003	9608.16015625
28oct2003	9748.3095703125
29oct2003	9774.5302734375
30oct2003	9786.6103515625
31oct2003	9801.1201171875
03nov2003	9858.4599609375
04nov2003	9838.830078125
05nov2003	9820.830078125
06nov2003	9856.9697265625
07nov2003	9809.7900390625
10nov2003	9756.5302734375
11nov2003	9737.7900390625
12nov2003	9848.830078125
13nov2003	9837.9404296875
14nov2003	9768.6796875
17nov2003	9710.830078125
18nov2003	9624.16015625
19nov2003	9690.4599609375
20nov2003	9619.419921875
21nov2003	9628.5302734375
24nov2003	9747.7900390625
25nov2003	9763.9404296875
26nov2003	9779.5703125
28nov2003	9782.4599609375
01dec2003	9899.0498046875
02dec2003	9853.6396484375
03dec2003	9873.419921875
04dec2003	9930.8203125
05dec2003	9862.6796875
08dec2003	9965.26953125
09dec2003	9923.419921875
10dec2003	9921.8603515625
11dec2003	10008.16015625
12dec2003	10042.16015625
15dec2003	10022.8203125
16dec2003	10129.5595703125
17dec2003	10145.259765625
18dec2003	10248.080078125
19dec2003	10278.2197265625
22dec2003	10338
23dec2003	10341.259765625
24dec2003	10305.1904296875
26dec2003	10324.669921875
29dec2003	10450
30dec2003	10425.0400390625
31dec2003	10453.919921875
02jan2004	10409.849609375
05jan2004	10544.0703125
06jan2004	10538.66015625
07jan2004	10529.0302734375
08jan2004	10592.4404296875
09jan2004	10458.8896484375
12jan2004	10485.1796875
13jan2004	10427.1796875
14jan2004	10538.3701171875
15jan2004	10553.849609375
16jan2004	10600.509765625
20jan2004	10528.66015625
21jan2004	10623.6201171875
22jan2004	10623.1796875
23jan2004	10568.2900390625
26jan2004	10702.509765625
27jan2004	10609.919921875
28jan2004	10468.3701171875
29jan2004	10510.2900390625
30jan2004	10488.0703125
02feb2004	10499.1796875
03feb2004	10505.1796875
04feb2004	10470.740234375
05feb2004	10495.5498046875
06feb2004	10593.0302734375
09feb2004	10579.0302734375
10feb2004	10613.849609375
11feb2004	10737.7001953125
12feb2004	10694.0703125
13feb2004	10627.849609375
17feb2004	10714.8798828125
18feb2004	10671.990234375
19feb2004	10664.73046875
20feb2004	10619.0302734375
23feb2004	10609.6201171875
24feb2004	10566.3701171875
25feb2004	10601.6201171875
26feb2004	10580.1396484375
27feb2004	10583.919921875
01mar2004	10678.1396484375
02mar2004	10591.48046875
03mar2004	10593.1103515625
04mar2004	10588
05mar2004	10595.5498046875
08mar2004	10529.48046875
09mar2004	10456.9599609375
10mar2004	10296.8896484375
11mar2004	10128.3798828125
12mar2004	10240.080078125
15mar2004	10102.8896484375
16mar2004	10184.669921875
17mar2004	10300.2998046875
18mar2004	10295.7802734375
19mar2004	10186.599609375
22mar2004	10064.75
23mar2004	10063.6396484375
24mar2004	10048.23046875
25mar2004	10218.8203125
26mar2004	10212.9697265625
29mar2004	10329.6298828125
30mar2004	10381.7001953125
31mar2004	10357.7001953125
01apr2004	10373.330078125
02apr2004	10470.58984375
05apr2004	10558.3701171875
06apr2004	10570.8095703125
07apr2004	10480.150390625
08apr2004	10442.0302734375
12apr2004	10515.5595703125
13apr2004	10381.2802734375
14apr2004	10377.9501953125
15apr2004	10397.4599609375
16apr2004	10451.9697265625
19apr2004	10437.849609375
20apr2004	10314.5
21apr2004	10317.26953125
22apr2004	10461.2001953125
23apr2004	10472.83984375
26apr2004	10444.73046875
27apr2004	10478.16015625
28apr2004	10342.599609375
29apr2004	10272.26953125
30apr2004	10225.5703125
03may2004	10314
04may2004	10317.2001953125
05may2004	10310.9501953125
06may2004	10241.259765625
07may2004	10117.33984375
10may2004	9990.01953125
11may2004	10019.4697265625
12may2004	10045.16015625
13may2004	10010.740234375
14may2004	10012.8701171875
17may2004	9906.91015625
18may2004	9968.509765625
19may2004	9937.7099609375
20may2004	9937.6396484375
21may2004	9966.740234375
24may2004	9958.4296875
25may2004	10117.6201171875
26may2004	10109.8896484375
27may2004	10205.2001953125
28may2004	10188.4501953125
01jun2004	10202.650390625
02jun2004	10262.9697265625
03jun2004	10195.91015625
04jun2004	10242.8203125
07jun2004	10391.080078125
08jun2004	10432.51953125
09jun2004	10368.4404296875
10jun2004	10410.099609375
14jun2004	10334.73046875
15jun2004	10380.4296875
16jun2004	10379.580078125
17jun2004	10377.51953125
18jun2004	10416.41015625
21jun2004	10371.4697265625
22jun2004	10395.0703125
23jun2004	10479.5703125
24jun2004	10443.8095703125
25jun2004	10371.83984375
28jun2004	10357.08984375
29jun2004	10413.4296875
30jun2004	10435.48046875
01jul2004	10334.16015625
02jul2004	10282.830078125
06jul2004	10219.33984375
07jul2004	10240.2900390625
08jul2004	10171.5595703125
09jul2004	10213.2197265625
12jul2004	10238.2197265625
13jul2004	10247.58984375
14jul2004	10208.7998046875
15jul2004	10163.16015625
16jul2004	10139.7802734375
19jul2004	10094.0595703125
20jul2004	10149.0703125
21jul2004	10046.1298828125
22jul2004	10050.330078125
23jul2004	9962.2197265625
26jul2004	9961.919921875
27jul2004	10085.1396484375
28jul2004	10117.0703125
29jul2004	10129.240234375
30jul2004	10139.7099609375
02aug2004	10179.16015625
03aug2004	10120.240234375
04aug2004	10126.509765625
05aug2004	9963.0302734375
06aug2004	9815.330078125
09aug2004	9814.66015625
10aug2004	9944.669921875
11aug2004	9938.3203125
12aug2004	9814.58984375
13aug2004	9825.349609375
16aug2004	9954.5498046875
17aug2004	9972.830078125
18aug2004	10083.150390625
19aug2004	10040.8203125
20aug2004	10110.1396484375
23aug2004	10073.0498046875
24aug2004	10098.6298828125
25aug2004	10181.740234375
26aug2004	10173.41015625
27aug2004	10195.009765625
30aug2004	10122.51953125
31aug2004	10173.919921875
01sep2004	10168.4599609375
02sep2004	10290.2802734375
03sep2004	10260.2001953125
07sep2004	10342.7900390625
08sep2004	10313.3603515625
09sep2004	10289.099609375
10sep2004	10313.0703125
13sep2004	10314.759765625
14sep2004	10318.16015625
15sep2004	10231.3603515625
16sep2004	10244.490234375
17sep2004	10284.4599609375
20sep2004	10204.8896484375
21sep2004	10244.9296875
22sep2004	10109.1796875
23sep2004	10038.900390625
24sep2004	10047.240234375
27sep2004	9988.5400390625
28sep2004	10077.400390625
29sep2004	10136.240234375
30sep2004	10080.26953125
01oct2004	10192.650390625
04oct2004	10216.5400390625
05oct2004	10177.6796875
06oct2004	10239.919921875
07oct2004	10125.400390625
08oct2004	10055.2001953125
11oct2004	10081.9697265625
12oct2004	10077.1796875
13oct2004	10002.330078125
14oct2004	9894.4501953125
15oct2004	9933.3798828125
18oct2004	9956.3203125
19oct2004	9897.6201171875
20oct2004	9886.9296875
21oct2004	9865.759765625
22oct2004	9757.8095703125
25oct2004	9749.990234375
26oct2004	9888.48046875
27oct2004	10002.0302734375
28oct2004	10004.5400390625
29oct2004	10027.4697265625
01nov2004	10054.3896484375
02nov2004	10035.73046875
03nov2004	10137.0498046875
04nov2004	10314.759765625
05nov2004	10387.5400390625
08nov2004	10391.3095703125
09nov2004	10386.3701171875
10nov2004	10385.48046875
11nov2004	10469.83984375
12nov2004	10539.009765625
15nov2004	10550.240234375
16nov2004	10487.650390625
17nov2004	10549.5703125
18nov2004	10572.5498046875
19nov2004	10456.91015625
22nov2004	10489.419921875
23nov2004	10492.599609375
24nov2004	10520.3095703125
26nov2004	10522.23046875
29nov2004	10475.900390625
30nov2004	10428.01953125
01dec2004	10590.2197265625
02dec2004	10585.1201171875
03dec2004	10592.2099609375
06dec2004	10547.0595703125
07dec2004	10440.580078125
08dec2004	10494.23046875
09dec2004	10552.8203125
10dec2004	10543.2197265625
13dec2004	10638.3203125
14dec2004	10676.4501953125
15dec2004	10691.4501953125
16dec2004	10705.6396484375
17dec2004	10649.919921875
20dec2004	10661.599609375
21dec2004	10759.4296875
22dec2004	10815.8896484375
23dec2004	10827.1201171875
27dec2004	10776.1298828125
28dec2004	10854.5400390625
29dec2004	10829.1904296875
30dec2004	10800.2998046875
31dec2004	10783.009765625
03jan2005	10729.4296875
04jan2005	10630.7802734375
05jan2005	10597.830078125
06jan2005	10622.8798828125
07jan2005	10603.9599609375
10jan2005	10621.0302734375
11jan2005	10556.2197265625
12jan2005	10617.7802734375
13jan2005	10505.830078125
14jan2005	10558
18jan2005	10628.7900390625
19jan2005	10539.9697265625
20jan2005	10471.4697265625
21jan2005	10392.990234375
24jan2005	10368.6103515625
25jan2005	10461.5595703125
26jan2005	10498.58984375
27jan2005	10467.400390625
28jan2005	10427.2001953125
31jan2005	10489.9404296875
01feb2005	10551.9404296875
02feb2005	10596.7900390625
03feb2005	10593.099609375
04feb2005	10716.1298828125
07feb2005	10715.759765625
08feb2005	10724.6298828125
09feb2005	10664.1103515625
10feb2005	10749.6103515625
11feb2005	10796.009765625
14feb2005	10791.1298828125
15feb2005	10837.3203125
16feb2005	10834.8798828125
17feb2005	10754.259765625
18feb2005	10785.2197265625
22feb2005	10611.2001953125
23feb2005	10673.7900390625
24feb2005	10748.7900390625
25feb2005	10841.599609375
28feb2005	10766.23046875
01mar2005	10830
02mar2005	10811.9697265625
03mar2005	10833.0302734375
04mar2005	10940.5498046875
07mar2005	10936.8603515625
08mar2005	10912.6201171875
09mar2005	10805.6201171875
10mar2005	10851.509765625
11mar2005	10774.3603515625
14mar2005	10804.509765625
15mar2005	10745.099609375
16mar2005	10633.0703125
17mar2005	10626.349609375
18mar2005	10629.669921875
21mar2005	10565.3896484375
22mar2005	10470.509765625
23mar2005	10456.01953125
24mar2005	10442.8701171875
28mar2005	10485.650390625
29mar2005	10405.7001953125
30mar2005	10540.9296875
31mar2005	10503.759765625
01apr2005	10404.2998046875
04apr2005	10421.1396484375
05apr2005	10458.4599609375
06apr2005	10486.01953125
07apr2005	10546.3203125
08apr2005	10461.33984375
11apr2005	10448.5595703125
12apr2005	10507.9697265625
13apr2005	10403.9296875
14apr2005	10278.75
15apr2005	10087.509765625
18apr2005	10071.25
19apr2005	10127.41015625
20apr2005	10012.3603515625
21apr2005	10218.599609375
22apr2005	10157.7099609375
25apr2005	10242.4697265625
26apr2005	10151.1298828125
27apr2005	10198.7998046875
28apr2005	10070.3701171875
29apr2005	10192.509765625
02may2005	10251.7001953125
03may2005	10256.9501953125
04may2005	10384.6396484375
05may2005	10340.3798828125
06may2005	10345.400390625
09may2005	10384.33984375
10may2005	10281.1103515625
11may2005	10300.25
12may2005	10189.48046875
13may2005	10140.1201171875
16may2005	10252.2900390625
17may2005	10331.8798828125
18may2005	10464.4501953125
19may2005	10493.1904296875
20may2005	10471.91015625
23may2005	10523.5595703125
24may2005	10503.6796875
25may2005	10457.7998046875
26may2005	10537.599609375
27may2005	10542.5498046875
31may2005	10467.48046875
01jun2005	10549.8701171875
02jun2005	10553.490234375
03jun2005	10460.9697265625
06jun2005	10467.0302734375
07jun2005	10483.0703125
08jun2005	10476.8603515625
09jun2005	10503.01953125
10jun2005	10512.6298828125
13jun2005	10522.5595703125
14jun2005	10547.5703125
15jun2005	10566.3701171875
16jun2005	10578.650390625
17jun2005	10623.0703125
20jun2005	10609.1103515625
21jun2005	10599.669921875
22jun2005	10587.9296875
23jun2005	10421.4404296875
24jun2005	10297.83984375
27jun2005	10290.7802734375
28jun2005	10405.6298828125
29jun2005	10374.48046875
30jun2005	10274.9697265625
01jul2005	10303.4404296875
05jul2005	10371.7998046875
06jul2005	10270.6796875
07jul2005	10302.2900390625
08jul2005	10449.1396484375
11jul2005	10519.7197265625
12jul2005	10513.8896484375
13jul2005	10557.3896484375
14jul2005	10628.8896484375
15jul2005	10640.830078125
18jul2005	10574.990234375
19jul2005	10646.5595703125
20jul2005	10689.150390625
21jul2005	10627.76953125
22jul2005	10651.1796875
25jul2005	10596.48046875
26jul2005	10579.76953125
27jul2005	10637.08984375
28jul2005	10705.5498046875
29jul2005	10640.91015625
01aug2005	10623.150390625
02aug2005	10683.740234375
03aug2005	10697.58984375
04aug2005	10610.099609375
05aug2005	10558.0302734375
08aug2005	10536.9296875
09aug2005	10615.669921875
10aug2005	10594.41015625
11aug2005	10685.8896484375
12aug2005	10600.3095703125
15aug2005	10634.3798828125
16aug2005	10513.4501953125
17aug2005	10550.7099609375
18aug2005	10554.9296875
19aug2005	10559.23046875
22aug2005	10569.8896484375
23aug2005	10519.580078125
24aug2005	10434.8701171875
25aug2005	10450.6298828125
26aug2005	10397.2900390625
29aug2005	10463.0498046875
30aug2005	10412.8203125
31aug2005	10481.599609375
01sep2005	10459.6298828125
02sep2005	10447.3701171875
06sep2005	10589.240234375
07sep2005	10633.5
08sep2005	10595.9296875
09sep2005	10678.5595703125
12sep2005	10682.9404296875
13sep2005	10597.4404296875
14sep2005	10544.900390625
15sep2005	10558.75
16sep2005	10641.9404296875
19sep2005	10557.6298828125
20sep2005	10481.51953125
21sep2005	10378.0302734375
22sep2005	10422.0498046875
23sep2005	10419.58984375
26sep2005	10443.6298828125
27sep2005	10456.2099609375
28sep2005	10473.08984375
29sep2005	10552.7802734375
30sep2005	10568.7001953125
03oct2005	10535.48046875
04oct2005	10441.1103515625
05oct2005	10317.3603515625
06oct2005	10287.099609375
07oct2005	10292.3095703125
10oct2005	10238.759765625
11oct2005	10253.169921875
12oct2005	10216.91015625
13oct2005	10216.58984375
14oct2005	10287.33984375
17oct2005	10348.099609375
18oct2005	10285.259765625
19oct2005	10414.1298828125
20oct2005	10281.099609375
21oct2005	10215.2197265625
24oct2005	10385
25oct2005	10377.8701171875
26oct2005	10344.98046875
27oct2005	10229.9501953125
28oct2005	10402.76953125
31oct2005	10440.0703125
01nov2005	10406.76953125
02nov2005	10472.73046875
03nov2005	10522.58984375
04nov2005	10530.759765625
07nov2005	10586.23046875
08nov2005	10539.7197265625
09nov2005	10546.2099609375
10nov2005	10640.099609375
11nov2005	10686.0400390625
14nov2005	10697.169921875
15nov2005	10686.4404296875
16nov2005	10674.759765625
17nov2005	10720.2197265625
18nov2005	10766.330078125
21nov2005	10820.2802734375
22nov2005	10871.4296875
23nov2005	10916.08984375
25nov2005	10931.6201171875
28nov2005	10890.7197265625
29nov2005	10888.16015625
30nov2005	10805.8701171875
01dec2005	10912.5703125
02dec2005	10877.509765625
05dec2005	10835.009765625
06dec2005	10856.8603515625
07dec2005	10810.91015625
08dec2005	10755.1201171875
09dec2005	10778.580078125
12dec2005	10767.76953125
13dec2005	10823.7197265625
14dec2005	10883.509765625
15dec2005	10881.669921875
16dec2005	10875.58984375
19dec2005	10836.5302734375
20dec2005	10805.5498046875
21dec2005	10833.73046875
22dec2005	10889.4404296875
23dec2005	10883.26953125
27dec2005	10777.76953125
28dec2005	10796.259765625
29dec2005	10784.8203125
30dec2005	10717.5
03jan2006	10847.41015625
04jan2006	10880.150390625
05jan2006	10882.150390625
06jan2006	10959.3095703125
09jan2006	11011.900390625
10jan2006	11011.580078125
11jan2006	11043.4404296875
12jan2006	10962.3603515625
13jan2006	10959.8701171875
17jan2006	10896.3203125
18jan2006	10854.8603515625
19jan2006	10880.7099609375
20jan2006	10667.3896484375
23jan2006	10688.76953125
24jan2006	10712.2197265625
25jan2006	10709.740234375
26jan2006	10809.4697265625
27jan2006	10907.2099609375
30jan2006	10899.919921875
31jan2006	10864.8603515625
01feb2006	10953.9501953125
02feb2006	10851.98046875
03feb2006	10793.6201171875
06feb2006	10798.26953125
07feb2006	10749.759765625
08feb2006	10858.6201171875
09feb2006	10883.349609375
10feb2006	10919.0498046875
13feb2006	10892.3203125
14feb2006	11028.3896484375
15feb2006	11058.9697265625
16feb2006	11120.6796875
17feb2006	11115.3203125
21feb2006	11069.0595703125
22feb2006	11137.169921875
23feb2006	11069.2197265625
24feb2006	11061.849609375
27feb2006	11097.5498046875
28feb2006	10993.41015625
01mar2006	11053.5302734375
02mar2006	11025.509765625
03mar2006	11021.58984375
06mar2006	10958.58984375
07mar2006	10980.6904296875
08mar2006	11005.740234375
09mar2006	10972.2802734375
10mar2006	11076.33984375
13mar2006	11076.01953125
14mar2006	11151.33984375
15mar2006	11209.76953125
16mar2006	11253.240234375
17mar2006	11279.650390625
20mar2006	11274.5302734375
21mar2006	11235.4697265625
22mar2006	11317.4296875
23mar2006	11270.2900390625
24mar2006	11279.9697265625
27mar2006	11250.1103515625
28mar2006	11154.5400390625
29mar2006	11215.7001953125
30mar2006	11150.7001953125
31mar2006	11109.3203125
03apr2006	11144.9404296875
04apr2006	11203.849609375
05apr2006	11239.5498046875
06apr2006	11216.5
07apr2006	11120.0400390625
10apr2006	11141.330078125
11apr2006	11089.6298828125
12apr2006	11129.9697265625
13apr2006	11137.650390625
17apr2006	11073.7802734375
18apr2006	11268.76953125
19apr2006	11278.76953125
20apr2006	11342.8896484375
21apr2006	11347.4501953125
24apr2006	11336.3203125
25apr2006	11283.25
26apr2006	11354.490234375
27apr2006	11382.509765625
28apr2006	11367.1396484375
01may2006	11343.2900390625
02may2006	11416.4501953125
03may2006	11400.2802734375
04may2006	11438.8603515625
05may2006	11577.740234375
08may2006	11584.5400390625
09may2006	11639.76953125
10may2006	11642.650390625
11may2006	11500.73046875
12may2006	11380.990234375
15may2006	11428.76953125
16may2006	11419.8896484375
17may2006	11205.6103515625
18may2006	11128.2900390625
19may2006	11144.0595703125
22may2006	11125.330078125
23may2006	11098.349609375
24may2006	11117.3203125
25may2006	11211.0498046875
26may2006	11278.6103515625
30may2006	11094.4296875
31may2006	11168.3095703125
01jun2006	11260.2802734375
02jun2006	11247.8701171875
05jun2006	11048.7197265625
06jun2006	11002.1396484375
07jun2006	10930.900390625
08jun2006	10938.8203125
09jun2006	10891.919921875
12jun2006	10792.580078125
13jun2006	10706.1396484375
14jun2006	10816.919921875
15jun2006	11015.1904296875
16jun2006	11014.5498046875
19jun2006	10942.1103515625
20jun2006	10974.83984375
21jun2006	11079.4599609375
22jun2006	11019.1103515625
23jun2006	10989.08984375
26jun2006	11045.2802734375
27jun2006	10924.740234375
28jun2006	10973.5595703125
29jun2006	11190.7998046875
30jun2006	11150.2197265625
03jul2006	11228.01953125
05jul2006	11151.8203125
06jul2006	11225.2998046875
07jul2006	11090.669921875
10jul2006	11103.5498046875
11jul2006	11134.76953125
12jul2006	11013.1796875
13jul2006	10846.2900390625
14jul2006	10739.349609375
17jul2006	10747.3603515625
18jul2006	10799.23046875
19jul2006	11011.419921875
20jul2006	10928.099609375
21jul2006	10868.3798828125
24jul2006	11051.0498046875
25jul2006	11103.7099609375
26jul2006	11102.509765625
27jul2006	11100.4296875
28jul2006	11219.7001953125
31jul2006	11185.6796875
01aug2006	11125.73046875
02aug2006	11199.9296875
03aug2006	11242.58984375
04aug2006	11240.349609375
07aug2006	11219.3798828125
08aug2006	11173.58984375
09aug2006	11076.1796875
10aug2006	11124.3701171875
11aug2006	11088.0302734375
14aug2006	11097.8701171875
15aug2006	11230.259765625
16aug2006	11327.1201171875
17aug2006	11334.9599609375
18aug2006	11381.4697265625
21aug2006	11345.0498046875
22aug2006	11339.83984375
23aug2006	11297.900390625
24aug2006	11304.4599609375
25aug2006	11284.0498046875
28aug2006	11352.009765625
29aug2006	11369.9404296875
30aug2006	11382.91015625
31aug2006	11381.150390625
01sep2006	11464.150390625
05sep2006	11469.2802734375
06sep2006	11406.2001953125
07sep2006	11331.4404296875
08sep2006	11392.1103515625
11sep2006	11396.83984375
12sep2006	11498.08984375
13sep2006	11543.3203125
14sep2006	11527.3896484375
15sep2006	11560.76953125
18sep2006	11555
19sep2006	11540.91015625
20sep2006	11613.1904296875
21sep2006	11533.23046875
22sep2006	11508.099609375
25sep2006	11575.8095703125
26sep2006	11669.3896484375
27sep2006	11689.240234375
28sep2006	11718.4501953125
29sep2006	11679.0703125
02oct2006	11670.349609375
03oct2006	11727.33984375
04oct2006	11850.6103515625
05oct2006	11866.6904296875
06oct2006	11850.2099609375
09oct2006	11857.8095703125
10oct2006	11867.169921875
11oct2006	11852.1298828125
12oct2006	11947.7001953125
13oct2006	11960.509765625
16oct2006	11980.599609375
17oct2006	11950.01953125
18oct2006	11992.6796875
19oct2006	12011.73046875
20oct2006	12002.3701171875
23oct2006	12116.91015625
24oct2006	12127.8798828125
25oct2006	12134.6796875
26oct2006	12163.66015625
27oct2006	12090.259765625
30oct2006	12086.5
31oct2006	12080.73046875
01nov2006	12031.01953125
02nov2006	12018.5400390625
03nov2006	11986.0400390625
06nov2006	12105.5498046875
07nov2006	12156.76953125
08nov2006	12176.5400390625
09nov2006	12103.2998046875
10nov2006	12108.4296875
13nov2006	12131.8798828125
14nov2006	12218.009765625
15nov2006	12251.7099609375
16nov2006	12305.8203125
17nov2006	12342.5595703125
20nov2006	12316.5400390625
21nov2006	12321.58984375
22nov2006	12326.9501953125
24nov2006	12280.169921875
27nov2006	12121.7099609375
28nov2006	12136.4501953125
29nov2006	12226.73046875
30nov2006	12221.9296875
01dec2006	12194.1298828125
04dec2006	12283.849609375
05dec2006	12331.599609375
06dec2006	12309.25
07dec2006	12278.41015625
08dec2006	12307.490234375
11dec2006	12328.48046875
12dec2006	12315.580078125
13dec2006	12317.5
14dec2006	12416.759765625
15dec2006	12445.51953125
18dec2006	12441.26953125
19dec2006	12471.3203125
20dec2006	12463.8701171875
21dec2006	12421.25
22dec2006	12343.2197265625
26dec2006	12407.6298828125
27dec2006	12510.5703125
28dec2006	12501.51953125
29dec2006	12463.150390625
03jan2007	12474.51953125
04jan2007	12480.6904296875
05jan2007	12398.009765625
08jan2007	12423.490234375
09jan2007	12416.599609375
10jan2007	12442.16015625
11jan2007	12514.98046875
12jan2007	12556.080078125
16jan2007	12582.58984375
17jan2007	12577.150390625
18jan2007	12567.9296875
19jan2007	12565.5302734375
22jan2007	12477.16015625
23jan2007	12533.7998046875
24jan2007	12621.76953125
25jan2007	12502.5595703125
26jan2007	12487.01953125
29jan2007	12490.7802734375
30jan2007	12523.3095703125
31jan2007	12621.6904296875
01feb2007	12673.6796875
02feb2007	12653.490234375
05feb2007	12661.740234375
06feb2007	12666.3095703125
07feb2007	12666.8701171875
08feb2007	12637.6298828125
09feb2007	12580.830078125
12feb2007	12552.5498046875
13feb2007	12654.849609375
14feb2007	12741.8603515625
15feb2007	12765.009765625
16feb2007	12767.5703125
20feb2007	12786.6396484375
21feb2007	12738.41015625
22feb2007	12686.01953125
23feb2007	12647.48046875
26feb2007	12632.259765625
27feb2007	12216.240234375
28feb2007	12268.6298828125
01mar2007	12234.33984375
02mar2007	12114.099609375
05mar2007	12050.41015625
06mar2007	12207.58984375
07mar2007	12192.4501953125
08mar2007	12260.7001953125
09mar2007	12276.3203125
12mar2007	12318.6201171875
13mar2007	12075.9599609375
14mar2007	12133.400390625
15mar2007	12159.6796875
16mar2007	12110.41015625
19mar2007	12226.169921875
20mar2007	12288.099609375
21mar2007	12447.51953125
22mar2007	12461.1396484375
23mar2007	12481.009765625
26mar2007	12469.0703125
27mar2007	12397.2900390625
28mar2007	12300.3603515625
29mar2007	12348.75
30mar2007	12354.349609375
02apr2007	12382.2998046875
03apr2007	12510.2998046875
04apr2007	12530.0498046875
05apr2007	12560.2001953125
09apr2007	12569.1396484375
10apr2007	12573.849609375
11apr2007	12484.6201171875
12apr2007	12552.9599609375
13apr2007	12612.1298828125
16apr2007	12720.4599609375
17apr2007	12773.0400390625
18apr2007	12803.83984375
19apr2007	12808.6298828125
20apr2007	12961.98046875
23apr2007	12919.400390625
24apr2007	12953.9404296875
25apr2007	13089.8896484375
26apr2007	13105.5
27apr2007	13120.9404296875
30apr2007	13062.91015625
01may2007	13136.1396484375
02may2007	13211.8798828125
03may2007	13241.3798828125
04may2007	13264.6201171875
07may2007	13312.9697265625
08may2007	13309.0703125
09may2007	13362.8701171875
10may2007	13215.1298828125
11may2007	13326.2197265625
14may2007	13346.7802734375
15may2007	13383.83984375
16may2007	13487.5302734375
17may2007	13476.7197265625
18may2007	13556.5302734375
21may2007	13542.8798828125
22may2007	13539.9501953125
23may2007	13525.650390625
24may2007	13441.1298828125
25may2007	13507.2802734375
29may2007	13521.33984375
30may2007	13633.080078125
31may2007	13627.6396484375
01jun2007	13668.1103515625
04jun2007	13676.3203125
05jun2007	13595.4599609375
06jun2007	13465.669921875
07jun2007	13266.73046875
08jun2007	13424.3896484375
11jun2007	13424.9599609375
12jun2007	13295.009765625
13jun2007	13482.349609375
14jun2007	13553.73046875
15jun2007	13639.48046875
18jun2007	13612.98046875
19jun2007	13635.419921875
20jun2007	13489.419921875
21jun2007	13545.83984375
22jun2007	13360.259765625
25jun2007	13352.0498046875
26jun2007	13337.66015625
27jun2007	13427.73046875
28jun2007	13422.2802734375
29jun2007	13408.6201171875
02jul2007	13535.4296875
03jul2007	13577.2998046875
05jul2007	13565.83984375
06jul2007	13611.6796875
09jul2007	13649.9697265625
10jul2007	13501.7001953125
11jul2007	13577.8701171875
12jul2007	13861.73046875
13jul2007	13907.25
16jul2007	13950.98046875
17jul2007	13971.5498046875
18jul2007	13918.2197265625
19jul2007	14000.41015625
20jul2007	13851.080078125
23jul2007	13943.419921875
24jul2007	13716.9501953125
25jul2007	13785.0703125
26jul2007	13473.5703125
27jul2007	13265.4697265625
30jul2007	13358.3095703125
31jul2007	13211.990234375
01aug2007	13362.3701171875
02aug2007	13463.330078125
03aug2007	13181.91015625
06aug2007	13468.7802734375
07aug2007	13504.2998046875
08aug2007	13657.8603515625
09aug2007	13270.6796875
10aug2007	13239.5400390625
13aug2007	13236.5302734375
14aug2007	13028.919921875
15aug2007	12861.4697265625
16aug2007	12845.7802734375
17aug2007	13079.080078125
20aug2007	13121.349609375
21aug2007	13090.8603515625
22aug2007	13236.1298828125
23aug2007	13235.8798828125
24aug2007	13378.8701171875
27aug2007	13322.1298828125
28aug2007	13041.849609375
29aug2007	13289.2900390625
30aug2007	13238.73046875
31aug2007	13357.740234375
04sep2007	13448.8603515625
05sep2007	13305.4697265625
06sep2007	13363.349609375
07sep2007	13113.3798828125
10sep2007	13127.849609375
11sep2007	13308.3896484375
12sep2007	13291.650390625
13sep2007	13424.8798828125
14sep2007	13442.51953125
17sep2007	13403.419921875
18sep2007	13739.3896484375
19sep2007	13815.5595703125
20sep2007	13766.7001953125
21sep2007	13820.1904296875
24sep2007	13759.0595703125
25sep2007	13778.650390625
26sep2007	13878.150390625
27sep2007	13912.9404296875
28sep2007	13895.6298828125
01oct2007	14087.5498046875
02oct2007	14047.3095703125
03oct2007	13968.0498046875
04oct2007	13974.3095703125
05oct2007	14066.009765625
08oct2007	14043.73046875
09oct2007	14164.5302734375
10oct2007	14078.6904296875
11oct2007	14015.1201171875
12oct2007	14093.080078125
15oct2007	13984.7998046875
16oct2007	13912.9404296875
17oct2007	13892.5400390625
18oct2007	13888.9599609375
19oct2007	13522.01953125
22oct2007	13566.9697265625
23oct2007	13676.23046875
24oct2007	13675.25
25oct2007	13671.919921875
26oct2007	13806.7001953125
29oct2007	13870.259765625
30oct2007	13792.4697265625
31oct2007	13930.009765625
01nov2007	13567.8701171875
02nov2007	13595.099609375
05nov2007	13543.400390625
06nov2007	13660.9404296875
07nov2007	13300.01953125
08nov2007	13266.2900390625
09nov2007	13042.740234375
12nov2007	12987.5498046875
13nov2007	13307.08984375
14nov2007	13231.009765625
15nov2007	13110.0498046875
16nov2007	13176.7900390625
19nov2007	12958.4404296875
20nov2007	13010.1396484375
21nov2007	12799.0400390625
23nov2007	12980.8798828125
26nov2007	12743.4404296875
27nov2007	12958.4404296875
28nov2007	13289.4501953125
29nov2007	13311.73046875
30nov2007	13371.7197265625
03dec2007	13314.5703125
04dec2007	13248.73046875
05dec2007	13444.9599609375
06dec2007	13619.8896484375
07dec2007	13625.580078125
10dec2007	13727.0302734375
11dec2007	13432.76953125
12dec2007	13473.900390625
13dec2007	13517.9599609375
14dec2007	13339.849609375
17dec2007	13167.2001953125
18dec2007	13232.4697265625
19dec2007	13207.26953125
20dec2007	13245.6396484375
21dec2007	13450.650390625
24dec2007	13550.0400390625
26dec2007	13551.6904296875
27dec2007	13359.6103515625
28dec2007	13365.8701171875
31dec2007	13264.8203125
02jan2008	13043.9599609375
03jan2008	13056.7197265625
04jan2008	12800.1796875
07jan2008	12827.490234375
08jan2008	12589.0703125
09jan2008	12735.3095703125
10jan2008	12853.08984375
11jan2008	12606.2998046875
14jan2008	12778.150390625
15jan2008	12501.1103515625
16jan2008	12466.16015625
17jan2008	12159.2099609375
18jan2008	12099.2998046875
22jan2008	11971.1904296875
23jan2008	12270.169921875
24jan2008	12378.6103515625
25jan2008	12207.169921875
28jan2008	12383.8896484375
29jan2008	12480.2998046875
30jan2008	12442.830078125
31jan2008	12650.3603515625
01feb2008	12743.1904296875
04feb2008	12635.16015625
05feb2008	12265.1298828125
06feb2008	12200.099609375
07feb2008	12247
08feb2008	12182.1298828125
11feb2008	12240.009765625
12feb2008	12373.41015625
13feb2008	12552.240234375
14feb2008	12376.98046875
15feb2008	12348.2099609375
19feb2008	12337.2197265625
20feb2008	12427.259765625
21feb2008	12284.2998046875
22feb2008	12381.01953125
25feb2008	12570.2197265625
26feb2008	12684.919921875
27feb2008	12694.2802734375
28feb2008	12582.1796875
29feb2008	12266.3896484375
03mar2008	12258.900390625
04mar2008	12213.7998046875
05mar2008	12254.990234375
06mar2008	12040.3896484375
07mar2008	11893.6904296875
10mar2008	11740.150390625
11mar2008	12156.8095703125
12mar2008	12110.240234375
13mar2008	12145.740234375
14mar2008	11951.08984375
17mar2008	11972.25
18mar2008	12392.66015625
19mar2008	12099.66015625
20mar2008	12361.3203125
24mar2008	12548.6396484375
25mar2008	12532.599609375
26mar2008	12422.8603515625
27mar2008	12302.4599609375
28mar2008	12216.400390625
31mar2008	12262.8896484375
01apr2008	12654.3603515625
02apr2008	12608.919921875
03apr2008	12626.0302734375
04apr2008	12609.419921875
07apr2008	12612.4296875
08apr2008	12576.4404296875
09apr2008	12527.259765625
10apr2008	12581.98046875
11apr2008	12325.419921875
14apr2008	12302.0595703125
15apr2008	12362.4697265625
16apr2008	12619.26953125
17apr2008	12620.490234375
18apr2008	12849.3603515625
21apr2008	12825.01953125
22apr2008	12720.23046875
23apr2008	12763.2197265625
24apr2008	12848.9501953125
25apr2008	12891.8603515625
28apr2008	12871.75
29apr2008	12831.9404296875
30apr2008	12820.1298828125
01may2008	13010
02may2008	13058.2001953125
05may2008	12969.5400390625
06may2008	13020.830078125
07may2008	12814.349609375
08may2008	12866.7802734375
09may2008	12745.8798828125
12may2008	12876.3095703125
13may2008	12832.1796875
14may2008	12898.3798828125
15may2008	12992.66015625
16may2008	12986.7998046875
19may2008	13028.16015625
20may2008	12828.6796875
21may2008	12601.1904296875
22may2008	12625.6201171875
23may2008	12479.6298828125
27may2008	12548.349609375
28may2008	12594.0302734375
29may2008	12646.2197265625
30may2008	12638.3203125
02jun2008	12503.8203125
03jun2008	12402.849609375
04jun2008	12390.48046875
05jun2008	12604.4501953125
06jun2008	12209.8095703125
09jun2008	12280.3203125
10jun2008	12289.759765625
11jun2008	12083.76953125
12jun2008	12141.580078125
13jun2008	12307.349609375
16jun2008	12269.080078125
17jun2008	12160.2998046875
18jun2008	12029.0595703125
19jun2008	12063.08984375
20jun2008	11842.6904296875
23jun2008	11842.3603515625
24jun2008	11807.4296875
25jun2008	11811.830078125
26jun2008	11453.419921875
27jun2008	11346.509765625
30jun2008	11350.009765625
01jul2008	11382.259765625
02jul2008	11215.509765625
03jul2008	11288.5400390625
07jul2008	11231.9599609375
08jul2008	11384.2099609375
09jul2008	11147.4404296875
10jul2008	11229.01953125
11jul2008	11100.5400390625
14jul2008	11055.1904296875
15jul2008	10962.5400390625
16jul2008	11239.2802734375
17jul2008	11446.66015625
18jul2008	11496.5703125
21jul2008	11467.33984375
22jul2008	11602.5
23jul2008	11632.3798828125
24jul2008	11349.2802734375
25jul2008	11370.6904296875
28jul2008	11131.080078125
29jul2008	11397.5595703125
30jul2008	11583.6904296875
31jul2008	11378.01953125
01aug2008	11326.3203125
04aug2008	11284.150390625
05aug2008	11615.76953125
06aug2008	11656.0703125
07aug2008	11431.4296875
08aug2008	11734.3203125
11aug2008	11782.349609375
12aug2008	11642.4697265625
13aug2008	11532.9599609375
14aug2008	11615.9296875
15aug2008	11659.900390625
18aug2008	11479.3896484375
19aug2008	11348.5498046875
20aug2008	11417.4296875
21aug2008	11430.2099609375
22aug2008	11628.0595703125
25aug2008	11386.25
26aug2008	11412.8701171875
27aug2008	11502.509765625
28aug2008	11715.1796875
29aug2008	11543.9599609375
02sep2008	11516.919921875
03sep2008	11532.8798828125
04sep2008	11188.23046875
05sep2008	11220.9599609375
08sep2008	11510.740234375
09sep2008	11230.73046875
10sep2008	11268.919921875
11sep2008	11433.7099609375
12sep2008	11421.990234375
15sep2008	10917.509765625
16sep2008	11059.01953125
17sep2008	10609.66015625
18sep2008	11019.6904296875
19sep2008	11388.4404296875
22sep2008	11015.6904296875
23sep2008	10854.169921875
24sep2008	10825.169921875
25sep2008	11022.0595703125
26sep2008	11143.1298828125
29sep2008	10365.4501953125
30sep2008	10850.66015625
01oct2008	10831.0703125
02oct2008	10482.849609375
03oct2008	10325.3798828125
06oct2008	9955.5
07oct2008	9447.1103515625
08oct2008	9258.099609375
09oct2008	8579.1904296875
10oct2008	8451.1904296875
13oct2008	9387.6103515625
14oct2008	9310.990234375
15oct2008	8577.91015625
16oct2008	8979.259765625
17oct2008	8852.2197265625
20oct2008	9265.4296875
21oct2008	9033.66015625
22oct2008	8519.2099609375
23oct2008	8691.25
24oct2008	8378.9501953125
27oct2008	8175.77001953125
28oct2008	9065.1201171875
29oct2008	8990.9599609375
30oct2008	9180.6904296875
31oct2008	9325.009765625
03nov2008	9319.830078125
04nov2008	9625.2802734375
05nov2008	9139.26953125
06nov2008	8695.7900390625
07nov2008	8943.8095703125
10nov2008	8870.5400390625
11nov2008	8693.9599609375
12nov2008	8282.66015625
13nov2008	8835.25
14nov2008	8497.3095703125
17nov2008	8273.580078125
18nov2008	8424.75
19nov2008	7997.27978515625
20nov2008	7552.2900390625
21nov2008	8046.419921875
24nov2008	8443.3896484375
25nov2008	8479.4697265625
26nov2008	8726.6103515625
28nov2008	8829.0400390625
01dec2008	8149.08984375
02dec2008	8419.08984375
03dec2008	8591.6904296875
04dec2008	8376.240234375
05dec2008	8635.419921875
08dec2008	8934.1796875
09dec2008	8691.330078125
10dec2008	8761.419921875
11dec2008	8565.08984375
12dec2008	8629.6796875
15dec2008	8564.5302734375
16dec2008	8924.1396484375
17dec2008	8824.33984375
18dec2008	8604.990234375
19dec2008	8579.1103515625
22dec2008	8519.6904296875
23dec2008	8419.490234375
24dec2008	8468.48046875
26dec2008	8515.5498046875
29dec2008	8483.9296875
30dec2008	8668.3896484375
31dec2008	8776.3896484375
02jan2009	9034.6904296875
05jan2009	8952.8896484375
06jan2009	9015.099609375
07jan2009	8769.7001953125
08jan2009	8742.4599609375
09jan2009	8599.1796875
12jan2009	8473.9697265625
13jan2009	8448.5595703125
14jan2009	8200.1396484375
15jan2009	8212.490234375
16jan2009	8281.2197265625
20jan2009	7949.08984375
21jan2009	8228.099609375
22jan2009	8122.7998046875
23jan2009	8077.56005859375
26jan2009	8116.02978515625
27jan2009	8174.72998046875
28jan2009	8375.4501953125
29jan2009	8149.009765625
30jan2009	8000.85986328125
02feb2009	7936.75
03feb2009	8078.35986328125
04feb2009	7956.66015625
05feb2009	8063.06982421875
06feb2009	8280.58984375
09feb2009	8270.8701171875
10feb2009	7888.8798828125
11feb2009	7939.52978515625
12feb2009	7932.759765625
13feb2009	7850.41015625
17feb2009	7552.60009765625
18feb2009	7555.6298828125
19feb2009	7465.9501953125
20feb2009	7365.669921875
23feb2009	7114.77978515625
24feb2009	7350.93994140625
25feb2009	7270.89013671875
26feb2009	7182.080078125
27feb2009	7062.93017578125
02mar2009	6763.2900390625
03mar2009	6726.02001953125
04mar2009	6875.83984375
05mar2009	6594.43994140625
06mar2009	6626.93994140625
09mar2009	6547.0498046875
10mar2009	6926.490234375
11mar2009	6930.39990234375
12mar2009	7170.06005859375
13mar2009	7223.97998046875
16mar2009	7216.97021484375
17mar2009	7395.7001953125
18mar2009	7486.580078125
19mar2009	7400.7998046875
20mar2009	7278.3798828125
23mar2009	7775.85986328125
24mar2009	7659.97021484375
25mar2009	7749.81005859375
26mar2009	7924.56005859375
27mar2009	7776.18017578125
30mar2009	7522.02001953125
31mar2009	7608.919921875
01apr2009	7761.60009765625
02apr2009	7978.080078125
03apr2009	8017.58984375
06apr2009	7975.85009765625
07apr2009	7789.56005859375
08apr2009	7837.10986328125
09apr2009	8083.3798828125
13apr2009	8057.81005859375
14apr2009	7920.18017578125
15apr2009	8029.6201171875
16apr2009	8125.43017578125
17apr2009	8131.330078125
20apr2009	7841.72998046875
21apr2009	7969.56005859375
22apr2009	7886.56982421875
23apr2009	7957.06005859375
24apr2009	8076.2900390625
27apr2009	8025
28apr2009	8016.9501953125
29apr2009	8185.72998046875
30apr2009	8168.1201171875
01may2009	8212.41015625
04may2009	8426.740234375
05may2009	8410.650390625
06may2009	8512.2802734375
07may2009	8409.849609375
08may2009	8574.650390625
11may2009	8418.76953125
12may2009	8469.1103515625
13may2009	8284.8896484375
14may2009	8331.3203125
15may2009	8268.6396484375
18may2009	8504.080078125
19may2009	8474.849609375
20may2009	8422.0400390625
21may2009	8292.1298828125
22may2009	8277.3203125
26may2009	8473.490234375
27may2009	8300.01953125
28may2009	8403.7998046875
29may2009	8500.330078125
01jun2009	8721.4404296875
02jun2009	8740.8701171875
03jun2009	8675.240234375
04jun2009	8750.240234375
05jun2009	8763.1298828125
08jun2009	8764.490234375
09jun2009	8763.0595703125
10jun2009	8739.01953125
11jun2009	8770.919921875
12jun2009	8799.259765625
15jun2009	8612.1298828125
16jun2009	8504.669921875
17jun2009	8497.1796875
18jun2009	8555.599609375
19jun2009	8539.73046875
22jun2009	8339.009765625
23jun2009	8322.91015625
24jun2009	8299.8603515625
25jun2009	8472.400390625
26jun2009	8438.3896484375
29jun2009	8529.3798828125
30jun2009	8447
01jul2009	8504.0595703125
02jul2009	8280.740234375
06jul2009	8324.8701171875
07jul2009	8163.60009765625
08jul2009	8178.41015625
09jul2009	8183.169921875
10jul2009	8146.52001953125
13jul2009	8331.6796875
14jul2009	8359.490234375
15jul2009	8616.2099609375
16jul2009	8711.8203125
17jul2009	8743.9404296875
20jul2009	8848.150390625
21jul2009	8915.9404296875
22jul2009	8881.259765625
23jul2009	9069.2900390625
24jul2009	9093.240234375
27jul2009	9108.509765625
28jul2009	9096.7197265625
29jul2009	9070.7197265625
30jul2009	9154.4599609375
31jul2009	9171.6103515625
03aug2009	9286.5595703125
04aug2009	9320.1904296875
05aug2009	9280.9697265625
06aug2009	9256.259765625
07aug2009	9370.0703125
10aug2009	9337.9501953125
11aug2009	9241.4501953125
12aug2009	9361.6103515625
13aug2009	9398.1904296875
14aug2009	9321.400390625
17aug2009	9135.33984375
18aug2009	9217.9404296875
19aug2009	9279.16015625
20aug2009	9350.0498046875
21aug2009	9505.9599609375
24aug2009	9509.2802734375
25aug2009	9539.2900390625
26aug2009	9543.51953125
27aug2009	9580.6298828125
28aug2009	9544.2001953125
31aug2009	9496.2802734375
01sep2009	9310.599609375
02sep2009	9280.669921875
03sep2009	9344.6103515625
04sep2009	9441.26953125
08sep2009	9497.33984375
09sep2009	9547.2197265625
10sep2009	9627.48046875
11sep2009	9605.41015625
14sep2009	9626.7998046875
15sep2009	9683.41015625
16sep2009	9791.7099609375
17sep2009	9783.919921875
18sep2009	9820.2001953125
21sep2009	9778.8603515625
22sep2009	9829.8701171875
23sep2009	9748.5498046875
24sep2009	9707.4404296875
25sep2009	9665.1904296875
28sep2009	9789.3603515625
29sep2009	9742.2001953125
30sep2009	9712.2802734375
01oct2009	9509.2802734375
02oct2009	9487.669921875
05oct2009	9599.75
06oct2009	9731.25
07oct2009	9725.580078125
08oct2009	9786.8701171875
09oct2009	9864.9404296875
12oct2009	9885.7998046875
13oct2009	9871.0595703125
14oct2009	10015.8603515625
15oct2009	10062.9404296875
16oct2009	9995.91015625
19oct2009	10092.1904296875
20oct2009	10041.48046875
21oct2009	9949.3603515625
22oct2009	10081.3095703125
23oct2009	9972.1796875
26oct2009	9867.9599609375
27oct2009	9882.169921875
28oct2009	9762.6904296875
29oct2009	9962.580078125
30oct2009	9712.73046875
02nov2009	9789.4404296875
03nov2009	9771.91015625
04nov2009	9802.1396484375
05nov2009	10005.9599609375
06nov2009	10023.419921875
09nov2009	10226.9404296875
10nov2009	10246.9697265625
11nov2009	10291.259765625
12nov2009	10197.4697265625
13nov2009	10270.4697265625
16nov2009	10406.9599609375
17nov2009	10437.419921875
18nov2009	10426.3095703125
19nov2009	10332.4404296875
20nov2009	10318.16015625
23nov2009	10450.9501953125
24nov2009	10433.7099609375
25nov2009	10464.400390625
27nov2009	10309.919921875
30nov2009	10344.83984375
01dec2009	10471.580078125
02dec2009	10452.6796875
03dec2009	10366.150390625
04dec2009	10388.900390625
07dec2009	10390.1103515625
08dec2009	10285.9697265625
09dec2009	10337.0498046875
10dec2009	10405.830078125
11dec2009	10471.5
14dec2009	10501.0498046875
15dec2009	10452
16dec2009	10441.1201171875
17dec2009	10308.259765625
18dec2009	10328.8896484375
21dec2009	10414.1396484375
22dec2009	10464.9296875
23dec2009	10466.4404296875
24dec2009	10520.08984375
28dec2009	10547.080078125
29dec2009	10545.41015625
30dec2009	10548.509765625
31dec2009	10428.0498046875
04jan2010	10583.9599609375
05jan2010	10572.01953125
06jan2010	10573.6796875
07jan2010	10606.8603515625
08jan2010	10618.1904296875
11jan2010	10663.990234375
12jan2010	10627.259765625
13jan2010	10680.76953125
14jan2010	10710.5498046875
15jan2010	10609.650390625
19jan2010	10725.4296875
20jan2010	10603.150390625
21jan2010	10389.8798828125
22jan2010	10172.98046875
25jan2010	10196.8603515625
26jan2010	10194.2900390625
27jan2010	10236.16015625
28jan2010	10120.4599609375
29jan2010	10067.330078125
01feb2010	10185.5302734375
02feb2010	10296.849609375
03feb2010	10270.5498046875
04feb2010	10002.1796875
05feb2010	10012.23046875
08feb2010	9908.3896484375
09feb2010	10058.6396484375
10feb2010	10038.3798828125
11feb2010	10144.1904296875
12feb2010	10099.1396484375
16feb2010	10268.8095703125
17feb2010	10309.240234375
18feb2010	10392.900390625
19feb2010	10402.349609375
22feb2010	10383.3798828125
23feb2010	10282.41015625
24feb2010	10374.16015625
25feb2010	10321.0302734375
26feb2010	10325.259765625
01mar2010	10403.7900390625
02mar2010	10405.98046875
03mar2010	10396.759765625
04mar2010	10444.1396484375
05mar2010	10566.2001953125
08mar2010	10552.51953125
09mar2010	10564.3798828125
10mar2010	10567.330078125
11mar2010	10611.83984375
12mar2010	10624.6904296875
15mar2010	10642.150390625
16mar2010	10685.98046875
17mar2010	10733.669921875
18mar2010	10779.169921875
19mar2010	10741.98046875
22mar2010	10785.8896484375
23mar2010	10888.830078125
24mar2010	10836.150390625
25mar2010	10841.2099609375
26mar2010	10850.3603515625
29mar2010	10895.8603515625
30mar2010	10907.419921875
31mar2010	10856.6298828125
01apr2010	10927.0703125
05apr2010	10973.5498046875
06apr2010	10969.990234375
07apr2010	10897.51953125
08apr2010	10927.0703125
09apr2010	10997.349609375
12apr2010	11005.9697265625
13apr2010	11019.419921875
14apr2010	11123.1103515625
15apr2010	11144.5703125
16apr2010	11018.66015625
19apr2010	11092.0498046875
20apr2010	11117.0595703125
21apr2010	11124.919921875
22apr2010	11134.2900390625
23apr2010	11204.2802734375
26apr2010	11205.0302734375
27apr2010	10991.990234375
28apr2010	11045.26953125
29apr2010	11167.3203125
30apr2010	11008.6103515625
03may2010	11151.830078125
04may2010	10926.76953125
05may2010	10866.830078125
06may2010	10520.3203125
07may2010	10380.4296875
10may2010	10785.1396484375
11may2010	10748.259765625
12may2010	10896.91015625
13may2010	10782.9501953125
14may2010	10620.16015625
17may2010	10625.830078125
18may2010	10510.9501953125
19may2010	10444.3701171875
20may2010	10068.009765625
21may2010	10193.3896484375
24may2010	10066.5703125
25may2010	10043.75
26may2010	9974.4501953125
27may2010	10258.990234375
28may2010	10136.6298828125
01jun2010	10024.01953125
02jun2010	10249.5400390625
03jun2010	10255.2802734375
04jun2010	9931.9697265625
07jun2010	9816.490234375
08jun2010	9939.98046875
09jun2010	9899.25
10jun2010	10172.5302734375
11jun2010	10211.0703125
14jun2010	10190.8896484375
15jun2010	10404.76953125
16jun2010	10409.4599609375
17jun2010	10434.169921875
18jun2010	10450.6396484375
21jun2010	10442.41015625
22jun2010	10293.51953125
23jun2010	10298.4404296875
24jun2010	10152.7998046875
25jun2010	10143.8095703125
28jun2010	10138.51953125
29jun2010	9870.2998046875
30jun2010	9774.01953125
01jul2010	9732.5302734375
02jul2010	9686.48046875
06jul2010	9743.6201171875
07jul2010	10018.2802734375
08jul2010	10138.990234375
09jul2010	10198.0302734375
12jul2010	10216.26953125
13jul2010	10363.01953125
14jul2010	10366.7197265625
15jul2010	10359.3095703125
16jul2010	10097.900390625
19jul2010	10154.4296875
20jul2010	10229.9599609375
21jul2010	10120.5302734375
22jul2010	10322.2998046875
23jul2010	10424.6201171875
26jul2010	10525.4296875
27jul2010	10537.6904296875
28jul2010	10497.8798828125
29jul2010	10467.16015625
30jul2010	10465.9404296875
02aug2010	10674.3798828125
03aug2010	10636.3798828125
04aug2010	10680.4296875
05aug2010	10674.98046875
06aug2010	10653.5595703125
09aug2010	10698.75
10aug2010	10644.25
11aug2010	10378.830078125
12aug2010	10319.9501953125
13aug2010	10303.150390625
16aug2010	10302.009765625
17aug2010	10405.849609375
18aug2010	10415.5400390625
19aug2010	10271.2099609375
20aug2010	10213.6201171875
23aug2010	10174.41015625
24aug2010	10040.4501953125
25aug2010	10060.0595703125
26aug2010	9985.8095703125
27aug2010	10150.650390625
30aug2010	10009.73046875
31aug2010	10014.7197265625
01sep2010	10269.4697265625
02sep2010	10320.099609375
03sep2010	10447.9296875
07sep2010	10340.6904296875
08sep2010	10387.009765625
09sep2010	10415.240234375
10sep2010	10462.76953125
13sep2010	10544.1298828125
14sep2010	10526.490234375
15sep2010	10572.73046875
16sep2010	10594.830078125
17sep2010	10607.849609375
20sep2010	10753.6201171875
21sep2010	10761.0302734375
22sep2010	10739.3095703125
23sep2010	10662.419921875
24sep2010	10860.259765625
27sep2010	10812.0400390625
28sep2010	10858.1396484375
29sep2010	10835.2802734375
30sep2010	10788.0498046875
01oct2010	10829.6796875
04oct2010	10751.26953125
05oct2010	10944.7197265625
06oct2010	10967.650390625
07oct2010	10948.580078125
08oct2010	11006.48046875
11oct2010	11010.33984375
12oct2010	11020.400390625
13oct2010	11096.080078125
14oct2010	11094.5703125
15oct2010	11062.7802734375
18oct2010	11143.6904296875
19oct2010	10978.6201171875
20oct2010	11107.9697265625
21oct2010	11146.5703125
22oct2010	11132.5595703125
25oct2010	11164.0498046875
26oct2010	11169.4599609375
27oct2010	11126.2802734375
28oct2010	11113.9501953125
29oct2010	11118.490234375
01nov2010	11124.6201171875
02nov2010	11188.7197265625
03nov2010	11215.1298828125
04nov2010	11434.83984375
05nov2010	11444.080078125
08nov2010	11406.83984375
09nov2010	11346.75
10nov2010	11357.0400390625
11nov2010	11283.099609375
12nov2010	11192.580078125
15nov2010	11201.9697265625
16nov2010	11023.5
17nov2010	11007.8798828125
18nov2010	11181.23046875
19nov2010	11203.5498046875
22nov2010	11178.580078125
23nov2010	11036.3701171875
24nov2010	11187.2802734375
26nov2010	11091.8701171875
29nov2010	11052.490234375
30nov2010	11006.01953125
01dec2010	11255.7802734375
02dec2010	11362.41015625
03dec2010	11382.08984375
06dec2010	11362.1904296875
07dec2010	11359.16015625
08dec2010	11372.48046875
09dec2010	11370.0595703125
10dec2010	11410.3203125
13dec2010	11428.5595703125
14dec2010	11476.5400390625
15dec2010	11457.4697265625
16dec2010	11499.25
17dec2010	11491.91015625
20dec2010	11478.1298828125
21dec2010	11533.16015625
22dec2010	11559.490234375
23dec2010	11573.490234375
27dec2010	11555.0302734375
28dec2010	11575.5400390625
29dec2010	11585.3798828125
30dec2010	11569.7099609375
