USUK	USDE	t
2.255000060987284	.560799968181194	1
2.231499988647941	.5602999576474279	2
2.243499671475567	.5599000462630213	3
2.226500343371702	.5562001875408116	4
2.220499121237255	.5555998155974731	5
2.216800632748781	.5529000694653926	6
2.231000188630176	.5534997381023741	7
2.237499617014154	.5541000571326073	8
2.220499121237255	.5489999107724681	9
2.206500993526573	.5447000515245417	10
2.181500624821988	.5329999226170895	11
2.201000434599985	.5349002489665524	12
2.189000397214387	.533800022425853	13
2.196499594891422	.5360000632004793	14
2.184500066825268	.532800085117981	15
2.180800475501398	.5298999838292648	16
2.193799561250801	.5285002503356293	17
2.199999207198748	.5282999866931095	18
2.174000459368384	.520000243051522	19
2.172800742267196	.5189000480545234	20
2.163499392742842	.513099754242716	21
2.142499204083256	.5071999370357501	22
2.152999529823119	.5114998432715422	23
2.138000400655137	.5092002099426358	24
2.13399967375504	.5071000284894689	25
2.150000339399949	.5118999925869711	26
2.180998937374547	.5290999095620299	27
2.188499173515729	.5287999949471365	28
2.197000453894813	.5325002030947703	29
2.212499783396377	.5352999687292745	30
2.192499023758457	.5275002181908806	31
2.214500787518159	.5355002083600562	32
2.221001010750033	.5378997900592525	33
2.231000188630176	.5413999468355709	34
2.232499924611787	.540099984544116	35
2.240999563411134	.5378997900592525	36
2.26000042197776	.5470998237858788	37
2.264500036199999	.5503999957965969	38
2.277499202529013	.5501001095253195	39
2.292999991112865	.5562001875408116	40
2.275500435816181	.5546000808609407	41
2.253000762753037	.5553998356624061	42
2.26000042197776	.5555998155974731	43
2.262499102710904	.5496997823823457	44
2.265999631535254	.5546000808609407	45
2.287000194302055	.5592000492445726	46
2.27980063875322	.5599000462630213	47
2.283999333543141	.5577000533086656	48
2.27349887624804	.5541000571326073	49
2.279998990036947	.5576002339332239	50
2.281999426214257	.5577000533086656	51
2.286499396098908	.5586997891003067	52
2.297000175245117	.5578997456705501	53
2.285500414156265	.5574998749236978	54
2.285500414156265	.5556998325655377	55
2.287299810951971	.5547997728324489	56
2.320500743258373	.558299903227537	57
2.318999864864002	.5578997456705501	58
2.337500041652603	.5605000204413919	59
2.373999296851035	.5674997330631465	60
2.351000541769363	.5639001963325336	61
2.346300893251741	.5636002812125802	62
2.329000021188767	.5599000462630213	63
2.351499006719636	.5634999692905504	64
2.336999870163947	.562600215434423	65
2.319500822936337	.5626998044859259	66
2.330999160715163	.5639001963325336	67
2.33300001623933	.5636002812125802	68
2.351000541769363	.5667001222975927	69
2.335000254232804	.5681998917931669	70
2.334299859221039	.566300173209891	71
2.338500705797281	.5665998252524964	72
2.342999626231411	.5705999088196892	73
2.338998859499102	.5667998702966836	74
2.331299879002807	.5653999059867925	75
2.329500810026194	.5669002027528866	76
2.324999909233584	.5645998662817034	77
2.33800032018941	.5650997583329681	78
2.340299704466373	.5660001136408994	79
2.334299859221039	.564999744527226	80
2.333700021239701	.5654999906273815	81
2.339700664422427	.5665998252524964	82
2.351000541769363	.5669002027528866	83
2.360199147473466	.5683999333603283	84
2.360999390618008	.5667998702966836	85
2.357000886340602	.5681998917931669	86
2.33800032018941	.5678000198407869	87
2.363399384989566	.5736998091726744	88
2.375500138622689	.5766002847123701	89
2.376500434728605	.5753999009533508	90
2.372499403311708	.5743002131295958	91
2.377199228574077	.5736998091726744	92
2.37280072986976	.5729997491792737	93
2.369000177256527	.5714998832695777	94
2.371500791285496	.5735001963737237	95
2.376799892648834	.5755000292470257	96
2.374998960969541	.5733998426205679	97
2.378999449687831	.5746000760982752	98
2.384000597899877	.5757999428829814	99
2.384999703448392	.5743002131295958	100
2.39300045723956	.5756001749645394	101
2.394000940517124	.5755000292470257	102
2.386999170859718	.5740998173263153	103
2.373999296851035	.5695999537965396	104
2.366499833483208	.5669002027528866	105
2.34650033730392	.5602999576474279	106
2.329999376544254	.5574000913769803	107
2.349000691365355	.5607001546705238	108
2.357000886340602	.5634999692905504	109
2.370500229085046	.5647997700152404	110
2.367501074660351	.5618002046705154	111
2.370000106301518	.5600002773417163	112
2.371199629809161	.5600002773417163	113
2.370699359467648	.5617002131335948	114
2.378100357834915	.5629998034243318	115
2.372399760429285	.5597001976216104	116
2.373500809341717	.5631000263089134	117
2.368000670092569	.5546999178605561	118
2.361799905090964	.555899920518932	119
2.368500370950545	.5562001875408116	120
2.366999217631248	.5553998356624061	121
2.366000554694108	.5537001412783534	122
2.373500809341717	.5539997740981548	123
2.373000053502545	.5543999063654202	124
2.389999125395388	.555799867538277	125
2.391500516233516	.5574000913769803	126
2.392500372404683	.556899770772497	127
2.419800261035357	.562600215434423	128
2.415900269403132	.5620002411477584	129
2.421499557201773	.5637998310303634	130
2.412501075417943	.5608997994602506	131
2.418000599198365	.5626998044859259	132
2.403999959918202	.5625000815082595	133
2.400199838670073	.5621997866505969	134
2.412599989989769	.5627999739659436	135
2.41300051483075	.5613997838915564	136
2.38949966777332	.5605997983249986	137
2.386500340162632	.5605000204413919	138
2.394498944503371	.5617002131335948	139
2.389000314526987	.5587998053137396	140
2.384000597899877	.5562001875408116	141
2.389100654647325	.554300123363014	142
2.40649901391029	.5513000845619834	143
2.404500043916797	.5554998166308426	144
2.402000663774076	.5566002392770184	145
2.39300045723956	.5532999607588992	146
2.388501065634578	.5511997570766712	147
2.389200998982036	.5521999886722152	148
2.389999125395388	.5541998041198507	149
2.386999170859718	.5531002555220293	150
2.387999533073556	.552000128453198	151
2.396000766113449	.5551000007138706	152
2.389000314526987	.5541998041198507	153
2.39300045723956	.5546000808609407	154
2.39300045723956	.5534997381023741	155
2.40699961776618	.5545002618303679	156
2.408699559505147	.5534997381023741	157
2.411201087716451	.5507000455504372	158
2.403898994040183	.5462000382026125	159
2.410299467123205	.5463999840044445	160
2.416499486969851	.5441001226892629	161
2.418999439692199	.5403998232330777	162
2.441500965565642	.5360997684845386	163
2.432999844771234	.5340002349717689	164
2.446498943731092	.5378997900592525	165
2.446498943731092	.5360000632004793	166
2.440300042541872	.532199957657397	167
2.429000850101483	.5275999251541298	168
2.441999082568824	.5277001786636909	169
2.441999082568824	.5279999975056623	170
2.437500185518461	.525200071717901	171
2.445500975761359	.5229000197593728	172
2.451999955682638	.5221998029829112	173
2.446498943731092	.5144000545566123	174
2.445500975761359	.5142997563253691	175
2.406000920168892	.5103002505125629	176
2.394498944503371	.5215000023682931	177
2.393500646603091	.5305001702523839	178
2.397999864260441	.5279999975056623	179
2.422000859493112	.52729980618866	180
2.4055005240205	.5258001928037215	181
2.387701051787391	.5186002104881521	182
2.396499186106682	.523300191320595	183
2.37999883931383	.5225001542123296	184
2.391000744853551	.5219001463056929	185
2.360999390618008	.5195999969788859	186
2.354499080093563	.5216001399816511	187
2.355799122364431	.522999903201712	188
2.373500809341717	.522999903201712	189
2.353999979195148	.5189000480545234	190
2.350499831981452	.5163998037730204	191
2.346000585957482	.5132999021731803	192
2.344499625940907	.5147000372248699	193
2.347000195108731	.5144000545566123	194
2.33549999775786	.5101002520166282	195
2.343299549378241	.5092002099426358	196
2.336999870163947	.5040000054990273	197
2.338500705797281	.5010997980649878	198
2.304000592511358	.4981002086555779	199
2.319999569226573	.499000091432087	200
2.329999376544254	.50560022051723	201
2.312999113544534	.4950997606760254	202
2.320500743258373	.5008002299655339	203
2.325499837954481	.5020000799637911	204
2.329500810026194	.5020999879202158	205
2.349000691365355	.5075997680988836	206
2.371998858746918	.5144000545566123	207
2.360000899071627	.5128001914670828	208
2.360000899071627	.5128001914670828	209
2.364999948102686	.5102002414646694	210
2.382999527888177	.5128001914670828	211
2.3819988782376	.5098998220046628	212
2.384000597899877	.5040000054990273	213
2.402500331875822	.5129001972546663	214
2.420001112792256	.5157000401860394	215
2.415999323344769	.5147000372248699	216
2.400999238309003	.5103997687641271	217
2.404199500195682	.5088001358273453	218
2.39900003872572	.5050999239865622	219
2.386500340162632	.499000091432087	220
2.39550005427954	.50239983110729	221
2.403499979926261	.5001001002987053	222
2.400000630350723	.4947998211119227	223
2.412698908617177	.5003997499949087	224
2.413299745446504	.4986997837787179	225
2.426000459674015	.50239983110729	226
2.418000599198365	.4957998311211518	227
2.408499645738245	.4937998528827103	228
2.40880072701115	.4875999421584635	229
2.417799913477205	.4884999059634169	230
2.403499979926261	.4797999657310265	231
2.400999238309003	.4777001712966684	232
2.371000457405615	.4718000528456427	233
2.347000195108731	.4727001612772063	234
2.338500705797281	.4665999623896186	235
2.352999741769499	.4720001384832069	236
2.344000300700607	.4694999907667283	237
2.324999909233584	.4644998702782874	238
2.335999848239474	.4666998254665382	239
2.336999870163947	.4649999411285768	240
2.33300001623933	.4639001239654338	241
2.318000591281172	.4592001992821808	242
2.297000175245117	.4531001936137695	243
2.276499599807954	.4548998473383963	244
2.277499202529013	.4633002254230871	245
2.277000484815243	.4670000099532831	246
2.325999874171608	.4793999793771008	247
2.266999157752093	.4745999691417339	248
2.240000300458056	.4782001070966859	249
2.231799029681722	.4775998647932476	250
2.22290077864927	.4720001384832069	251
2.193499031297681	.4676000230920636	252
2.175999284109835	.4636000776606746	253
2.190999867196199	.4624998714387343	254
2.214500787518159	.472100213120102	255
2.197699211135665	.4672999202205678	256
2.188499173515729	.4670999586495421	257
2.197499229606749	.469999804610716	258
2.211999814943892	.4753998688162612	259
2.22330093680258	.4729999482018694	260
2.218801088989654	.4732000695026299	261
2.219999565137145	.4742000499573671	262
2.240999563411134	.4782001070966859	263
2.252500652098043	.4795999308554869	264
2.268999533045056	.4829998190342135	265
2.281000129327569	.4894000626302671	266
2.270499837532406	.4840998944838755	267
2.25200065245529	.4789998474726395	268
2.257800253222874	.4788001461768575	269
2.257499985757425	.4781001737177045	270
2.260999562958164	.4764002103311191	271
2.23000092439757	.4711998334990404	272
2.233699099020815	.471900085059886	273
2.24199927213489	.4769998989207513	274
2.23850000291255	.4755001887719645	275
2.230699023933785	.474799817793932	276
2.205001082878391	.4707999546130062	277
2.17450053698076	.4650999268640008	278
2.182499980943239	.4663000350507753	279
2.209000166916508	.471900085059886	280
2.188499173515729	.4654000130842305	281
2.182499980943239	.4654000130842305	282
2.160500699159841	.4599999031695485	283
2.177999946615546	.4623999822549237	284
2.162500086880824	.4597998467271007	285
2.14949944767702	.4572001586765368	286
2.158200990727341	.4575001803769873	287
2.183298922133583	.461399969198083	288
2.182299200181049	.4616999766699274	289
2.168999497128823	.4592998565378462	290
2.167000601225084	.4591001045494595	291
2.152500091869243	.456499807789398	292
2.140199395156529	.4520000448157597	293
2.144799339531221	.4524997809186287	294
2.1365000510582	.4537998668716159	295
2.125000419950234	.44670002261377	296
2.1130005522666	.4410001779590992	297
2.116001028384602	.4432000636209493	298
2.108500433919904	.4401001343031772	299
2.113499279244404	.443299794854607	300
2.105999128723163	.438600194299119	301
2.092500997324463	.4364999579661346	302
2.08219994365876	.4362001854786516	303
2.068999174958678	.4335002092771783	304
2.079499001422615	.4349000693137344	305
2.096000489502421	.4354000566811115	306
2.085999256177213	.4342000093517761	307
2.085000301802177	.4357001506906794	308
2.072299789534518	.4309001009858844	309
2.073499998539636	.4321999286478276	310
2.068000089655696	.4284998032946788	311
2.05829917795051	.4258998731043785	312
2.067499694184293	.4309001009858844	313
2.072799273969253	.429899851890835	314
2.061500261470745	.429899851890835	315
2.036500716631584	.4219999852072651	316
2.017699497918631	.4235998582019933	317
1.943499084008957	.4174001186831308	318
1.930999993345045	.4137000850214696	319
1.950999879738463	.4170000238454516	320
1.944500243813744	.4168999558483687	321
1.963000166277249	.4213999062857276	322
1.949999273477607	.4168999558483687	323
1.953500712025507	.4174998892336019	324
1.982500645250593	.4233000556450148	325
2.005699745256332	.4270001134767649	326
2.000999888741209	.4271999962988041	327
1.973500757585816	.4222000606143788	328
1.964999517943853	.4192000611928521	329
1.980000307481265	.421499789899258	330
2.004999878179146	.4250999335217588	331
1.984500013413269	.4223001338869588	332
1.958500246528653	.4216001187879182	333
1.939499596782094	.4167999118647234	334
1.946500217874923	.4194000673197101	335
1.943499084008957	.4185001628185477	336
1.903000783438596	.4140999123891271	337
1.876799626672473	.4142999709570659	338
1.895999234333109	.4080000426678162	339
1.901499907993686	.4092001002150015	340
1.890300856997977	.4054000182285022	341
1.879500405930515	.405900184740266	342
1.898000569043762	.4098000176940733	343
1.896300722179016	.4123998048685867	344
1.865499787931697	.4085998351702275	345
1.882999529862005	.4125998672851624	346
1.882500601097572	.415400152676196	347
1.877999284883894	.4121000991666702	348
1.874500080240168	.4088998575439837	349
1.843000592178689	.4055999297116205	350
1.856999475637928	.4082000116771297	351
1.859000541453707	.4098000176940733	352
1.862500612256788	.4103999938955369	353
1.871999292280424	.4118998671787895	354
1.861999666972252	.4090998584705638	355
1.861999666972252	.4082000116771297	356
1.848000049490379	.4047000919075088	357
1.853700664082756	.4060999367661272	358
1.813500580790116	.3980001089316992	359
1.803499600774657	.3965000943302296	360
1.80799952635833	.3988998085562785	361
1.794499225484053	.3958998514860815	362
1.789000349701979	.3941999543766811	363
1.76349916993138	.3883000164035457	364
1.77769929968144	.3905001209388045	365
1.813000123696074	.4003000051973388	366
1.801500628352481	.3975999221498155	367
1.810000280047322	.3955998731048246	368
1.824000197626508	.3999998927496764	369
1.826999493197816	.4010998019393276	370
1.827500159647124	.4004998047457737	371
1.859999092831517	.4042001915959449	372
1.871499535189926	.4071999241573066	373
1.866499963841226	.4054000182285022	374
1.825500142181712	.4003000051973388	375
1.839000100000806	.403599996166883	376
1.839000100000806	.4033998602066053	377
1.843000592178689	.4076998651153024	378
1.848499076869406	.4081000149243711	379
1.833999314388071	.4066001536085854	380
1.841499158613349	.4099000210983099	381
1.847499309330323	.4121998394587571	382
1.844800238841369	.4145001261766326	383
1.799000081011857	.4115001065229664	384
1.791999436321581	.4128999364506041	385
1.78949955043481	.4138999504261446	386
1.786999577951231	.4157999598995117	387
1.771500628309727	.4213000463418087	388
1.824000197626508	.4262999809064379	389
1.843000592178689	.4298001266937665	390
1.850999937822393	.439100044531094	391
1.83350053441171	.4418998527790257	392
1.844999488026426	.4470999980963385	393
1.841000179956027	.4404999267034063	394
1.82950053882968	.4389999411331619	395
1.78199941363546	.428300168904769	396
1.790999779566286	.4304999806767288	397
1.774999249304061	.4254001600423166	398
1.798000114983131	.4331998977021287	399
1.808500411596534	.4296999949300503	400
1.835500139581058	.4302000267362887	401
1.827999135297785	.4374998132682446	402
1.847000551852093	.4476001354188791	403
1.84949938542906	.4474001028689525	404
1.862200773795858	.4508998618240151	405
1.884500878695342	.4495999911890341	406
1.900000216272462	.4565997921951966	407
1.876499362753959	.4579002103222584	408
1.865999808874676	.4535000042751199	409
1.84900008800318	.4477998096033092	410
1.860199983581448	.4527998877477985	411
1.83249971636811	.4458998070808298	412
1.837000355950034	.4464999458241862	413
1.831999512226513	.4486998950043017	414
1.823500490035425	.4426999731033381	415
1.814500094950995	.4382998560436205	416
1.820499656593017	.439100044531094	417
1.803999239360821	.4316000196801652	418
1.812699190653674	.4337000989446834	419
1.81700038263474	.4357999374503354	420
1.835500139581058	.4392998805105934	421
1.843000592178689	.4436000104272285	422
1.873699839569448	.4502001577994069	423
1.872999206855933	.4502001577994069	424
1.876499362753959	.4523997895165026	425
1.879000525309608	.4522998202100347	426
1.877000454976649	.4506001130934014	427
1.893000241873953	.4544001870198073	428
1.875499455092675	.4508998618240151	429
1.877999284883894	.4517000164064573	430
1.88749961845882	.4533997918480562	431
1.913000592153716	.4514999576154833	432
1.923699201799327	.4472001597135944	433
1.897499563029238	.4447997936332039	434
1.898799795508696	.4451998484453745	435
1.916500755410716	.448399815162443	436
1.901499907993686	.444099785359452	437
1.904999983657645	.4438999854143995	438
1.912000354428984	.4477998096033092	439
1.932999612962806	.4492000252081385	440
1.951499399643496	.4498999744164419	441
1.961000887913137	.45330005486532	442
1.94600003159562	.4486998950043017	443
1.947000532718621	.4493999637023716	444
1.932500963391222	.4477998096033092	445
1.953500712025507	.4507001574230179	446
1.948999180396122	.4485998460835851	447
1.922199301459101	.444099785359452	448
1.92699924956424	.4468000946264825	449
1.895000305977356	.4439998741481789	450
1.880000419537354	.4429997824591451	451
1.856500009960127	.4348000538000173	452
1.882500601097572	.4411999962951508	453
1.8914996877305	.4404999267034063	454
1.893500059910885	.4399998029107695	455
1.868500056160755	.4360998709726019	456
1.878500777639262	.438600194299119	457
1.881000845850352	.4392001707552028	458
1.890000323054796	.439100044531094	459
1.890000323054796	.4415001143211958	460
1.890000323054796	.4404999267034063	461
1.888500258402765	.4398999342910259	462
1.903000783438596	.4413001600624673	463
1.908500776371951	.4447997936332039	464
1.932999612962806	.4480999360068614	465
1.918199527524929	.4429997824591451	466
1.925999396438046	.4455000142877524	467
1.914200419631604	.4420001754317968	468
1.915500603078861	.4420001754317968	469
1.895000305977356	.4398000883388861	470
1.880500566165504	.4365999279026297	471
1.876499362753959	.4383997998039541	472
1.859500679864959	.4342000093517761	473
1.876199146873829	.4351001693651022	474
1.876499362753959	.4345001452432462	475
1.892799594482814	.4368999751075126	476
1.883799974744685	.4334000822939471	477
1.888500258402765	.4351001693651022	478
1.870799725236383	.434100154833335	479
1.856999475637928	.4281999583903328	480
1.857699696423568	.4289002090713457	481
1.875499455092675	.4326998406588159	482
1.873499364412226	.4295998864943173	483
1.885000337603579	.4330998400828595	484
1.867000252867271	.4262999809064379	485
1.863299796432194	.4251998437451279	486
1.868699996363374	.4257001728972516	487
1.864500147972807	.4258998731043785	488
1.856500009960127	.4254001600423166	489
1.861999666972252	.4257001728972516	490
1.83849995999573	.4202998053889841	491
1.847000551852093	.4222000606143788	492
1.850000667683189	.4224999290981298	493
1.834999116435724	.4189000213761106	494
1.827999135297785	.4160000077878835	495
1.837999956010236	.4186998350142449	496
1.843500113021187	.4197000455972983	497
1.856999475637928	.4241000010609252	498
1.850999937822393	.4264001731740813	499
1.838799659914089	.42389987309434	500
1.824000197626508	.4226998188347892	501
1.82950053882968	.4210999763401834	502
1.822000366517626	.4196001688722478	503
1.821499385304908	.4194998964149234	504
1.820499656593017	.4207001213238654	505
1.810999676009818	.4213000463418087	506
1.824700748199498	.4222000606143788	507
1.83720059990193	.4257997983934381	508
1.82500002366212	.4276000426878433	509
1.811499580904098	.4233999662471343	510
1.806999979020565	.4234999004309385	511
1.812699190653674	.4233999662471343	512
1.799000081011857	.4209000013492421	513
1.805000736828507	.4218999830614934	514
1.807500587345806	.4203998486473422	515
1.808500411596534	.4218000046134219	516
1.808999626598636	.4207998390687052	517
1.801300672880468	.4196001688722478	518
1.804699326873888	.4192000611928521	519
1.803000100569215	.4185001628185477	520
1.810999676009818	.4207998390687052	521
1.801999713146587	.4178001795954094	522
1.787299819099877	.4174001186831308	523
1.779499241989909	.4137000850214696	524
1.7815005236475	.4145001261766326	525
1.782999395775273	.4145001261766326	526
1.78649928811325	.4164999239367942	527
1.785999138336815	.416699891888753	528
1.766999658372566	.4146999633943503	529
1.749499942571604	.4142999709570659	530
1.762499549321253	.4149998998818592	531
1.757000335226917	.4128000267555437	532
1.754000186011725	.4130998283897933	533
1.755000251109228	.4131998106456286	534
1.762499549321253	.4140999123891271	535
1.7650005464701	.4137997987569823	536
1.755000251109228	.4123000161907256	537
1.76200083252055	.4127001412357043	538
1.7650005464701	.4140999123891271	539
1.772500036470702	.4174001186831308	540
1.771700819191298	.4174001186831308	541
1.774999249304061	.4168999558483687	542
1.770000802543426	.4189000213761106	543
1.770500013155131	.4213999062857276	544
1.776000631243831	.4218000046134219	545
1.782699877037062	.4241000010609252	546
1.782999395775273	.4242997992101954	547
1.801999713146587	.4300000302266485	548
1.813500580790116	.4289002090713457	549
1.804500820865962	.4271000431946395	550
1.800999880784936	.4312001118478397	551
1.821499385304908	.4334000822939471	552
1.826000397752553	.4360998709726019	553
1.835500139581058	.4374998132682446	554
1.83350053441171	.4387002065443819	555
1.840799521872476	.4389999411331619	556
1.82899932435156	.4362001854786516	557
1.818000007716888	.4324000835470751	558
1.824500042156231	.4360000155360331	559
1.801999713146587	.4296999949300503	560
1.798000114983131	.4324000835470751	561
1.777000801120623	.4312001118478397	562
1.797000704780983	.4351001693651022	563
1.811700668517735	.4360000155360331	564
1.801999713146587	.4316000196801652	565
1.800999880784936	.4321999286478276	566
1.798000114983131	.4283999744710207	567
1.790000680463861	.4254001600423166	568
1.784499528984717	.4217000498574349	569
1.783999939062454	.4194998964149234	570
1.795500835475072	.42389987309434	571
1.796799451972415	.4241000010609252	572
1.788799992883003	.4194998964149234	573
1.789699985608619	.4180998497430892	574
1.776300800714117	.4154998606773199	575
1.768999265550893	.4142999709570659	576
1.772500036470702	.4179000457718655	577
1.764499357487107	.4131998106456286	578
1.755500497462513	.4130998283897933	579
1.754500147305839	.4114001241454322	580
1.746500375035155	.4088998575439837	581
1.740499254597345	.407300107660715	582
1.721699699046368	.4028000475858804	583
1.73999980298601	.4066001536085854	584
1.725800498597378	.4023998632631381	585
1.740499254597345	.4060000484684471	586
1.723499815628971	.4014998978565342	587
1.715699724446175	.4013999368276325	588
1.728500033913962	.4043999158184147	589
1.740499254597345	.4075001411177714	590
1.734499674906741	.4060000484684471	591
1.733499157271416	.4054000182285022	592
1.728500033913962	.4029998859653041	593
1.708300471540619	.3973999796787213	594
1.711499693661889	.3985999486616956	595
1.72499991291627	.4021999202210579	596
1.73749948143137	.4063001933941557	597
1.729499395721304	.4028000475858804	598
1.727499522070455	.4016998946007228	599
1.720799485530121	.4000999052239022	600
1.716499426833952	.4012000894252258	601
1.741500329450177	.4060000484684471	602
1.736200317767044	.405799939775398	603
1.744500032020835	.4103999938955369	604
1.745499916978866	.4103999938955369	605
1.762700485723032	.4164999239367942	606
1.759799707469661	.4148998969568241	607
1.750999906665198	.4109001656308538	608
1.7451997168111	.4093998385961075	609
1.736999153631379	.4067998433038156	610
1.740699423521116	.4076998651153024	611
1.750999906665198	.4111998210627328	612
1.75380024138758	.4111998210627328	613
1.731799428451432	.4043000413742091	614
1.717000717851514	.4025000733047231	615
1.706700543682045	.3993001057797595	616
1.692300760804262	.3955998731048246	617
1.711000008708894	.4007998914679767	618
1.697200281147937	.3962000573371515	619
1.697500712185062	.3973999796787213	620
1.713499893193219	.4009999405219071	621
1.703999269994417	.3977001299558505	622
1.703500071344482	.3978998255404865	623
1.73200032883713	.4031998234891498	624
1.721200478524119	.4021001870082727	625
1.743500719832771	.4073999084121848	626
1.739500494696719	.4063001933941557	627
1.755500497462513	.4109001656308538	628
1.768500478090345	.4128000267555437	629
1.763000170278071	.4118001994712112	630
1.737999953346518	.4054000182285022	631
1.725300089015681	.4021001870082727	632
1.715799237916056	.399899905275444	633
1.722500475572538	.4013999368276325	634
1.736999153631379	.4055001644005478	635
1.733499157271416	.4043000413742091	636
1.730999521908127	.4048000651764004	637
1.721200478524119	.4013999368276325	638
1.721999300858604	.4017999303284096	639
1.713499893193219	.3993999432853726	640
1.703200281714187	.3964001888950719	641
1.707999837114234	.3984999126296287	642
1.714499154887432	.3997999427949558	643
1.703999269994417	.3971000559295261	644
1.711999524544196	.4004998047457737	645
1.71400030821907	.4009999405219071	646
1.710799833418357	.3996000927902231	647
1.716200781916544	.4009001039668841	648
1.711000008708894	.3989999449748209	649
1.705199307844253	.3971000559295261	650
1.702500410231844	.3949998080620477	651
1.695000439289116	.3939000823271872	652
1.69850083461168	.3958998514860815	653
1.692300760804262	.3953001220210241	654
1.695500538179666	.3966000249447295	655
1.685000734989873	.3922001432392674	656
1.684200549699804	.391700015006165	657
1.69070060127933	.3927001246422824	658
1.697200281147937	.3954001456043452	659
1.711499693661889	.3977999652172706	660
1.717799308843331	.3997999427949558	661
1.723499815628971	.4017999303284096	662
1.711999524544196	.3989999449748209	663
1.707499466469839	.3973999796787213	664
1.703500071344482	.3969999993230938	665
1.708199684786037	.3981000194972926	666
1.708500354388708	.3980001089316992	667
1.695500538179666	.3955001944968343	668
1.696000784621151	.3953001220210241	669
1.699299317632759	.3955998731048246	670
1.683200431637753	.3916001442364027	671
1.685499569031226	.3927998831427347	672
1.685000734989873	.3932998425008335	673
1.678799576141164	.3914999074303368	674
1.674000046759368	.3898001917460493	675
1.678500776410576	.3912999020833581	676
1.683299743392888	.391899832963066	677
1.679299932964318	.3912001333293836	678
1.669000593029689	.3887001714649209	679
1.662000504528004	.3881998479216033	680
1.65520025250211	.3858000688693603	681
1.656799948474784	.3867000310786493	682
1.665699241272282	.3888000802467159	683
1.654500250856087	.3859999650736817	684
1.650499550550573	.3858000688693603	685
1.630999472145077	.3858000688693603	686
1.623999607415122	.3883000164035457	687
1.598200006459564	.3902998457517406	688
1.602500144525174	.389400072445555	689
1.618199319722452	.3929000598849279	690
1.594000668893511	.3938000444116292	691
1.592700494890831	.391899832963066	692
1.597500148136896	.3955001944968343	693
1.596500425989842	.3966999807449174	694
1.605499623434143	.4005999422136221	695
1.614699707892015	.4033998602066053	696
1.630399374764018	.4071001723959778	697
1.63080050234688	.4065001422726964	698
1.636699968035738	.4099000210983099	699
1.629999975845567	.4137000850214696	700
1.627000279458586	.4140001263349439	701
1.6256991997363	.4090998584705638	702
1.614000694265869	.4082000116771297	703
1.616699944021079	.4079000949014639	704
1.604700283673793	.4050000858096263	705
1.619499255630606	.4103999938955369	706
1.613500431595367	.4082000116771297	707
1.620999606496561	.4128000267555437	708
1.618500332789268	.4148998969568241	709
1.614000694265869	.4131998106456286	710
1.607499715264133	.4159001797658562	711
1.610999832142126	.4160000077878835	712
1.598500496305939	.4162001519224351	713
1.603000202575265	.4194998964149234	714
1.614000694265869	.4209000013492421	715
1.62369919527673	.4219999852072651	716
1.621700029607066	.4212002100618921	717
1.617000678178076	.4197000455972983	718
1.625000299354764	.4222000606143788	719
1.624499876331664	.42389987309434	720
1.621500572770272	.4256001451103461	721
1.610999832142126	.4259999713356395	722
1.603500416667809	.4270001134767649	723
1.600000593206933	.4287998581639371	724
1.567500010149659	.4271000431946395	725
1.579499460979918	.4242997992101954	726
1.576000013497357	.4267998973778895	727
1.580000241678595	.4233000556450148	728
1.589500792574617	.4223998084796955	729
1.573499311558773	.4182002057492665	730
1.570499937185397	.4140001263349439	731
1.568800006432081	.4127001412357043	732
1.573499311558773	.4102001777576886	733
1.535499906489988	.4042001915959449	734
1.540499939836412	.4130998283897933	735
1.547200238706842	.4138999504261446	736
1.539999358704805	.4102998685128199	737
1.539800711600546	.4117001441799499	738
1.524299560566234	.4071999241573066	739
1.524799612826187	.4064001555365701	740
1.518000487318399	.4016998946007228	741
1.522500425383644	.4051998000774524	742
1.517200711820936	.4037001013784655	743
1.523999303129131	.4051001331861636	744
1.539500479735342	.4109001656308538	745
1.540499939836412	.4111998210627328	746
1.541000683683327	.4143998292825115	747
1.547000662748975	.4163000519464198	748
1.536499842372928	.4137997987569823	749
1.547200238706842	.4171001158617361	750
1.54180067061681	.4167999118647234	751
1.543500671484267	.4165998959146966	752
1.548500432912471	.4172999546748086	753
1.519999491015644	.4146000327452991	754
1.518499991642683	.4110999116457004	755
1.525200687863416	.4150999269105035	756
1.529700554138388	.4146999633943503	757
1.517800124478311	.4107999182211212	758
1.508500332447824	.4097000386876908	759
1.506799703407923	.4115001065229664	760
1.511700233750372	.4128000267555437	761
1.514499467675826	.4154998606773199	762
1.517200711820936	.4192998426809422	763
1.505000153207745	.4157999598995117	764
1.505200331539686	.4163999759492877	765
1.509499290286467	.4183001675433992	766
1.499699867868191	.4174998892336019	767
1.506499880100353	.4185001628185477	768
1.513999765306919	.419999818436023	769
1.505499896211358	.4189000213761106	770
1.505700141013539	.4202998053889841	771
1.489999821263533	.4180998497430892	772
1.471999970108561	.4137997987569823	773
1.473500702571433	.415400152676196	774
1.460999806025143	.4121998394587571	775
1.464199973307041	.4146000327452991	776
1.458999606740247	.4131998106456286	777
1.453300243209793	.4109001656308538	778
1.454700445433166	.4115001065229664	779
1.466000581321217	.4128999364506041	780
1.481000688242095	.4118998671787895	781
1.476999994757769	.4118998671787895	782
1.488500146656414	.4137000850214696	783
1.501000671470512	.4130998283897933	784
1.514499467675826	.4137000850214696	785
1.50730004396139	.4140999123891271	786
1.505499896211358	.4121000991666702	787
1.523999303129131	.4133998477590576	788
1.534500621353466	.4128000267555437	789
1.541199485593969	.4101001011241615	790
1.534000455682339	.4098000176940733	791
1.544499639550039	.4099000210983099	792
1.560299827641471	.4070000380705954	793
1.555199759373195	.4075001411177714	794
1.550499287454916	.4067001895502895	795
1.543999302725767	.4073999084121848	796
1.546700573729977	.4082000116771297	797
1.565499590176695	.4101001011241615	798
1.572500456665925	.4076998651153024	799
1.565299219053178	.4076998651153024	800
1.558500280178966	.4051001331861636	801
1.560499558801931	.4066001536085854	802
1.568699606444503	.4055001644005478	803
1.577400123065987	.407300107660715	804
1.583000346837119	.4096000840732099	805
1.578700436422923	.4093998385961075	806
1.577499502404156	.4093998385961075	807
1.570999435581458	.4107999182211212	808
1.564499555483685	.408800098149884	809
1.570000597604573	.4096000840732099	810
1.5693994025119	.4098000176940733	811
1.565000275452362	.4086999543939483	812
1.56000027883217	.4060000484684471	813
1.551699838456709	.4052998967895065	814
1.56000027883217	.4067001895502895	815
1.555299295342912	.4043999158184147	816
1.558000081875151	.4037001013784655	817
1.552300462507449	.4013000006859284	818
1.570999435581458	.4017999303284096	819
1.58499935438328	.401899990968094	820
1.594000668893511	.4012000894252258	821
1.597000208835112	.3985999486616956	822
1.603500416667809	.3964001888950719	823
1.589000178675784	.3923001670282846	824
1.582699605342566	.394000145655603	825
1.560499558801931	.3931000969205161	826
1.576499684695336	.3897000259686243	827
1.570699403343253	.389500161125018	828
1.573000591328342	.3889000147083677	829
1.579000418003191	.3906001017667648	830
1.576999514314193	.3914999074303368	831
1.558000081875151	.3929998691753819	832
1.533000613369248	.3898001917460493	833
1.517200711820936	.3889999748564765	834
1.526999959936872	.3907001081930935	835
1.525499656496206	.3922001432392674	836
1.531699648186362	.3912999020833581	837
1.530999821369748	.3921001449530648	838
1.530499266273379	.3964001888950719	839
1.54330002943899	.3962000573371515	840
1.549299665320081	.3958000972930633	841
1.542800081225436	.3962999123328015	842
1.530000404831407	.3929998691753819	843
1.529200423832946	.3931999570268305	844
1.533500453038646	.3941999543766811	845
1.532499404120854	.3936000447932722	846
1.530000404831407	.389899993369199	847
1.53900022337549	.3893000094855776	848
1.53900022337549	.3888000802467159	849
1.538000198273663	.3883000164035457	850
1.533500453038646	.3867000310786493	851
1.528000472542739	.3860999520123855	852
1.530199317813099	.3864000682551603	853
1.530000404831407	.3881998479216033	854
1.514999334973727	.3847998307613746	855
1.522699886003754	.3859999650736817	856
1.520499653120343	.3855000331448106	857
1.526500712581364	.3883000164035457	858
1.526999959936872	.3883998223322739	859
1.520499653120343	.3858000688693603	860
1.518000487318399	.3833001175181221	861
1.525499656496206	.3832000892417078	862
1.526500712581364	.3815001633803191	863
1.527200010034619	.3806998536565441	864
1.52150047112511	.3782000464269952	865
1.531500540174399	.3740001801063277	866
1.508500332447824	.3760000509826867	867
1.502799947826276	.3757001226293318	868
1.487500210574014	.3763999515463746	869
1.481699885564532	.3723999007849166	870
1.48370004751607	.370399917108235	871
1.490500545320408	.372000157991778	872
1.482500219573472	.3675999590128247	873
1.476999994757769	.3653001260946046	874
1.48030034056184	.3663998703611671	875
1.487699548957604	.3682000037494393	876
1.501500587925581	.3735998403336493	877
1.517499629803619	.3791998136616475	878
1.518999660330925	.3794998793745978	879
1.521199243854311	.3767000618858413	880
1.525499656496206	.3790000280079914	881
1.52749937057296	.3809999633689229	882
1.525499656496206	.3791998136616475	883
1.507000121095957	.3790000280079914	884
1.493999870454331	.374100051486652	885
1.499999837837762	.3723999007849166	886
1.496799257620699	.3718000757337319	887
1.491499515303347	.3697999852187661	888
1.501700300784386	.3718000757337319	889
1.493999870454331	.3712001032196324	890
1.499500421049272	.3738001435245277	891
1.487299411599822	.3712999694788081	892
1.491199754027789	.3729999475331977	893
1.493799687884222	.3742998742620786	894
1.503999660806455	.3759000482700757	895
1.493000718794492	.3735998403336493	896
1.491499515303347	.3723999007849166	897
1.492500647320345	.3728000731324445	898
1.496999842160084	.3738999614879539	899
1.503300463540144	.375200023206146	900
1.511000478547975	.3762001362277655	901
1.505000153207745	.375200023206146	902
1.498000172127658	.3734000178763442	903
1.500499420959736	.3760000509826867	904
1.503500415798325	.3782000464269952	905
1.495500599564217	.3771998974856672	906
1.498500587749906	.3791000972239408	907
1.496000180189792	.377800122375004	908
1.494999690770271	.379900083117782	909
1.482999906339959	.3812000408654389	910
1.475500124826041	.3800000099794483	911
1.484700398428484	.3846001714652784	912
1.493000718794492	.3877001683801834	913
1.503500415798325	.3891999722384767	914
1.515299334541029	.3872998808903304	915
1.509700067043434	.3865998887395927	916
1.501500587925581	.3834001719053239	917
1.501799416275013	.3842000110064391	918
1.496299410147828	.3812000408654389	919
1.502499417890706	.3842999159963867	920
1.500799550855917	.3869998397635946	921
1.498000172127658	.3859000040282418	922
1.498800317839466	.3858000688693603	923
1.50129940032667	.3871000857033822	924
1.496000180189792	.3834001719053239	925
1.498699901582153	.3839998949354679	926
1.495200034151541	.3824000374005921	927
1.492300665632676	.3817001218504742	928
1.494300194609859	.3822998617143811	929
1.493999870454331	.3800999631253354	930
1.493499464320436	.3775999413627994	931
1.484299583433368	.377099952756095	932
1.488500146656414	.3774998906356451	933
1.485000338201864	.3750000948794094	934
1.485699938104001	.3731999290953462	935
1.481499869581364	.3729999475331977	936
1.485199341580112	.3746001831690118	937
1.486799762943199	.3759000482700757	938
1.486200703357348	.3735998403336493	939
1.487199765877414	.3740001801063277	940
1.483799458749493	.3735998403336493	941
1.486000079804789	.3738001435245277	942
1.478499910831084	.371500154107268	943
1.46999941083787	.3697999852187661	944
1.468000102477672	.3694998295104782	945
1.468800380589499	.3708001651137308	946
1.469699561543727	.3710998927207891	947
1.459799357636472	.3684998405695213	948
1.439300166546468	.369299984165753	949
1.455499295241917	.3674000390182905	950
1.466000581321217	.3710000802750231	951
1.460500229523934	.3704999385881464	952
1.455499295241917	.3687999215561371	953
1.450299374073762	.3648999764784501	954
1.44699935225154	.3656999831144617	955
1.447999574340879	.365499999924087	956
1.44069984644258	.365499999924087	957
1.435499683358907	.3638000046923344	958
1.434000369717615	.3634999934601127	959
1.421000214407653	.361700050646715	960
1.417500344991518	.3624999291991922	961
1.417999392940241	.3615998736078463	962
1.415500246905945	.3605001161737153	963
1.417500344991518	.3608001770783991	964
1.419700593878535	.3615998736078463	965
1.421999528776226	.3608001770783991	966
1.426999516968146	.3615000858140796	967
1.431999901852937	.3624999291991922	968
1.43249975703834	.3624999291991922	969
1.434700332675108	.3633001234330055	970
1.44699935225154	.3663998703611671	971
1.451000037868125	.3671998605506128	972
1.43320042071784	.3638000046923344	973
1.414499841916218	.3582998762687227	974
1.412200321840262	.3568998745446834	975
1.407000312167956	.356399851518617	976
1.397500103349158	.3531999329811301	977
1.405499843477275	.3554001291031912	978
1.396699565166031	.3527001558017785	979
1.396199636214324	.3523000682175978	980
1.410000416810053	.3554001291031912	981
1.417000055675995	.357299826335368	982
1.416000006695516	.3570001775013359	983
1.407499885947875	.3552000951453489	984
1.420500110355658	.358399855880709	985
1.422500160716408	.3544000213530299	986
1.406000290495837	.3552999203968757	987
1.398000497951446	.3535999816901146	988
1.401499871590784	.3544999762520298	989
1.405499843477275	.3554001291031912	990
1.40349983604342	.3549000778401142	991
1.406499509205041	.3559998391343542	992
1.403300553216118	.3552000951453489	993
1.406800532308334	.3572001535888151	994
1.417799469120797	.3613999641577986	995
1.423500529917966	.3631998664350402	996
1.422999545909793	.3638000046923344	997
1.412800634534456	.361700050646715	998
1.414000611591357	.3631000002040066	999
1.422500160716408	.3659000757255653	1000
1.413500143962851	.3646001519425513	1001
1.417500344991518	.3653998666429938	1002
1.420200416451192	.3653001260946046	1003
1.43979969036663	.3736999785087748	1004
1.44699935225154	.3740001801063277	1005
1.45049952919777	.3727001760996453	1006
1.447200499140888	.3700001011372446	1007
1.452999441193532	.3761000802995574	1008
1.462499561068899	.3770000345083672	1009
1.466000581321217	.3801999425623571	1010
1.467300033408537	.378299904419927	1011
1.491499515303347	.3841001319884124	1012
1.493000718794492	.3855998905843754	1013
1.478999728265333	.3832000892417078	1014
1.481699885564532	.3871999704100668	1015
1.486000079804789	.3885000424142703	1016
1.481499869581364	.3904001657026603	1017
1.48030034056184	.3914999074303368	1018
1.466999267731224	.3885000424142703	1019
1.459500129440094	.3873998171508233	1020
1.451699588464527	.3841001319884124	1021
1.460799662761844	.3877998201281582	1022
1.475699330788992	.3923998239266001	1023
1.456700577621338	.3867000310786493	1024
1.445999821076926	.3801999425623571	1025
1.437999627128295	.3788999852068281	1026
1.438500138082391	.379900083117782	1027
1.431500221086556	.3775999413627994	1028
1.428300105856394	.3782000464269952	1029
1.43720032156315	.3806998536565441	1030
1.444999535339523	.3839998949354679	1031
1.454499710622717	.3873998171508233	1032
1.443999941560405	.3839998949354679	1033
1.45049952919777	.3871999704100668	1034
1.441999943959905	.3860999520123855	1035
1.436200378160012	.3855000331448106	1036
1.431500221086556	.3831000870692669	1037
1.431199637602499	.3824000374005921	1038
1.432999786703648	.3826999565828713	1039
1.424799354575271	.3809001544540591	1040
1.432700321043479	.3819001851263244	1041
1.431799435899622	.3812000408654389	1042
1.440200010322447	.3834001719053239	1043
1.434199709622808	.3824998568362233	1044
1.424000266302572	.3805000386893928	1045
1.421999528776226	.3791000972239408	1046
1.421000214407653	.378299904419927	1047
1.416499942931434	.3773998664184208	1048
1.418500035084089	.3763999515463746	1049
1.415500246905945	.3754000581230846	1050
1.416499942931434	.3757001226293318	1051
1.407499885947875	.373299960079897	1052
1.41150004416385	.3728000731324445	1053
1.403800217147965	.3708001651137308	1054
1.400199882997949	.3694998295104782	1055
1.396499851408087	.367799987793423	1056
1.394500100284904	.3659999800825626	1057
1.397699960153358	.3664999111807262	1058
1.40349983604342	.3673001197973076	1059
1.412499740045701	.3680998669676392	1060
1.388000191426571	.3624999291991922	1061
1.384499911905819	.3600000891115243	1062
1.382799406688586	.360099822948707	1063
1.379999311146796	.3589999606872973	1064
1.383500663741418	.3609001325706463	1065
1.386000137535959	.3615000858140796	1066
1.384499911905819	.3630001614324108	1067
1.394500100284904	.3646001519425513	1068
1.3984996732267	.3639000634510735	1069
1.388000191426571	.3605999885375792	1070
1.392799847527626	.3620999501064405	1071
1.391000121098649	.3646001519425513	1072
1.386800090379518	.3649999727708717	1073
1.375000369712065	.3617998936383925	1074
1.384499911905819	.3675999590128247	1075
1.383300070688523	.3652000475714385	1076
1.384999806599581	.3661998706368432	1077
1.386999803971567	.366299856849024	1078
1.397199673124344	.3712001032196324	1079
1.401199982707518	.3735998403336493	1080
1.396499851408087	.3738001435245277	1081
1.396499851408087	.3719001034072232	1082
1.398800382981584	.372099867394583	1083
1.394999420693826	.3704999385881464	1084
1.394699528057991	.3704999385881464	1085
1.38650057390894	.3686000861589383	1086
1.386000137535959	.3679000429969936	1087
1.385499881787904	.3682000037494393	1088
1.377499639033153	.3644000413945064	1089
1.375199759221063	.3630001614324108	1090
1.375499585448444	.361700050646715	1091
1.367000604567076	.3608001770783991	1092
1.363500104575673	.3589999606872973	1093
1.363500104575673	.3592998508411862	1094
1.350999920320641	.3560998891455193	1095
1.352700547690741	.3580001047441697	1096
1.348300620679407	.3578998787471357	1097
1.34869977673531	.358699962137029	1098
1.355499471413955	.3592998508411862	1099
1.348500183938585	.3578998787471357	1100
1.338500556845201	.3552999203968757	1101
1.327499370587321	.3535999816901146	1102
1.320999966261412	.3534999270536952	1103
1.312000406035334	.3521000185983204	1104
1.307500108578804	.3530000783832493	1105
1.308699636077673	.3521000185983204	1106
1.308999362611714	.3508999987342924	1107
1.324499960622632	.3534999270536952	1108
1.322500152417714	.3544000213530299	1109
1.322500152417714	.3516999083829357	1110
1.316500395010319	.3503999719399343	1111
1.317999425246269	.3501001579026687	1112
1.322800394028447	.3501001579026687	1113
1.316700518279344	.347300110869329	1114
1.321299867291232	.3479000684751601	1115
1.332000569938683	.3506001074571645	1116
1.330199591804005	.3512001465281074	1117
1.313000531344082	.3475999602313992	1118
1.304999946789074	.3452001103856104	1119
1.310500335774618	.3460998367588027	1120
1.301499420243722	.3436000305364332	1121
1.312500373427773	.3449999523730214	1122
1.323999394250521	.3488999758524255	1123
1.322699865018651	.3472001028392462	1124
1.304999946789074	.3424998702883756	1125
1.310500335774618	.3439001243349754	1126
1.310800474716108	.3445999844545112	1127
1.31349956635664	.3449999523730214	1128
1.304999946789074	.3426999486298132	1129
1.324499960622632	.3484000118469204	1130
1.320000347690317	.3465001595120668	1131
1.327000324650496	.3503001221771985	1132
1.321700281810757	.3493999585199964	1133
1.320000347690317	.3486000508594247	1134
1.31349956635664	.3470001731652846	1135
1.306999431922919	.3460998367588027	1136
1.310500335774618	.3484000118469204	1137
1.308999362611714	.3484000118469204	1138
1.304999946789074	.3468999046047447	1139
1.309499495887605	.3465999659294405	1140
1.31349956635664	.3479000684751601	1141
1.310500335774618	.3464000354345939	1142
1.309499495887605	.3465999659294405	1143
1.292999870971898	.3422999087585771	1144
1.283999736436211	.3392998667202557	1145
1.283500357674204	.3392001272218647	1146
1.277000540106751	.336299885737357	1147
1.273800561803081	.3340999764858512	1148
1.275499670156088	.333099844702988	1149
1.277800192710008	.3334001029090747	1150
1.269499844914594	.3300998812046203	1151
1.269499844914594	.3298999012766485	1152
1.245000585253882	.3251001468386906	1153
1.223999774673696	.3226000365476879	1154
1.237999784263162	.3228998712332881	1155
1.229000208212407	.3210000500285348	1156
1.235000036951274	.323199984594736	1157
1.255999914534218	.333099844702988	1158
1.235999556232203	.3261998658650295	1159
1.229500513102289	.3243999859667415	1160
1.246500468707179	.3321000500140765	1161
1.237999784263162	.327399873638391	1162
1.238200356474123	.3275000733294952	1163
1.239199987458649	.3283001492040419	1164
1.250200576947961	.331700110465781	1165
1.241499595313172	.3289998447833523	1166
1.242499404856749	.3297000424998004	1167
1.237999784263162	.3279998919561596	1168
1.232500459803058	.3254000273977699	1169
1.22450049297145	.3227000580615513	1170
1.223500484627725	.3218000142955966	1171
1.227500514707382	.3216999500519471	1172
1.207000069866721	.3176999166694189	1173
1.202999474298087	.3184999375644253	1174
1.200700336130567	.3210000500285348	1175
1.190999654165613	.3205000008401627	1176
1.196500444659816	.3254999405420639	1177
1.196500444659816	.3243000861564243	1178
1.203999582348571	.3277998730340399	1179
1.220500474956596	.3309000211956581	1180
1.220999761748042	.3297000424998004	1181
1.219000182241569	.329099875940132	1182
1.208500095276451	.3263000245974288	1183
1.20900051789623	.3270000353437588	1184
1.216000263210555	.3294999753005409	1185
1.222000170164241	.3311999524632094	1186
1.252500558644079	.3398000236991158	1187
1.259500230727161	.3392998667202557	1188
1.262500148763694	.3392001272218647	1189
1.276700480238241	.3425998948533756	1190
1.267499421407675	.3398000236991158	1191
1.263000197825784	.3383998819830439	1192
1.263000197825784	.3383000687410359	1193
1.276200111728623	.3412001581000426	1194
1.26200029768183	.3369000433151111	1195
1.261499383001794	.3374000367328308	1196
1.260999928144713	.3375998366895286	1197
1.251999658607307	.3351000952484596	1198
1.247000415627789	.3335998693948067	1199
1.222000170164241	.330699887229464	1200
1.220500474956596	.3300998812046203	1201
1.198300136958108	.326500107831753	1202
1.206500475261015	.3271001126656234	1203
1.199500235944537	.3246998700788984	1204
1.200000531847372	.3245998779184973	1205
1.202000196992171	.3231001312276359	1206
1.19149997908124	.3207000552511718	1207
1.206500475261015	.3254000273977699	1208
1.208200424413545	.3254000273977699	1209
1.203999582348571	.3250000314120313	1210
1.202500333095217	.3244999165509392	1211
1.205000521834258	.3239999232735068	1212
1.202999474298087	.3246998700788984	1213
1.197999401367627	.3234001073167926	1214
1.19149997908124	.3227000580615513	1215
1.190999654165613	.3223001579788468	1216
1.18949993961994	.3225000460356882	1217
1.184500302501554	.3236000303529696	1218
1.176000177015726	.3225000460356882	1219
1.172499740480875	.3216999500519471	1220
1.170099748144456	.3208001292791467	1221
1.170000293892729	.3206000124414233	1222
1.165999897475606	.3193000572381704	1223
1.165999897475606	.3181001527602577	1224
1.162000396904734	.3182000518915672	1225
1.158299521672975	.3169998431182783	1226
1.146500202568428	.3151999750987008	1227
1.147999658013865	.3151000725419863	1228
1.15350023227839	.316200112000199	1229
1.143799939951555	.3147001494547714	1230
1.150500425117556	.3169998431182783	1231
1.142500178474255	.3164000136332454	1232
1.134499971367762	.3172998668587228	1233
1.12899967804591	.3179001306777112	1234
1.121499915912035	.3151000725419863	1235
1.117699997306981	.3132000986158867	1236
1.123200275982169	.314000092025213	1237
1.118500557071248	.313700051379517	1238
1.122699440353728	.3149998866493191	1239
1.124999959886569	.3154998728537999	1240
1.124000279346069	.315599902167303	1241
1.113499768709054	.3147999252157711	1242
1.113200277554637	.3151999750987008	1243
1.117799477033524	.3165000118364376	1244
1.110499595386794	.3156999631951251	1245
