date	adjclose_IBM	time	IBM
02jan2001	66.130211	1	
03jan2001	73.781235	2	.10947873
04jan2001	72.660385	3	-.0153081
05jan2001	73.293915	4	.00868126
08jan2001	72.952782	5	-.004665182
09jan2001	72.173058	6	-.010745593
10jan2001	72.855316	7	.0094086919
11jan2001	73.050247	8	.002672018
12jan2001	73.147713	9	.0013333363
16jan2001	72.31926	10	-.01139038
17jan2001	75.389412	11	.041576359
18jan2001	84.45369	12	.11353649
19jan2001	86.744125	13	.026759366
22jan2001	84.648621	14	-.024453884
23jan2001	85.038483	15	.0045950781
24jan2001	86.110596	16	.012528575
25jan2001	86.354263	17	.0028257091
26jan2001	89.034561	18	.030566446
29jan2001	89.652489	19	.0069163381
30jan2001	90.923439	20	.014076863
31jan2001	87.328918	21	-.040336162
01feb2001	88.927345	22	.018138029
02feb2001	85.979996	23	-.03370503
05feb2001	87.500458	24	.017529363
06feb2001	89.036507	25	.017402448
07feb2001	91.261246	26	.024679752
08feb2001	89.067726	27	-.024329178
09feb2001	87.428444	28	-.018576372
12feb2001	89.692215	29	.025563302
13feb2001	88.79451	30	-.010059153
14feb2001	89.848335	31	.011798263
15feb2001	91.15976	32	.014490481
16feb2001	89.770279	33	-.015359616
20feb2001	87.038139	34	-.030907545
21feb2001	83.9235	35	-.036440734
22feb2001	85.008553	36	.0128462
23feb2001	81.183556	37	-.04603916
26feb2001	82.198349	38	.012422508
27feb2001	80.082893	39	-.026072951
28feb2001	77.983047	40	-.026570803
01mar2001	82.783806	41	.059740998
02mar2001	79.856522	42	-.036000915
05mar2001	81.893913	43	.025193125
06mar2001	82.744774	44	.010336188
07mar2001	83.954727	45	.014516835
08mar2001	83.111664	46	-.01009264
09mar2001	77.506874	47	-.069818422
12mar2001	74.54055	48	-.039023355
13mar2001	76.804321	49	.029917629
14mar2001	74.126831	50	-.035483345
15mar2001	74.595192	51	.006298495
16mar2001	70.333061	52	-.05883408
19mar2001	72.284584	53	.027368909
20mar2001	68.927963	54	-.047548935
21mar2001	69.536835	55	.0087946597
22mar2001	69.552444	56	.00022445642
23mar2001	72.994942	57	.048309084
26mar2001	74.470299	58	.020010224
27mar2001	77.670807	59	.042079099
28mar2001	73.697495	60	-.052510668
29mar2001	74.189278	61	.0066508311
30mar2001	75.079178	62	.011923628
02apr2001	73.892647	63	-.015929941
03apr2001	70.559441	64	-.046157837
04apr2001	71.816223	65	.017654916
05apr2001	76.663818	66	.065319471
06apr2001	76.460854	67	-.0026509757
09apr2001	74.938667	68	-.020108882
10apr2001	77.319534	69	.031276621
11apr2001	76.054939	70	-.016490666
12apr2001	75.094788	71	-.012704814
16apr2001	75.524124	72	.0057009803
17apr2001	77.826927	73	.030035349
18apr2001	83.135078	74	.065979257
19apr2001	89.356552	75	.072167836
20apr2001	89.637573	76	.0031400064
23apr2001	87.428444	77	-.024953902
24apr2001	87.951454	78	.0059643299
25apr2001	89.653183	79	.0191637
26apr2001	88.786705	80	-.0097117834
27apr2001	90.707008	81	.021397702
30apr2001	89.879562	82	-.0091640456
01may2001	92.510223	83	.028848583
02may2001	90.08252	84	-.026593028
03may2001	88.755478	85	-.014840985
04may2001	90.441605	86	.018819241
07may2001	90.472824	87	.00034512984
08may2001	91.989044	88	.016619965
09may2001	91.426331	89	-.0061359676
10may2001	90.035156	90	-.015333299
11may2001	87.385681	91	-.029868782
14may2001	87.971848	92	.0066854111
15may2001	88.769035	93	.0090210391
16may2001	90.504089	94	.019357149
17may2001	89.933556	95	-.0063239094
18may2001	91.785843	96	.020386942
21may2001	93.036331	97	.013532006
22may2001	92.231331	98	-.0086901877
23may2001	91.754578	99	-.0051825088
24may2001	93.473999	100	.018565934
25may2001	92.0672	101	-.01516457
29may2001	90.089859	102	-.021711137
30may2001	88.042191	103	-.022991467
31may2001	87.377869	104	-.0075741061
01jun2001	88.229759	105	.0097022811
04jun2001	88.815933	106	.0066217501
05jun2001	91.41851	107	.028881917
06jun2001	91.832733	108	.0045208251
07jun2001	91.637344	109	-.0021299263
08jun2001	90.738556	110	-.0098565184
11jun2001	91.723312	111	.010794212
12jun2001	91.637344	112	-.00093769323
13jun2001	91.082443	113	-.006073812
14jun2001	90.465012	114	-.0068019023
15jun2001	88.784668	115	-.018749187
18jun2001	89.308304	116	.0058804946
19jun2001	89.753792	117	.0049758037
20jun2001	88.38607	118	-.015355894
21jun2001	88.003113	119	-.0043421942
22jun2001	88.214134	120	.0023950157
25jun2001	88.042191	121	-.0019510643
26jun2001	88.347	122	.0034561059
27jun2001	88.722137	123	.0042371913
28jun2001	89.957001	124	.013822352
29jun2001	88.706512	125	-.013998479
02jul2001	89.370834	126	.0074610836
03jul2001	88.300102	127	-.012053126
05jul2001	87.612335	128	-.0078194644
06jul2001	83.235626	129	-.051246345
09jul2001	81.84446	130	-.016854845
10jul2001	79.687363	131	-.026709599
11jul2001	81.164505	132	.018367009
12jul2001	83.821793	133	.032215007
13jul2001	84.822182	134	.011864057
16jul2001	84.267281	135	-.0065634265
17jul2001	84.822182	136	.0065634265
18jul2001	81.500572	137	-.039947044
19jul2001	81.281738	138	-.0026886712
20jul2001	82.610382	139	.016213994
23jul2001	82.727615	140	.0014181047
24jul2001	81.680336	141	-.012740181
25jul2001	81.977325	142	.0036294025
26jul2001	82.844849	143	.010526875
27jul2001	81.828827	144	-.012339977
30jul2001	82.727615	145	.01092388
31jul2001	82.227417	146	-.0060646818
01aug2001	83.673294	147	.017431073
02aug2001	85.033203	148	.016121946
03aug2001	84.548637	149	-.0057148458
06aug2001	83.243446	150	-.015557556
07aug2001	83.040237	151	-.0024441245
08aug2001	81.537674	152	-.018260108
09aug2001	81.451584	153	-.0010563898
10aug2001	82.132431	154	.0083241761
13aug2001	82.844589	155	.0086334767
14aug2001	83.110664	156	.0032065916
15aug2001	82.17939	157	-.011268485
16aug2001	82.758507	158	.0070222695
17aug2001	81.8507	159	-.011029949
20aug2001	81.467239	160	-.0046958919
21aug2001	79.737724	161	-.021458166
22aug2001	81.357674	162	.020112356
23aug2001	80.606392	163	-.0092772078
24aug2001	83.728912	164	.038006395
27aug2001	83.627174	165	-.0012158266
28aug2001	82.132431	166	-.018035563
29aug2001	81.490715	167	-.0078438697
30aug2001	78.540367	168	-.036876366
31aug2001	78.219505	169	-.0040936787
04sep2001	79.424683	170	.015290139
05sep2001	78.532539	171	-.011296131
06sep2001	76.693459	172	-.023696635
07sep2001	75.590012	173	-.014492266
10sep2001	75.496101	174	-.0012431352
17sep2001	73.046608	175	-.032983314
18sep2001	75.441322	176	.032257464
19sep2001	75.128288	177	-.0041580037
20sep2001	73.093567	178	-.027456803
21sep2001	70.824066	179	-.031541497
24sep2001	74.189186	180	.046419539
25sep2001	73.915276	181	-.0036988871
26sep2001	71.450134	182	-.033919729
27sep2001	70.43277	183	-.014341149
28sep2001	71.778816	184	.018930759
01oct2001	72.553581	185	.010735947
02oct2001	73.383118	186	.011368564
03oct2001	75.871742	187	.033350408
04oct2001	76.153473	188	.0037063716
05oct2001	76.709106	189	.0072697452
08oct2001	77.084755	190	.0048851008
09oct2001	76.020439	191	-.01390329
10oct2001	76.106522	192	.0011317187
11oct2001	77.789085	193	.021867171
12oct2001	78.916	194	.01438287
15oct2001	79.823807	195	.01143779
16oct2001	79.706413	196	-.0014717402
17oct2001	80.528137	197	.010256603
18oct2001	79.244698	198	-.016066151
19oct2001	80.332489	199	.013633632
22oct2001	82.36721	200	.02501329
23oct2001	82.805458	201	.0053065522
24oct2001	84.965401	202	.025750145
25oct2001	86.601006	203	.019067304
26oct2001	86.992302	204	.0045082043
29oct2001	85.004532	205	-.023115059
30oct2001	85.028008	206	.00027613124
31oct2001	84.574104	207	-.0053525781
01nov2001	85.998413	208	.016700719
02nov2001	85.693207	209	-.0035552885
05nov2001	86.06102	210	.0042830231
06nov2001	88.909637	211	.032563966
07nov2001	89.207382	212	.0033432518
08nov2001	89.176041	213	-.00035139534
09nov2001	89.387604	214	.0023696113
12nov2001	89.998772	215	.00681401
13nov2001	91.440506	216	.015892532
14nov2001	89.599159	217	-.020342616
15nov2001	89.912582	218	.0034919551
16nov2001	89.716698	219	-.0021809894
19nov2001	90.108475	220	.004357317
20nov2001	90.453239	221	.0038188065
21nov2001	89.591324	222	-.0095745428
23nov2001	90.382713	223	.0087945415
26nov2001	91.150597	224	.0084600216
27nov2001	89.481628	225	-.018479712
28nov2001	87.875351	226	-.018113991
29nov2001	89.66185	227	.020126028
30nov2001	90.570763	228	.010086081
03dec2001	89.426781	229	-.012711255
04dec2001	91.393494	230	.021754093
05dec2001	95.123207	231	.039998677
06dec2001	94.135925	232	-.010433217
07dec2001	94.339653	233	.0021618484
10dec2001	93.759827	234	-.0061651226
11dec2001	95.201561	235	.015259861
12dec2001	96.533592	236	.013894715
13dec2001	94.222122	237	-.024236057
14dec2001	94.888138	238	.0070437044
17dec2001	95.076187	239	.0019798388
18dec2001	95.750046	240	.007062566
19dec2001	97.074249	241	.013735036
20dec2001	96.141823	242	-.0096517196
21dec2001	95.593338	243	-.0057212906
24dec2001	95.162376	244	-.0045184735
26dec2001	95.906761	245	.0077918237
27dec2001	96.768661	246	.0089467149
28dec2001	96.298531	247	-.0048701372
31dec2001	94.778442	248	-.015911078
02jan2002	95.201561	249	.0044543562
03jan2002	96.894035	250	.017621623
04jan2002	98.414124	251	.015566363
07jan2002	97.199615	252	-.01241757
08jan2002	97.708923	253	.0052261334
09jan2002	97.54438	254	-.0016854331
10jan2002	95.703033	255	-.01905746
11jan2002	94.269135	256	-.015096171
14jan2002	92.498306	257	-.018963492
15jan2002	93.125145	258	.0067538996
16jan2002	91.988998	259	-.012275246
17jan2002	93.947876	260	.02107113
18jan2002	89.520805	261	-.048269056
22jan2002	86.582489	262	-.033373471
23jan2002	84.545258	263	-.023810606
24jan2002	85.187767	264	.0075708604
25jan2002	85.626556	265	.0051376293
28jan2002	84.741142	266	-.010394248
29jan2002	80.705849	267	-.048790179
30jan2002	82.703911	268	.024455843
31jan2002	84.537415	269	.021927321
01feb2002	84.623611	270	.0010191107
04feb2002	83.68335	271	-.011173295
05feb2002	83.291573	272	-.0046926537
06feb2002	83.660324	273	.0044174655
07feb2002	81.526253	274	-.025839752
08feb2002	82.373604	275	.010339956
11feb2002	84.248764	276	.022508856
12feb2002	83.613251	277	-.00757189
13feb2002	84.790123	278	.013977053
14feb2002	84.648903	279	-.0016669139
15feb2002	80.725975	280	-.047451753
19feb2002	79.478485	281	-.015574038
20feb2002	77.91716	282	-.019840145
21feb2002	75.618324	283	-.029947573
22feb2002	77.242416	284	.021250103
25feb2002	77.124733	285	-.0015247212
26feb2002	76.222458	286	-.011767878
27feb2002	76.755974	287	.0069750762
28feb2002	76.983505	288	.0029599632
01mar2002	80.827972	289	.048731916
04mar2002	83.087578	290	.027572107
05mar2002	82.90712	291	-.0021742638
06mar2002	83.401413	292	.0059443093
07mar2002	81.369331	293	-.024666814
08mar2002	82.452057	294	.013218558
11mar2002	82.569748	295	.0014263698
12mar2002	85.127495	296	.030506706
13mar2002	84.091843	297	-.012240505
14mar2002	83.636787	298	-.0054261023
15mar2002	83.785858	299	.001780772
18mar2002	83.440636	300	-.0041288072
19mar2002	84.335068	301	.010662337
20mar2002	82.773743	302	-.018686872
21mar2002	83.778008	303	.012059639
22mar2002	82.852203	304	-.011112195
25mar2002	81.251648	305	-.019507235
26mar2002	80.733826	306	-.0063934624
27mar2002	81.118263	307	.0047504888
28mar2002	81.596863	308	.0058826851
01apr2002	80.702438	309	-.011022025
02apr2002	79.20388	310	-.018743498
03apr2002	78.427139	311	-.0098552592
04apr2002	79.117569	312	.0087649291
05apr2002	76.300911	313	-.036250085
08apr2002	68.580597	314	-.10667522
09apr2002	68.839508	315	.003768174
10apr2002	69.835938	316	.014370916
11apr2002	66.05423	317	-.055672675
12apr2002	67.160492	318	.016609089
15apr2002	66.964348	319	-.0029248011
16apr2002	67.631248	320	.009909776
17apr2002	66.540672	321	-.016256757
18apr2002	69.788857	322	.047660973
19apr2002	69.828087	323	.00056197116
22apr2002	68.988579	324	-.012095353
23apr2002	68.51783	325	-.0068469644
24apr2002	67.866623	326	-.0095496504
25apr2002	68.031387	327	.0024248257
26apr2002	66.462212	328	-.023335638
29apr2002	65.818855	329	-.0097271875
30apr2002	65.716858	330	-.00155087
01may2002	66.140541	331	.0064264066
02may2002	65.795319	332	-.0052331984
03may2002	64.163383	333	-.025115993
06may2002	59.628479	334	-.073299401
07may2002	60.020771	335	.0065573906
08may2002	64.816139	336	.076863952
09may2002	62.835106	337	-.031040706
10may2002	62.638573	338	-.0031326627
13may2002	64.611755	339	.0310151
14may2002	67.198112	340	.039248794
15may2002	66.427704	341	-.011530963
16may2002	67.174522	342	.011179849
17may2002	67.363197	343	.0028047904
20may2002	66.388397	344	-.014576535
21may2002	65.602264	345	-.011912087
22may2002	66.034637	346	.0065692007
23may2002	66.309784	347	.0041580428
24may2002	65.327126	348	-.014930108
28may2002	64.525276	349	-.012350323
29may2002	64.147934	350	-.0058651417
30may2002	64.65892	351	.0079341894
31may2002	63.243889	352	-.022127571
03jun2002	61.404354	353	-.029517759
04jun2002	62.347706	354	.015246131
05jun2002	63.322506	355	.015513933
06jun2002	62.622852	356	-.011110545
07jun2002	61.553722	357	-.017219936
10jun2002	60.374531	358	-.019342987
11jun2002	59.3447	359	-.017204527
12jun2002	58.684357	360	-.011189618
13jun2002	59.431175	361	.012645729
14jun2002	59.879269	362	.0075114216
17jun2002	60.641811	363	.012654266
18jun2002	59.69846	364	-.015678393
19jun2002	57.662392	365	-.034701049
20jun2002	56.27095	366	-.024426749
21jun2002	54.046207	367	-.040339049
24jun2002	54.793026	368	.013723549
25jun2002	53.928288	369	-.015907768
26jun2002	55.068176	370	.020916831
27jun2002	56.522511	371	.026066989
28jun2002	56.60112	372	.0013897977
01jul2002	53.142162	373	-.063058145
02jul2002	53.912567	374	.014392977
03jul2002	55.429794	375	.027753646
05jul2002	57.780312	376	.041530836
08jul2002	56.050835	377	-.030389046
09jul2002	54.769444	378	-.023126602
10jul2002	54.054073	379	-.013147535
11jul2002	54.565056	380	.0094087711
12jul2002	54.407825	381	-.0028856811
15jul2002	55.814995	382	.025534563
16jul2002	54.250603	383	-.028428456
17jul2002	55.571297	384	.024052719
18jul2002	56.64043	385	.019056227
19jul2002	56.60112	386	-.00069427618
22jul2002	53.849678	387	-.049832348
23jul2002	52.709797	388	-.021395087
24jul2002	54.667252	389	.036463503
25jul2002	54.517883	390	-.0027360572
26jul2002	52.198811	391	-.043469071
29jul2002	55.956497	392	.069514841
30jul2002	56.436035	393	.0085333223
31jul2002	55.343319	394	-.019551929
01aug2002	53.653145	395	-.031015862
02aug2002	53.362274	396	-.0054360651
05aug2002	51.876495	397	-.028238216
06aug2002	53.378002	398	.028532913
07aug2002	54.496773	399	.020742768
08aug2002	56.41917	400	.034667518
09aug2002	56.592503	401	.0030675123
12aug2002	56.545223	402	-.00083578419
13aug2002	56.647652	403	.0018098041
14aug2002	59.027008	404	.041144568
15aug2002	60.271839	405	.020869879
16aug2002	62.517262	406	.03657772
19aug2002	64.991165	407	.038808636
20aug2002	64.029961	408	-.014900232
21aug2002	63.817242	409	-.0033277092
22aug2002	64.597229	410	.012148116
23aug2002	63.344524	411	-.019583046
26aug2002	62.572411	412	-.012264013
27aug2002	61.422127	413	-.018554315
28aug2002	59.925175	414	-.024673445
29aug2002	60.366386	415	.0073357378
30aug2002	59.389427	416	-.016316216
03sep2002	57.00219	417	-.041026536
04sep2002	58.089451	418	.018894397
05sep2002	56.868256	419	-.021246791
06sep2002	57.671875	420	.014032332
09sep2002	58.696106	421	.017603766
10sep2002	59.562759	422	.01465715
11sep2002	58.459743	423	-.018692164
12sep2002	56.624016	424	-.031905171
13sep2002	57.120373	425	.0087276418
16sep2002	56.978554	426	-.0024858967
17sep2002	56.529472	427	-.0079128109
18sep2002	54.796165	428	-.031141918
19sep2002	51.053795	429	-.070740342
20sep2002	50.36047	430	-.01367334
23sep2002	49.927143	431	-.0086417338
24sep2002	47.075066	432	-.058821335
25sep2002	49.643509	433	.053124178
26sep2002	48.863522	434	-.015836507
27sep2002	47.555664	435	-.027130239
30sep2002	45.940536	436	-.034553025
01oct2002	48.193832	437	.047883179
02oct2002	46.980522	438	-.02549796
03oct2002	47.27203	439	.0061856923
04oct2002	44.593281	440	-.058335595
07oct2002	44.79813	441	.0045832056
08oct2002	44.947823	442	.0033359204
09oct2002	43.387848	443	-.035322919
10oct2002	45.365395	444	.044570182
11oct2002	50.36047	445	.10445696
14oct2002	49.966537	446	-.0078530079
15oct2002	53.953148	447	.076762505
16oct2002	51.132584	448	-.053694099
17oct2002	56.88401	449	.10659235
18oct2002	58.499138	450	.027997728
21oct2002	59.523369	451	.017356971
22oct2002	58.688225	452	-.014129882
23oct2002	58.774891	453	.0014756313
24oct2002	56.805222	454	-.034086488
25oct2002	58.743378	455	.033550177
28oct2002	60.319111	456	.026470557
29oct2002	60.460926	457	.0023483227
30oct2002	61.98151	458	.024838811
31oct2002	62.194237	459	.0034262214
01nov2002	63.344524	460	.01832613
04nov2002	64.999046	461	.025784129
05nov2002	64.352989	462	-.0099892132
06nov2002	64.360886	463	.00012269731
07nov2002	62.316551	464	-.032279022
08nov2002	61.24308	465	-.017376194
11nov2002	61.00629	466	-.0038738849
12nov2002	62.474419	467	.023780191
13nov2002	62.632278	468	.0025236041
14nov2002	63.713646	469	.017117986
15nov2002	63.153233	470	-.0088347252
18nov2002	62.498096	471	-.010427937
19nov2002	61.858753	472	-.010282488
20nov2002	64.416138	473	.040510576
21nov2002	67.012993	474	.039522339
22nov2002	66.642014	475	-.0055513112
25nov2002	68.039101	476	.020747337
26nov2002	67.139275	477	-.013313362
27nov2002	69.223076	478	.030565087
29nov2002	68.607407	479	-.0089337761
02dec2002	68.907349	480	.0043623317
03dec2002	67.257675	481	-.024231687
04dec2002	66.057915	482	-.017999288
05dec2002	65.560646	483	-.0075562447
06dec2002	64.976555	484	-.0089490982
09dec2002	62.821712	485	-.033725757
10dec2002	63.776794	486	.015088647
11dec2002	64.281952	487	.0078895055
12dec2002	63.279518	488	-.015717197
13dec2002	63.145336	489	-.002122716
16dec2002	64.424034	490	.020047771
17dec2002	63.390022	491	-.016180292
18dec2002	62.45863	492	-.01480206
19dec2002	62.087654	493	-.0059572486
20dec2002	62.97958	494	.014263383
23dec2002	63.350559	495	.0058731888
24dec2002	62.955902	496	-.0062492196
26dec2002	61.961361	497	-.015923535
27dec2002	61.061543	498	-.014628731
30dec2002	60.185398	499	-.014452483
31dec2002	61.172047	500	.016260564
02jan2003	63.595245	501	.038848378
03jan2003	64.447708	502	.013315459
06jan2003	65.978981	503	.023482054
07jan2003	67.881233	504	.028423386
08jan2003	66.452576	505	-.021271063
09jan2003	68.670555	506	.032831959
10jan2003	69.207291	507	.0077857068
13jan2003	69.073105	508	-.0019407788
14jan2003	69.917679	509	.012153099
15jan2003	69.136246	510	-.0112394
16jan2003	67.920708	511	-.017738171
17jan2003	64.171448	512	-.056782588
21jan2003	63.571568	513	-.0093920538
22jan2003	62.908539	514	-.010484412
23jan2003	63.974121	515	.016796736
24jan2003	62.348125	516	-.025745036
27jan2003	61.898216	517	-.0072422442
28jan2003	63.232162	518	.021321708
29jan2003	63.397919	519	.0026179613
30jan2003	61.803501	520	-.025471017
31jan2003	61.724564	521	-.0012780504
03feb2003	61.708782	522	-.00025570727
04feb2003	60.848423	523	-.014040355
05feb2003	60.982613	524	.0022028813
06feb2003	61.29895	525	.0051739328
07feb2003	60.974697	526	-.0053037405
10feb2003	61.615292	527	.010451104
11feb2003	61.204044	528	-.0066968086
12feb2003	60.500187	529	-.011566817
13feb2003	59.994041	530	-.0084012067
14feb2003	61.251495	531	.020743014
18feb2003	62.7383	532	.023983849
19feb2003	62.880653	533	.0022664275
20feb2003	62.595947	534	-.0045380034
21feb2003	63.228626	535	.01005661
24feb2003	62.129341	536	-.017538786
25feb2003	62.532677	537	.0064708879
26feb2003	61.211956	538	-.021346716
27feb2003	61.11705	539	-.0015516495
28feb2003	61.646919	540	.0086323759
03mar2003	61.156597	541	-.0079855155
04mar2003	60.658356	542	-.0081803454
05mar2003	61.472939	543	.013339659
06mar2003	60.950974	544	-.0085272258
07mar2003	61.607384	545	.010711901
10mar2003	59.867504	546	-.028647874
11mar2003	59.590706	547	-.0046342355
12mar2003	59.456264	548	-.0022586284
13mar2003	62.042347	549	.042576175
14mar2003	62.477318	550	.0069864085
17mar2003	65.213669	551	.042865515
18mar2003	65.221573	552	.00012119505
19mar2003	64.849876	553	-.0057152817
20mar2003	65.008041	554	.0024359708
21mar2003	67.143349	555	.03231889
24mar2003	65.047585	556	-.031710796
25mar2003	65.996605	557	.014484229
26mar2003	64.493996	558	-.023031171
27mar2003	64.414902	559	-.0012271293
28mar2003	63.940392	560	-.0073937327
31mar2003	62.026531	561	-.03038905
01apr2003	62.26379	562	.0038178226
02apr2003	64.422813	563	.034087777
03apr2003	64.778702	564	.0055090571
04apr2003	63.892944	565	-.013767935
07apr2003	63.639874	566	-.0039687222
08apr2003	63.323528	567	-.0049832608
09apr2003	62.247971	568	-.017131021
10apr2003	62.485229	569	.0038042669
11apr2003	62.279606	570	-.0032961823
14apr2003	63.323528	571	.016622936
15apr2003	65.474648	572	.033406053
16apr2003	65.545822	573	.0010864658
17apr2003	66.637199	574	.016513498
21apr2003	65.92543	575	-.010738712
22apr2003	67.720665	576	.026867118
23apr2003	67.815567	577	.0014003939
24apr2003	67.3806	578	-.0064346283
25apr2003	66.336678	579	-.015614192
28apr2003	67.317337	580	.014674862
29apr2003	67.744392	581	.0063238754
30apr2003	67.143349	582	-.0089118211
01may2003	67.926292	583	.011593316
02may2003	69.254921	584	.019371022
05may2003	68.424522	585	-.012062929
06may2003	69.207474	586	.011377584
07may2003	68.676628	587	-.0076999199
08may2003	68.177483	588	-.0072945962
09may2003	69.365936	589	.017281571
12may2003	70.514771	590	.016426284
13may2003	71.291222	591	.010951002
14may2003	70.277077	592	-.014327534
15may2003	71.227837	593	.013438038
16may2003	70.506844	594	-.010173929
19may2003	68.4944	595	-.028957786
20may2003	67.955635	596	-.0078969235
21may2003	68.280479	597	.0047688526
22may2003	68.201248	598	-.0011610532
23may2003	67.551567	599	-.0095716035
27may2003	69.476852	600	.028102376
28may2003	69.381775	601	-.0013694149
29may2003	69.215393	602	-.0024009426
30may2003	69.754158	603	.0077537512
02jun2003	69.191628	604	-.0080971662
03jun2003	66.410652	605	-.041022398
04jun2003	66.751343	606	.0051169456
05jun2003	64.889435	607	-.028289596
06jun2003	63.423679	608	-.022847535
09jun2003	64.968658	609	.024067692
10jun2003	64.738892	610	-.0035428484
11jun2003	66.529495	611	.027283259
12jun2003	66.513649	612	-.00023821223
13jun2003	65.562889	613	-.014397354
16jun2003	66.949417	614	.020927545
17jun2003	66.790955	615	-.0023697049
18jun2003	67.107872	616	.0047336938
19jun2003	66.989029	617	-.001772496
20jun2003	67.282181	618	.0043665702
23jun2003	65.90358	619	-.020702668
24jun2003	66.260109	620	.0053952807
25jun2003	65.356888	621	-.013725208
26jun2003	66.830566	622	.022297723
27jun2003	66.093727	623	-.011086714
30jun2003	65.364815	624	-.011089729
01jul2003	66.228416	625	.013125509
02jul2003	67.139565	626	.013663883
03jul2003	66.513649	627	-.0093663307
07jul2003	68.209167	628	.025171801
08jul2003	68.335938	629	.0018568231
09jul2003	67.717949	630	-.0090845302
10jul2003	66.577034	631	-.016991585
11jul2003	67.258408	632	.010182347
14jul2003	67.678329	633	.0062240018
15jul2003	68.486481	634	.011870332
16jul2003	68.724167	635	.0034645475
17jul2003	66.022423	636	-.040106487
18jul2003	66.331421	637	.0046692812
21jul2003	65.364815	638	-.014679592
22jul2003	64.849815	639	-.0079100495
23jul2003	65.206352	640	.0054828273
24jul2003	64.580437	641	-.0096453633
25jul2003	66.196732	642	.024719562
28jul2003	65.396507	643	-.012162238
29jul2003	64.810204	644	-.009005798
30jul2003	64.144669	645	-.010322074
31jul2003	64.374435	646	.00357561
01aug2003	64.390282	647	.00024612725
04aug2003	64.279358	648	-.0017241642
05aug2003	63.265217	649	-.015902871
06aug2003	63.312847	650	.00075258402
07aug2003	64.059105	651	.011717906
08aug2003	64.209938	652	.0023518254
11aug2003	64.321083	653	.0017294665
12aug2003	64.710098	654	.0060298042
13aug2003	64.463989	655	-.0038105058
14aug2003	64.749786	656	.0044236397
15aug2003	64.932388	657	.0028161472
18aug2003	66.305817	658	.020931076
19aug2003	65.773911	659	-.0080543626
20aug2003	65.932693	660	.0024111629
21aug2003	65.773911	661	-.0024111629
22aug2003	65.869179	662	.0014473721
25aug2003	65.067345	663	-.01224783
26aug2003	65.496048	664	.006566999
27aug2003	65.099098	665	-.006079108
28aug2003	65.019714	666	-.0012201749
29aug2003	65.10704	667	.0013421692
02sep2003	68.084137	668	.044711556
03sep2003	68.536652	669	.0066244137
04sep2003	69.791	670	.018136404
05sep2003	69.028862	671	-.01098036
08sep2003	70.735733	672	.024426157
09sep2003	70.989777	673	.0035850124
10sep2003	69.735428	674	-.017827395
11sep2003	69.798935	675	.0009102716
12sep2003	70.418175	676	.0088326428
15sep2003	70.251457	677	-.0023703426
16sep2003	71.680466	678	.020137215
17sep2003	71.950386	679	.0037585332
18sep2003	73.038017	680	.015003291
19sep2003	74.054199	681	.013817157
22sep2003	72.553741	682	-.020469699
23sep2003	72.514046	683	-.00054727163
24sep2003	70.9739	684	-.021468075
25sep2003	70.981842	685	.00011189684
26sep2003	70.696037	686	-.0040345769
29sep2003	71.013588	687	.0044817165
30sep2003	70.124435	688	-.012599926
01oct2003	71.728096	689	.022611214
02oct2003	71.513748	690	-.0029928125
03oct2003	71.958321	691	.006197358
06oct2003	72.387024	692	.0059399847
07oct2003	72.79985	693	.0056868452
08oct2003	73.561989	694	.010414535
09oct2003	73.395264	695	-.0022690303
10oct2003	73.569923	696	.0023768868
13oct2003	73.990685	697	.0057029077
14oct2003	73.609619	698	-.0051634884
15oct2003	73.625496	699	.00021566554
16oct2003	70.878632	700	-.038022377
17oct2003	70.838943	701	-.00056010147
20oct2003	70.656342	702	-.0025810334
21oct2003	70.600769	703	-.00078682782
22oct2003	70.227638	704	-.0052990965
23oct2003	69.981537	705	-.0035104926
24oct2003	70.195885	706	.0030582387
27oct2003	70.275269	707	.0011302514
28oct2003	71.37085	708	.015469579
29oct2003	70.926262	709	-.0062487447
30oct2003	70.75161	710	-.002465483
31oct2003	71.037415	711	.0040314142
03nov2003	71.19619	712	.0022326002
04nov2003	70.767487	713	-.0060396381
05nov2003	70.251457	714	-.007318615
06nov2003	71.054741	715	.011369527
07nov2003	70.195793	716	-.012162196
10nov2003	71.539894	717	.01896687
11nov2003	71.070648	718	-.0065808264
12nov2003	72.128441	719	.014774003
13nov2003	72.446571	720	.0044009127
14nov2003	71.778496	721	-.0092644133
17nov2003	71.420601	722	-.004998574
18nov2003	70.74456	723	-.009510709
19nov2003	71.102463	724	.0050463276
20nov2003	70.299179	725	-.011361853
21nov2003	70.490059	726	.0027115701
24nov2003	71.30925	727	.011554359
25nov2003	71.126328	728	-.0025684941
26nov2003	71.508087	729	.0053529935
28nov2003	72.00914	730	.0069825053
01dec2003	72.382942	731	.005177611
02dec2003	72.176163	732	-.0028608316
03dec2003	71.81826	733	-.0049710711
04dec2003	72.70903	734	.012326824
05dec2003	72.088669	735	-.0085687153
08dec2003	72.534058	736	.0061593391
09dec2003	72.080719	737	-.0062696235
10dec2003	72.955582	738	.012064197
11dec2003	73.488457	739	.0072775567
12dec2003	73.735001	740	.0033492504
15dec2003	73.257805	741	-.0064927996
16dec2003	74.745079	742	.020098584
17dec2003	74.283783	743	-.0061907144
18dec2003	73.750916	744	-.0071992544
19dec2003	74.076996	745	.0044116275
22dec2003	74.275826	746	.0026804986
23dec2003	73.79863	747	-.0064453711
24dec2003	73.385056	748	-.0056198528
26dec2003	73.886116	749	.0068046232
29dec2003	74.379219	750	.0066516539
30dec2003	73.671379	751	-.0095622083
31dec2003	73.711143	752	.00053960813
02jan2004	72.812424	753	-.012267392
05jan2004	74.005417	754	.016251696
06jan2004	74.013367	755	.00010741649
07jan2004	73.79068	756	-.0030132725
08jan2004	73.997467	757	.0027984281
09jan2004	72.542007	758	-.019865056
12jan2004	72.812424	759	.0037207888
13jan2004	71.341057	760	-.020414602
14jan2004	71.82621	761	.0067774579
15jan2004	74.776886	762	.040259376
16jan2004	75.810814	763	.013732119
20jan2004	77.226501	764	.018501734
21jan2004	77.703697	765	.0061601582
22jan2004	77.552589	766	-.00194656
23jan2004	77.862762	767	.0039915419
26jan2004	79.413658	768	.019722549
27jan2004	78.578568	769	-.010571386
28jan2004	77.449188	770	-.014476898
29jan2004	77.950256	771	.0064487983
30jan2004	78.920555	772	.012370831
02feb2004	79.047806	773	.001611091
03feb2004	79.532959	774	.0061187083
04feb2004	79.684074	775	.0018982324
05feb2004	78.626282	776	-.01336373
06feb2004	78.817474	777	.0024287114
09feb2004	78.825439	778	.00010105228
10feb2004	79.351204	779	.0066478387
11feb2004	79.63002	780	.0035075401
12feb2004	79.104256	781	-.0066244844
13feb2004	79.43087	782	.00412041
17feb2004	79.160019	783	-.0034157245
18feb2004	78.403229	784	-.0096062496
19feb2004	77.909332	785	-.0063193659
20feb2004	77.518982	786	-.0050229095
23feb2004	76.44355	787	-.013970274
24feb2004	77.104744	788	.0086122472
25feb2004	76.905586	789	-.0025862919
26feb2004	77.104744	790	.0025862919
27feb2004	76.873718	791	-.0030007556
01mar2004	77.303894	792	.0055802772
02mar2004	77.128639	793	-.0022696629
03mar2004	77.144569	794	.00020651902
04mar2004	76.786095	795	-.0046576215
05mar2004	76.833885	796	.00062219158
08mar2004	75.35218	797	-.019472893
09mar2004	75.304382	798	-.00063453137
10mar2004	74.133354	799	-.015672777
11mar2004	72.659607	800	-.020079939
12mar2004	74.324547	801	.022655655
15mar2004	73.145546	802	-.015990036
16mar2004	73.647415	803	.0068378095
17mar2004	74.39624	804	.01011636
18mar2004	73.966064	805	-.0057990067
19mar2004	72.986221	806	-.013335725
22mar2004	72.508247	807	-.006570362
23mar2004	72.747238	808	.0032906295
24mar2004	73.105713	809	.0049155736
25mar2004	73.599617	810	.0067333067
26mar2004	73.902328	811	.0041045141
29mar2004	73.830635	812	-.00097058131
30mar2004	73.543854	813	-.0038918767
31mar2004	73.161476	814	-.0052128779
01apr2004	73.583687	815	.0057543549
02apr2004	75.041496	816	.019617889
05apr2004	75.025566	817	-.00021230742
06apr2004	74.643188	818	-.0051096631
07apr2004	74.149284	819	-.0066388561
08apr2004	74.181152	820	.00042968904
12apr2004	74.675049	821	.0066359118
13apr2004	74.117424	822	-.0074953716
14apr2004	74.643188	823	.007068627
15apr2004	74.444031	824	-.0026716955
16apr2004	73.511986	825	-.012599113
19apr2004	73.241142	826	-.0036911487
20apr2004	72.213501	827	-.014130293
21apr2004	72.69944	828	.0067066592
22apr2004	72.285194	829	-.0057143536
23apr2004	72.71537	830	.0059334533
26apr2004	72.038246	831	-.0093556065
27apr2004	72.579948	832	.0074915164
28apr2004	72.022316	833	-.0077126762
29apr2004	70.962814	834	-.014820017
30apr2004	70.237885	835	-.010268167
03may2004	70.118393	836	-.0017026899
04may2004	70.899078	837	.011072293
05may2004	70.867218	838	-.00044947711
06may2004	70.531952	839	-.0047421316
07may2004	70.396255	840	-.001925753
10may2004	69.350571	841	-.014965697
11may2004	69.550125	842	.0028733418
12may2004	69.294693	843	-.0036793943
13may2004	69.598022	844	.0043678312
14may2004	68.975403	845	-.0089861937
17may2004	68.272949	846	-.01023633
18may2004	68.696014	847	.0061775534
19may2004	69.486275	848	.011438064
20may2004	69.781616	849	.0042413501
21may2004	69.550125	850	-.0033228796
24may2004	69.526176	851	-.00034439613
25may2004	70.803352	852	.018203028
26may2004	70.523972	853	-.0039536753
27may2004	70.715546	854	.0027127566
28may2004	70.715546	855	0
01jun2004	70.340378	856	-.0053194324
02jun2004	70.22863	857	-.0015899346
03jun2004	69.725739	858	-.0071865381
04jun2004	69.893364	859	.0024011829
07jun2004	70.755463	860	.012259035
08jun2004	71.872986	861	.015670732
09jun2004	71.912895	862	.00055512215
10jun2004	72.208244	863	.0040986291
14jun2004	71.896935	864	-.0043205982
15jun2004	72.272102	865	.0052045668
16jun2004	72.144386	866	-.0017687191
17jun2004	72.192284	867	.00066368916
18jun2004	71.888954	868	-.0042105401
21jun2004	71.43396	869	-.006349239
22jun2004	71.857018	870	.0059048906
23jun2004	72.471664	871	.0085173734
24jun2004	71.833076	872	-.0088506052
25jun2004	71.481857	873	-.0049013719
28jun2004	70.811333	874	-.0094246194
29jun2004	70.476082	875	-.0047456664
30jun2004	70.364326	876	-.0015869791
01jul2004	69.845474	877	-.0074011176
02jul2004	69.478287	878	-.0052710082
06jul2004	68.408653	879	-.015514957
07jul2004	68.129272	880	-.0040923604
08jul2004	66.77227	881	-.020119088
09jul2004	66.963852	882	.0028650728
12jul2004	67.131477	883	.0025000947
13jul2004	68.049446	884	.013581544
14jul2004	67.155426	885	-.013224865
15jul2004	67.067619	886	-.0013083701
16jul2004	67.275162	887	.0030897467
19jul2004	68.089363	888	.012029905
20jul2004	68.935486	889	.012350074
21jul2004	68.089363	890	-.012350074
22jul2004	68.696014	891	.008870177
23jul2004	67.730148	892	-.01415978
26jul2004	67.92173	893	.0028246103
27jul2004	68.55233	894	.0092413817
28jul2004	68.528389	895	-.00034929844
29jul2004	69.262756	896	.010659238
30jul2004	69.502235	897	.0034515809
02aug2004	69.198906	898	-.0043738638
03aug2004	68.416634	899	-.011369076
04aug2004	68.624176	900	.0030289164
05aug2004	68.001556	901	-.0091142999
06aug2004	66.777672	902	-.018161822
09aug2004	66.833664	903	.00083813444
10aug2004	67.98555	904	.017088277
11aug2004	66.945656	905	-.015413999
12aug2004	65.761765	906	-.0178426
13aug2004	67.121635	907	.020467844
16aug2004	67.209625	908	.0013100423
17aug2004	67.225624	909	.00023801556
18aug2004	68.097542	910	.01288663
19aug2004	67.905556	911	-.0028232622
20aug2004	68.193535	912	.0042319102
23aug2004	67.713577	913	-.0070630531
24aug2004	67.761574	914	.0007085657
25aug2004	68.049545	915	.0042407708
26aug2004	67.745575	916	-.0044769039
27aug2004	67.945557	917	.0029476036
30aug2004	67.513596	918	-.0063777533
31aug2004	67.745575	919	.0034301498
01sep2004	67.369614	920	-.0055650631
02sep2004	67.649582	921	.0041470942
03sep2004	67.5056	922	-.0021306174
07sep2004	67.969559	923	.0068493821
08sep2004	68.681488	924	.010419763
09sep2004	69.145447	925	.0067325085
10sep2004	69.401421	926	.0036951266
13sep2004	69.18544	927	-.0031169001
14sep2004	69.369423	928	.0026557415
15sep2004	69.089447	929	-.0040441798
16sep2004	68.889465	930	-.0028987303
17sep2004	68.585495	931	-.0044221994
20sep2004	68.553497	932	-.00046664602
21sep2004	68.569496	933	.00023335022
22sep2004	67.441605	934	-.016585667
23sep2004	67.097633	935	-.0051133335
24sep2004	67.537598	936	.0065356721
27sep2004	67.321617	937	-.0032030547
28sep2004	67.577591	938	.0037950426
29sep2004	67.977554	939	.0059011341
30sep2004	68.585495	940	.0089035016
01oct2004	69.369423	941	.011365109
04oct2004	69.72139	942	.0050609754
05oct2004	69.849373	943	.0018339533
06oct2004	70.425323	944	.0082117999
07oct2004	69.929367	945	-.0070672166
08oct2004	69.36142	946	-.0081548905
11oct2004	69.297424	947	-.00092306215
12oct2004	68.793472	948	-.0072988775
13oct2004	67.977554	949	-.011931294
14oct2004	67.817566	950	-.0023563216
15oct2004	67.873566	951	.00082540041
18oct2004	68.729477	952	.012531528
19oct2004	71.48922	953	.039368492
20oct2004	71.049263	954	-.0061731827
21oct2004	70.473312	955	-.0081393914
22oct2004	69.905373	956	-.0080915829
25oct2004	70.737289	957	.011830358
26oct2004	71.193245	958	.0064250738
27oct2004	71.993172	959	.011173338
28oct2004	71.593208	960	-.0055710636
29oct2004	71.79319	961	.0027894112
01nov2004	72.081161	962	.0040031024
02nov2004	72.369141	963	.0039872467
03nov2004	72.953079	964	.0080365101
04nov2004	73.896988	965	.012855584
05nov2004	74.61692	966	.0096952291
08nov2004	74.833328	967	.002896053
09nov2004	74.833328	968	0
10nov2004	75.025681	969	.0025671115
11nov2004	75.971413	970	.012526658
12nov2004	76.396194	971	.005575764
15nov2004	76.877075	972	.0062748361
16nov2004	76.051559	973	-.010796196
17nov2004	76.5084	974	.0059890142
18nov2004	76.219872	975	-.0037783284
19nov2004	75.698914	976	-.006858401
22nov2004	76.227882	977	.0069634975
23nov2004	76.364136	978	.0017858521
24nov2004	76.5084	979	.0018873798
26nov2004	75.915314	980	-.0077821123
29nov2004	76.540459	981	.0082010468
30nov2004	75.530602	982	-.013281581
01dec2004	76.845016	983	.017252728
02dec2004	76.74884	984	-.0012523439
03dec2004	77.806786	985	.013690369
06dec2004	78.279648	986	.0060589979
07dec2004	77.021339	987	-.016205125
08dec2004	77.462151	988	.0057069184
09dec2004	78.151413	989	.0088586994
10dec2004	77.47818	990	-.0086517893
13dec2004	77.301849	991	-.0022784676
14dec2004	77.991119	992	.0088770865
15dec2004	78.007149	993	.00020550688
16dec2004	78.103325	994	.0012321551
17dec2004	77.101486	995	-.012910072
20dec2004	77.382004	996	.0036316875
21dec2004	77.75869	997	.0048560672
22dec2004	78.23156	998	.0060628317
23dec2004	78.319725	999	.0011263439
27dec2004	78.143402	1000	-.0022538602
28dec2004	78.784576	1001	.0081716198
29dec2004	78.6884	1002	-.0012214942
30dec2004	78.784576	1003	.0012214942
31dec2004	79.008987	1004	.0028443639
03jan2005	78.343765	1005	-.0084552206
04jan2005	77.50222	1006	-.010799807
05jan2005	77.341927	1007	-.0020703867
06jan2005	77.101486	1008	-.0031136395
07jan2005	76.76487	1009	-.0043754471
10jan2005	76.684723	1010	-.001044601
11jan2005	76.139725	1011	-.0071323728
12jan2005	76.308029	1012	.0022080287
13jan2005	75.698914	1013	-.0080143558
14jan2005	75.418396	1014	-.0037125847
18jan2005	76.059578	1015	.0084657297
19jan2005	74.616928	1016	-.019149553
20jan2005	74.536781	1017	-.0010746872
21jan2005	74.039864	1018	-.006689067
24jan2005	73.567001	1019	-.0064070714
25jan2005	73.887589	1020	.0043482902
26jan2005	73.695236	1021	-.0026067044
27jan2005	73.719284	1022	.00032626165
28jan2005	74.448616	1023	.0098447483
31jan2005	74.873398	1024	.0056894887
01feb2005	75.226044	1025	.0046988386
02feb2005	75.578697	1026	.0046769637
03feb2005	74.969574	1027	-.00809211
04feb2005	75.747002	1028	.010316511
07feb2005	75.763031	1029	.00021159467
08feb2005	75.586365	1030	-.0023345496
09feb2005	74.43808	1031	-.01530827
10feb2005	74.486259	1032	.00064703496
11feb2005	74.919884	1033	.0058046542
14feb2005	75.136688	1034	.002889639
15feb2005	75.746971	1035	.008089494
16feb2005	75.979843	1036	.0030696248
17feb2005	75.281235	1037	-.0092371861
18feb2005	74.89579	1038	-.0051332153
22feb2005	74.132942	1039	-.010237684
23feb2005	73.956284	1040	-.0023858414
24feb2005	74.3899	1041	.0058460268
25feb2005	74.518379	1042	.001725613
28feb2005	74.341721	1043	-.0023734865
01mar2005	74.919884	1044	.0077470164
02mar2005	74.614738	1045	-.0040812716
03mar2005	74.205215	1046	-.0055036172
04mar2005	74.173096	1047	-.00043294401
07mar2005	73.554779	1048	-.008371071
08mar2005	73.98037	1049	.0057693599
09mar2005	74.157028	1050	.0023850657
10mar2005	74.205215	1051	.00064958923
11mar2005	73.482513	1052	-.0097869718
14mar2005	73.795685	1053	.0042527933
15mar2005	73.37812	1054	-.0056744544
16mar2005	72.791931	1055	-.0080206906
17mar2005	72.157562	1056	-.0087530203
18mar2005	71.691818	1057	-.0064754626
21mar2005	71.876511	1058	.0025728862
22mar2005	71.868484	1059	-.00011167169
23mar2005	72.687538	1060	.011332111
24mar2005	72.832077	1061	.0019865215
28mar2005	73.105103	1062	.00374169
29mar2005	72.751778	1063	-.0048448257
30mar2005	72.816025	1064	.0008827108
31mar2005	73.37812	1065	.0076897526
01apr2005	72.623306	1066	-.010339911
04apr2005	72.526939	1067	-.0013278227
05apr2005	71.92469	1068	-.0083384681
06apr2005	71.46698	1069	-.0063840784
07apr2005	71.017303	1070	-.0063119666
08apr2005	70.342781	1071	-.0095433947
11apr2005	69.218582	1072	-.01611081
12apr2005	68.857231	1073	-.0052341078
13apr2005	67.909691	1074	-.0138565
14apr2005	67.162903	1075	-.011057693
15apr2005	61.59008	1076	-.086620234
18apr2005	61.549934	1077	-.00065203622
19apr2005	60.610428	1078	-.015381832
20apr2005	57.824017	1079	-.047062755
21apr2005	59.446075	1080	.027665405
22apr2005	59.590614	1081	.0024284774
25apr2005	59.911816	1082	.0053756582
26apr2005	60.570274	1083	.010930508
27apr2005	61.871136	1084	.021249516
28apr2005	60.955715	1085	-.014906146
29apr2005	61.333122	1086	.0061724074
02may2005	61.437515	1087	.0017006189
03may2005	61.405396	1088	-.00052294024
04may2005	61.895226	1089	.0079453383
05may2005	60.626484	1090	-.020711219
06may2005	60.59428	1091	-.00053132273
09may2005	60.368843	1092	-.0037273744
10may2005	59.01622	1093	-.022660805
11may2005	59.000114	1094	-.00027293936
12may2005	58.468727	1095	-.0090473518
13may2005	58.903503	1096	.0074085374
16may2005	59.853554	1097	.016000239
17may2005	59.813297	1098	-.00067280961
18may2005	61.479923	1099	.027482672
19may2005	62.124031	1100	.010422218
20may2005	61.520184	1101	-.0097675789
23may2005	61.600693	1102	.0013078074
24may2005	61.037098	1103	-.0091912746
25may2005	61.190075	1104	.0025031597
26may2005	62.107925	1105	.014888602
27may2005	62.075722	1106	-.00051864597
31may2005	60.827766	1107	-.02030859
01jun2005	61.866383	1108	.016930571
02jun2005	62.277004	1109	.0066153044
03jun2005	61.020996	1110	-.02037424
06jun2005	60.384941	1111	-.010478249
07jun2005	60.417149	1112	.00053322734
08jun2005	60.223919	1113	-.0032033841
09jun2005	60.328583	1114	.0017364032
10jun2005	60.19976	1115	-.0021376279
13jun2005	60.425201	1116	.0037378871
14jun2005	60.296379	1117	-.0021342062
15jun2005	61.431618	1118	.018652596
16jun2005	62.035465	1119	.0097815916
17jun2005	61.504074	1120	-.0086028231
20jun2005	61.6329	1121	.0020924048
21jun2005	61.520184	1122	-.0018305137
22jun2005	62.180389	1123	.010674358
23jun2005	60.71505	1124	-.023848064
24jun2005	59.587864	1125	-.018739676
27jun2005	59.483192	1126	-.0017581352
28jun2005	60.626484	1127	.019038033
29jun2005	60.167561	1128	-.0075984797
30jun2005	59.740833	1129	-.0071175853
01jul2005	60.119247	1130	.006314286
05jul2005	60.215866	1131	.0016058268
06jul2005	61.037098	1132	.013545969
07jul2005	62.301155	1133	.020498125
08jul2005	63.847015	1134	.024509871
11jul2005	63.573269	1135	-.0042967554
12jul2005	64.44281	1136	.013585083
13jul2005	65.578049	1137	.017462851
14jul2005	66.359024	1138	.011838742
15jul2005	66.32682	1139	-.00048541237
18jul2005	65.867889	1140	-.0069432855
19jul2005	67.389595	1141	.022839569
20jul2005	68.114212	1142	.010695255
21jul2005	67.953194	1143	-.0023667454
22jul2005	67.985397	1144	.00047379738
25jul2005	67.79216	1145	-.0028463826
26jul2005	67.727753	1146	-.00095052237
27jul2005	67.526474	1147	-.0029763039
28jul2005	67.470116	1148	-.0008349595
29jul2005	67.196365	1149	-.00406561
01aug2005	67.172211	1150	-.00035952847
02aug2005	67.075592	1151	-.0014394078
03aug2005	67.679443	1152	.008962268
04aug2005	66.922623	1153	-.011245424
05aug2005	67.115852	1154	.0028831991
08aug2005	67.277267	1155	.0024021345
09aug2005	67.390259	1156	.0016780788
10aug2005	66.195793	1157	-.017883565
11aug2005	66.712318	1158	.0077727064
12aug2005	66.333	1159	-.0057021063
15aug2005	66.583191	1160	.0037646433
16aug2005	65.614708	1161	-.01465228
17aug2005	65.614708	1162	0
18aug2005	65.493645	1163	-.0018467667
19aug2005	66.79303	1164	.01964562
22aug2005	66.663895	1165	-.0019352337
23aug2005	66.203865	1166	-.0069246511
24aug2005	65.630844	1167	-.0086930757
25aug2005	65.453293	1168	-.0027089682
26aug2005	64.8722	1169	-.0089176213
29aug2005	65.646988	1170	.011872538
30aug2005	65.001335	1171	-.0098839086
31aug2005	65.065903	1172	.00099283375
01sep2005	64.194267	1173	-.013486732
02sep2005	64.1297	1174	-.0010063213
06sep2005	65.388725	1175	.019442257
07sep2005	65.356445	1176	-.00049378449
08sep2005	65.211174	1177	-.0022252279
09sep2005	65.727699	1178	.0078896042
12sep2005	65.759979	1179	.00049099611
13sep2005	65.170815	1180	-.0089996969
14sep2005	64.952911	1181	-.0033491715
15sep2005	64.573586	1182	-.0058571328
16sep2005	64.831848	1183	.0039915321
19sep2005	64.105484	1184	-.011267052
20sep2005	63.516323	1185	-.0092329849
21sep2005	62.596264	1186	-.014591335
22sep2005	63.120861	1187	.0083457241
23sep2005	62.951378	1188	-.0026886694
26sep2005	62.475208	1189	-.0075928378
27sep2005	62.943306	1190	.0074646054
28sep2005	64.16198	1191	.019176403
29sep2005	64.856064	1192	.010759594
30sep2005	64.743073	1193	-.0017437055
03oct2005	64.928696	1194	.0028629715
04oct2005	64.654297	1195	-.0042351116
05oct2005	64.420242	1196	-.0036266614
06oct2005	64.323395	1197	-.0015045024
07oct2005	64.969048	1198	.009987562
10oct2005	65.574348	1199	.009273625
11oct2005	67.140068	1200	.023596415
12oct2005	66.333	1201	-.012093492
13oct2005	66.341064	1202	.00012156513
14oct2005	66.462128	1203	.0018231982
17oct2005	66.655823	1204	.002910129
18oct2005	67.374115	1205	.010718487
19oct2005	67.930992	1206	.008231475
20oct2005	67.123924	1207	-.011951841
21oct2005	67.253059	1208	.0019219834
24oct2005	67.366043	1209	.001678569
25oct2005	67.277267	1210	-.001318679
26oct2005	66.897942	1211	-.0056542023
27oct2005	66.42984	1212	-.0070218439
28oct2005	65.711555	1213	-.010871562
31oct2005	66.082802	1214	.005633736
01nov2005	65.848755	1215	-.0035480091
02nov2005	65.421005	1216	-.0065171313
03nov2005	66.881805	1217	.022083575
04nov2005	66.986725	1218	.0015674999
07nov2005	67.479034	1219	.0073224851
08nov2005	67.268692	1220	-.0031220205
09nov2005	67.017899	1221	-.0037352017
10nov2005	67.948257	1222	.013786769
11nov2005	68.401299	1223	.006645313
14nov2005	68.247589	1224	-.0022496996
15nov2005	69.194122	1225	.013773812
16nov2005	70.011215	1226	.011739525
17nov2005	70.294365	1227	.0040361919
18nov2005	71.006287	1228	.010076779
21nov2005	70.617973	1229	-.0054837251
22nov2005	71.184273	1230	.0079872143
23nov2005	71.839569	1231	.0091635203
25nov2005	71.839569	1232	0
28nov2005	72.090355	1233	.0034848358
29nov2005	72.082268	1234	-.00011218715
30nov2005	71.920471	1235	-.0022471328
01dec2005	72.171257	1236	.0034809227
02dec2005	71.718216	1237	-.0062970915
05dec2005	71.540237	1238	-.0024847204
06dec2005	72.114624	1239	.0079968013
07dec2005	71.774849	1240	-.0047227321
08dec2005	70.787865	1241	-.013846538
09dec2005	70.359093	1242	-.0060755583
12dec2005	69.541992	1243	-.01168125
13dec2005	67.721733	1244	-.026523625
14dec2005	67.25251	1245	-.0069528068
15dec2005	67.576111	1246	.0048001884
16dec2005	67.446678	1247	-.0019171981
19dec2005	66.953186	1248	-.0073436731
20dec2005	66.726662	1249	-.003389061
21dec2005	67.244423	1250	.0077294861
22dec2005	67.325325	1251	.0012023818
23dec2005	67.535667	1252	.0031193984
27dec2005	67.139252	1253	-.0058870181
28dec2005	67.179703	1254	.00060231338
29dec2005	66.661942	1255	-.0077369614
30dec2005	66.500137	1256	-.0024301854
03jan2006	66.386879	1257	-.0017045817
04jan2006	66.29789	1258	-.0013413638
05jan2006	66.742844	1259	.0066890125
06jan2006	68.724899	1260	.029264489
09jan2006	67.737915	1261	-.014465501
10jan2006	68.012978	1262	.0040524658
11jan2006	68.09388	1263	.0011888029
12jan2006	67.608475	1264	-.0071539958
13jan2006	67.284874	1265	-.0047978852
17jan2006	67.147346	1266	-.0020460498
18jan2006	67.794548	1267	.0095923729
19jan2006	67.220154	1268	-.0085086692
20jan2006	65.82058	1269	-.021040563
23jan2006	65.861031	1270	.00061437662
24jan2006	65.407982	1271	-.0069026267
25jan2006	65.456528	1272	.00074192521
26jan2006	65.302811	1273	-.0023511455
27jan2006	65.545509	1274	.0037096227
30jan2006	66.039001	1275	.0075007984
31jan2006	65.772041	1276	-.0040506548
01feb2006	66.289803	1277	.0078412332
02feb2006	65.715408	1278	-.0087026544
03feb2006	64.69606	1279	-.015633117
06feb2006	64.323921	1280	-.0057687191
07feb2006	64.598976	1281	.0042669745
08feb2006	65.53167	1282	.01433497
09feb2006	65.20726	1283	-.0049627167
10feb2006	65.961517	1284	.011500686
13feb2006	65.2397	1285	-.011003317
14feb2006	65.766869	1286	.0080480101
15feb2006	65.57222	1287	-.0029640663
16feb2006	65.620888	1288	.00074192783
17feb2006	65.458679	1289	-.0024749646
21feb2006	65.288361	1290	-.0026053162
22feb2006	65.977737	1291	.010503598
23feb2006	65.045044	1292	-.01423736
24feb2006	64.963943	1293	-.0012476133
27feb2006	65.393791	1294	.0065949177
28feb2006	65.077492	1295	-.0048485775
01mar2006	64.801743	1296	-.0042462465
02mar2006	64.834183	1297	.0005004814
03mar2006	64.850395	1298	.00025002917
06mar2006	64.882843	1299	.00050022366
07mar2006	65.118042	1300	.003618425
08mar2006	65.807419	1301	.010530926
09mar2006	65.710098	1302	-.0014799637
10mar2006	66.156166	1303	.0067654834
13mar2006	66.448143	1304	.0044037392
14mar2006	67.21862	1305	.011528458
15mar2006	67.624138	1306	.0060146917
16mar2006	67.210518	1307	-.0061352369
17mar2006	67.559258	1308	.0051753502
20mar2006	67.786346	1309	.0033556928
21mar2006	67.972885	1310	.0027480829
22mar2006	68.491943	1311	.0076072454
23mar2006	67.478149	1312	-.01491229
24mar2006	67.607918	1313	.0019212702
27mar2006	67.380829	1314	-.0033645642
28mar2006	66.853661	1315	-.0078544794
29mar2006	67.421379	1316	.0084561044
30mar2006	67.478149	1317	.00084166828
31mar2006	66.886101	1318	-.0088126492
03apr2006	67.364609	1319	.0071286033
04apr2006	67.680908	1320	.0046843467
05apr2006	68.264854	1321	.0085909236
06apr2006	67.972885	1322	-.0042861803
07apr2006	66.894211	1323	-.015996449
10apr2006	66.586014	1324	-.0046178759
11apr2006	65.823647	1325	-.011515409
12apr2006	65.491119	1326	-.0050645922
13apr2006	66.488693	1327	.015117356
17apr2006	66.212936	1328	-.0041560489
18apr2006	67.567368	1329	.020249281
19apr2006	66.391365	1330	-.017558135
20apr2006	66.521133	1331	.0019526894
21apr2006	66.229164	1332	-.0043987813
24apr2006	66.594124	1333	.0054954314
25apr2006	67.048302	1334	.0067969374
26apr2006	67.599808	1335	.0081918584
27apr2006	68.029655	1336	.006338581
28apr2006	66.780663	1337	-.018530164
01may2006	66.691452	1338	-.0013367665
02may2006	66.845543	1339	.002307839
03may2006	67.072632	1340	.0033914612
04may2006	66.853661	1341	-.0032700293
05may2006	67.543037	1342	.010258926
08may2006	67.46978	1343	-.0010851925
09may2006	67.746529	1344	.0040934272
10may2006	67.477921	1345	-.0039727795
11may2006	67.119774	1346	-.0053217481
12may2006	67.062798	1347	-.0008492358
15may2006	67.46978	1348	.0060503362
16may2006	66.875587	1349	-.0088458033
17may2006	66.151146	1350	-.010891776
18may2006	65.654633	1351	-.0075340508
19may2006	65.345322	1352	-.0047223144
22may2006	65.13369	1353	-.0032439234
23may2006	64.979042	1354	-.0023771371
24may2006	64.938339	1355	-.00062659546
25may2006	65.231369	1356	.0045022806
26may2006	65.72789	1357	.007582868
30may2006	65.24765	1358	-.0073333085
31may2006	65.036018	1359	-.0032487873
01jun2006	65.679054	1360	.0098388204
02jun2006	64.726707	1361	-.01460616
05jun2006	64.35228	1362	-.0058015459
06jun2006	64.922058	1363	.0088150846
07jun2006	64.425537	1364	-.0076773507
08jun2006	62.699928	1365	-.027149789
09jun2006	63.188305	1366	.0077589313
12jun2006	62.691784	1367	-.007888834
13jun2006	62.61853	1368	-.0011691558
14jun2006	63.253426	1369	.01008804
15jun2006	63.945297	1370	.010878702
16jun2006	63.448776	1371	-.0077950801
19jun2006	63.220867	1372	-.003598484
20jun2006	63.481335	1373	.0041114977
21jun2006	63.733669	1374	.0039670626
22jun2006	62.830166	1375	-.014277677
23jun2006	62.756905	1376	-.0011667009
26jun2006	62.797604	1377	.0006483082
27jun2006	62.374336	1378	-.006763001
28jun2006	62.31736	1379	-.00091387518
29jun2006	63.155746	1380	.013363804
30jun2006	62.528996	1381	-.0099734645
03jul2006	63.505753	1382	.015500116
05jul2006	63.302261	1383	-.0032094405
06jul2006	63.562729	1384	.0041062217
07jul2006	62.203407	1385	-.021617496
10jul2006	62.406898	1386	.0032660444
11jul2006	62.244106	1387	-.0026119694
12jul2006	61.438282	1388	-.013030726
13jul2006	60.428955	1389	-.016564747
14jul2006	59.883598	1390	-.0090657286
17jul2006	59.989414	1391	.0017654669
18jul2006	60.44524	1392	.0075697144
19jul2006	61.918518	1393	.024081465
20jul2006	61.438282	1394	-.0077861696
21jul2006	60.933617	1395	-.0082481066
24jul2006	61.853401	1396	.014982068
25jul2006	61.772003	1397	-.0013168495
26jul2006	61.723167	1398	-.00079089339
27jul2006	61.983639	1399	.0042111138
28jul2006	62.642948	1400	.010580656
31jul2006	63.009239	1401	.0058302539
01aug2006	61.975494	1402	-.016542314
02aug2006	62.122009	1403	.0023612878
03aug2006	62.130154	1404	.00013109436
04aug2006	61.788288	1405	-.0055176034
07aug2006	61.470833	1406	-.0051510343
08aug2006	61.560734	1407	.0014614296
09aug2006	61.609764	1408	.0007961372
10aug2006	61.895786	1409	.0046317382
11aug2006	61.683315	1410	-.0034386271
14aug2006	62.663971	1411	.015773179
15aug2006	62.990856	1412	.0052029192
16aug2006	64.633453	1413	.025742555
17aug2006	64.862282	1414	.0035341498
18aug2006	65.295403	1415	.0066553475
21aug2006	64.788727	1416	-.007790009
22aug2006	64.519043	1417	-.0041711992
23aug2006	64.290222	1418	-.0035528662
24aug2006	64.870445	1419	.0089845769
25aug2006	65.279053	1420	.006279069
28aug2006	65.638626	1421	.0054931352
29aug2006	66.521225	1422	.013356734
30aug2006	66.374123	1423	-.0022138085
31aug2006	66.169823	1424	-.0030827525
01sep2006	66.529396	1425	.0054193875
05sep2006	66.071754	1426	-.0069025559
06sep2006	65.605942	1427	-.0070750727
07sep2006	64.886795	1428	-.011022131
08sep2006	65.916489	1429	.015744481
11sep2006	66.137131	1430	.0033417076
12sep2006	67.240372	1431	.016543511
13sep2006	67.183167	1432	-.00085111888
14sep2006	67.395638	1433	.0031575728
15sep2006	67.779732	1434	.0056829182
18sep2006	67.20768	1435	-.0084756855
19sep2006	66.905312	1436	-.0045091631
20sep2006	68.171989	1437	.018755408
21sep2006	66.692833	1438	-.021936273
22sep2006	66.365952	1439	-.0049133482
25sep2006	67.011551	1440	.0096808588
26sep2006	67.420158	1441	.006079053
27sep2006	67.085098	1442	-.0049821222
28sep2006	67.003372	1443	-.0012189875
29sep2006	66.962517	1444	-.00060993747
02oct2006	66.905312	1445	-.00085465203
03oct2006	66.725525	1446	-.0026907979
04oct2006	67.910484	1447	.017602868
05oct2006	67.763382	1448	-.0021684708
06oct2006	67.943169	1449	.0026496404
09oct2006	68.645973	1450	.010290873
10oct2006	68.801247	1451	.0022593909
11oct2006	68.801247	1452	0
12oct2006	69.218025	1453	.0060394439
13oct2006	70.345787	1454	.016161587
16oct2006	70.860626	1455	.0072920406
17oct2006	71.056755	1456	.002763988
18oct2006	73.402161	1457	.032474447
19oct2006	73.434853	1458	.00044528223
20oct2006	73.941528	1459	.006875969
23oct2006	74.824112	1460	.011865562
24oct2006	74.766907	1461	-.00076482137
25oct2006	75.044762	1462	.0037093938
26oct2006	74.80777	1463	-.0031630041
27oct2006	74.170341	1464	-.0085573932
30oct2006	74.775085	1465	.0081203878
31oct2006	75.453369	1466	.0090300906
01nov2006	75.020248	1467	-.0057567824
02nov2006	74.92218	1468	-.0013080788
03nov2006	74.701538	1469	-.0029492951
06nov2006	75.674019	1470	.012934208
07nov2006	75.7966	1471	.0016185517
08nov2006	75.911377	1472	.0015131258
09nov2006	75.772003	1473	-.001837694
10nov2006	75.230896	1474	-.0071668755
13nov2006	75.485054	1475	.003372679
14nov2006	76.485291	1476	.013163765
15nov2006	76.337715	1477	-.0019313247
16nov2006	76.632866	1478	.0038589267
17nov2006	76.911613	1479	.0036308418
20nov2006	76.452492	1480	-.0059873601
21nov2006	76.313118	1481	-.0018246754
22nov2006	76.673859	1482	.0047159744
24nov2006	76.534477	1483	-.0018195021
27nov2006	74.97673	1484	-.020563519
28nov2006	74.894745	1485	-.0010940772
29nov2006	75.034126	1486	.001859301
30nov2006	75.362068	1487	.0043610465
01dec2006	74.812759	1488	-.0073156231
04dec2006	76.665657	1489	.024465401
05dec2006	77.46093	1490	.010319827
06dec2006	77.165779	1491	-.0038175955
07dec2006	77.255966	1492	.001168062
08dec2006	76.952614	1493	-.0039343173
11dec2006	76.77224	1494	-.0023467152
12dec2006	77.165779	1495	.0051129707
13dec2006	77.698685	1496	.0068822461
14dec2006	78.182411	1497	.0062063723
15dec2006	78.133224	1498	-.00062932551
18dec2006	78.248001	1499	.001467908
19dec2006	78.707123	1500	.0058503728
20dec2006	78.707123	1501	0
21dec2006	78.633339	1502	-.00093788817
22dec2006	78.092224	1503	-.0069052801
26dec2006	78.428375	1504	.0042953021
27dec2006	79.690964	1505	.015970411
28dec2006	79.502396	1506	-.0023690462
29dec2006	79.649971	1507	.0018545175
03jan2007	79.748352	1508	.0012344051
04jan2007	80.601013	1509	.010635142
05jan2007	79.87133	1510	-.0090942523
08jan2007	81.08474	1511	.015077809
09jan2007	82.043976	1512	.011760618
10jan2007	81.076538	1513	-.011861771
11jan2007	80.879768	1514	-.0024299123
12jan2007	81.445473	1515	.0069700391
16jan2007	82.658875	1516	.014788443
17jan2007	82.002983	1517	-.0079665678
18jan2007	81.53566	1518	-.0057151578
19jan2007	78.846497	1519	-.033537585
22jan2007	79.617172	1520	.0097269202
23jan2007	79.592583	1521	-.00030889487
24jan2007	79.854935	1522	.0032907659
25jan2007	79.945122	1523	.0011287491
26jan2007	79.895927	1524	-.00061554072
29jan2007	80.789581	1525	.011123132
30jan2007	81.470078	1526	.0083877929
31jan2007	81.289703	1527	-.0022164471
01feb2007	81.166725	1528	-.0015139842
02feb2007	81.306099	1529	.001715657
05feb2007	82.298134	1530	.012127401
06feb2007	81.863609	1531	-.0052938713
07feb2007	81.855385	1532	-.00010047078
08feb2007	81.921173	1533	.00080339058
09feb2007	81.041275	1534	-.010798888
12feb2007	81.065948	1535	.00030440916
13feb2007	80.827469	1536	-.0029461333
14feb2007	81.57579	1537	.0092156623
15feb2007	81.345535	1538	-.0028265824
16feb2007	81.403099	1539	.00070739497
20feb2007	81.699142	1540	.0036301613
21feb2007	81.485329	1541	-.0026205177
22feb2007	81.000153	1542	-.0059719491
23feb2007	80.366959	1543	-.0078479089
26feb2007	79.692642	1544	-.0084258663
27feb2007	77.266747	1545	-.030913588
28feb2007	76.427963	1546	-.010915035
01mar2007	75.876999	1547	-.0072350469
02mar2007	74.750397	1548	-.014959074
05mar2007	75.498726	1549	.0099612605
06mar2007	77.135178	1550	.021443656
07mar2007	77.250305	1551	.0014914302
08mar2007	76.477303	1552	-.010056868
09mar2007	76.707558	1553	.0030062411
12mar2007	77.390099	1554	.0088586081
13mar2007	76.238831	1555	-.014987927
14mar2007	77.10228	1556	.011261927
15mar2007	76.847351	1557	-.0033118471
16mar2007	76.682892	1558	-.00214237
19mar2007	77.29142	1559	.0079043228
20mar2007	77.710808	1560	.0054113911
21mar2007	78.418022	1561	.009059431
22mar2007	78.278221	1562	-.0017843576
23mar2007	78.146645	1563	-.0016822973
26mar2007	78.121979	1564	-.00031568503
27mar2007	77.899948	1565	-.0028461486
28mar2007	77.513451	1566	-.0049738092
29mar2007	77.768372	1567	.0032833358
30mar2007	77.513451	1568	-.0032833358
02apr2007	78.29467	1569	.010028053
03apr2007	79.02655	1570	.0093043456
04apr2007	79.117004	1571	.0011439493
05apr2007	79.371925	1572	.0032168957
09apr2007	79.454163	1573	.0010355635
10apr2007	79.322586	1574	-.0016573783
11apr2007	78.253555	1575	-.013568643
12apr2007	78.672943	1576	.0053450349
13apr2007	78.064415	1577	-.0077649797
16apr2007	79.092339	1578	.013081693
17apr2007	79.865334	1579	.0097258734
18apr2007	77.957512	1580	-.024177928
19apr2007	77.538116	1581	-.0053943186
20apr2007	77.776596	1582	.0030709235
23apr2007	78.29467	1583	.0066389665
24apr2007	80.991928	1584	.033869967
25apr2007	83.434273	1585	.029709673
26apr2007	82.973763	1586	-.0055347257
27apr2007	83.195793	1587	.00267234
30apr2007	84.051025	1588	.010227276
01may2007	84.840469	1589	.009348602
02may2007	84.05925	1590	-.0092507564
03may2007	84.536209	1591	.0056580468
04may2007	84.667778	1592	.0015551517
07may2007	84.832245	1593	.0019406122
08may2007	85.269775	1594	.0051443418
09may2007	86.169609	1595	.010497494
10may2007	86.417274	1596	.0028700393
11may2007	87.490471	1597	.012342291
14may2007	87.152	1598	-.0038761578
15may2007	86.541107	1599	-.007034197
16may2007	87.399666	1600	.0098719308
17may2007	86.937363	1601	-.0053035691
18may2007	89.149803	1602	.025130246
21may2007	88.36554	1603	-.0088360664
22may2007	88.084854	1604	-.0031814682
23may2007	87.160255	1605	-.01055216
24may2007	85.814629	1606	-.015558952
25may2007	86.83004	1607	.011763156
29may2007	87.432686	1608	.0069165481
30may2007	88.274734	1609	.0095847417
31may2007	88.002304	1610	-.0030909374
01jun2007	87.952774	1611	-.00056298496
04jun2007	87.696861	1612	-.0029139025
05jun2007	87.374893	1613	-.0036781312
06jun2007	84.543304	1614	-.032944098
07jun2007	84.039726	1615	-.005974263
08jun2007	85.088158	1616	.012398249
11jun2007	85.21199	1617	.0014542879
12jun2007	84.485512	1618	-.0085620945
13jun2007	85.129433	1619	.0075927745
14jun2007	85.732079	1620	.0070542321
15jun2007	86.755737	1621	.011869485
18jun2007	86.953873	1622	.0022812262
19jun2007	87.919746	1623	.011046647
20jun2007	87.506981	1624	-.0047058538
21jun2007	88.002304	1625	.0056444248
22jun2007	86.219147	1626	-.020470724
25jun2007	86.764	1627	.0062995157
26jun2007	86.953873	1628	.0021859906
27jun2007	87.036423	1629	.00094890414
28jun2007	87.465698	1630	.0049200132
29jun2007	86.887825	1631	-.0066287774
02jul2007	86.689697	1632	-.0022828742
03jul2007	87.985794	1633	.014840325
05jul2007	89.199333	1634	.013698194
06jul2007	90.008362	1635	.0090290112
09jul2007	89.958832	1636	-.00055043399
10jul2007	89.678146	1637	-.0031250319
11jul2007	90.066147	1638	.0043172562
12jul2007	90.214745	1639	.0016485136
13jul2007	89.653381	1640	-.0062419623
16jul2007	90.52845	1641	.0097132493
17jul2007	91.444794	1642	.010071277
18jul2007	91.700714	1643	.002794724
19jul2007	95.646782	1644	.042131886
20jul2007	94.779968	1645	-.0091039697
23jul2007	96.076057	1646	.013582061
24jul2007	95.902695	1647	-.0018060622
25jul2007	97.495987	1648	.016477138
26jul2007	96.19989	1649	-.013383002
27jul2007	95.448654	1650	-.0078397654
30jul2007	94.540558	1651	-.0095595242
31jul2007	91.345734	1652	-.034377348
01aug2007	92.493233	1653	.012483904
02aug2007	93.475624	1654	.010565215
03aug2007	92.3694	1655	-.011904942
06aug2007	94.02047	1656	.017716765
07aug2007	93.723274	1657	-.0031659717
08aug2007	93.599014	1658	-.0013266971
09aug2007	91.734985	1659	-.020116026
10aug2007	93.317337	1660	.017102085
13aug2007	93.375328	1661	.00062124594
14aug2007	92.828552	1662	-.0058728894
15aug2007	92.149216	1663	-.0073450948
16aug2007	90.87339	1664	-.013941952
17aug2007	91.875824	1665	.010970704
20aug2007	90.484016	1666	-.015264705
21aug2007	90.334892	1667	-.0016494313
22aug2007	91.130211	1668	.0087655829
23aug2007	92.331467	1669	.013095628
24aug2007	93.814407	1670	.015933439
27aug2007	93.980103	1671	.0017646441
28aug2007	92.787125	1672	-.012775198
29aug2007	94.91626	1673	.022687139
30aug2007	95.579025	1674	.0069583682
31aug2007	96.672585	1675	.011376456
04sep2007	97.915268	1676	.01277264
05sep2007	97.658447	1677	-.0026263327
06sep2007	97.443054	1678	-.0022080112
07sep2007	95.728149	1679	-.017755751
10sep2007	95.935265	1680	.0021612393
11sep2007	97.21936	1681	.013296235
12sep2007	96.100952	1682	-.011570648
13sep2007	96.059525	1683	-.00043117724
14sep2007	95.380188	1684	-.0070971628
17sep2007	94.874832	1685	-.0053124172
18sep2007	96.622871	1686	.018257011
19sep2007	96.656013	1687	.0003429458
20sep2007	96.813423	1688	.0016272307
21sep2007	96.747147	1689	-.00068481459
24sep2007	96.308067	1690	-.0045487508
25sep2007	96.52346	1691	.0022340035
26sep2007	97.177948	1692	.0067577218
27sep2007	97.517609	1693	.00348915
28sep2007	97.592171	1694	.00076430896
01oct2007	98.611176	1695	.010387326
02oct2007	98.056107	1696	-.0056447666
03oct2007	96.432335	1697	-.016698262
04oct2007	95.844131	1698	-.0061183283
05oct2007	96.349487	1699	.0052588321
08oct2007	97.567314	1700	.012560467
09oct2007	98.006401	1701	.0044902521
10oct2007	98.271507	1702	.0027013368
11oct2007	97.799286	1703	-.0048168548
12oct2007	97.600456	1704	-.0020351072
15oct2007	97.782715	1705	.0018656536
16oct2007	99.083389	1706	.01321399
17oct2007	95.918686	1707	-.032461002
18oct2007	95.106804	1708	-.0085002994
19oct2007	93.019089	1709	-.022195784
22oct2007	93.922112	1710	.0096611101
23oct2007	95.007385	1711	.011488791
24oct2007	93.574158	1712	-.015200376
25oct2007	93.458168	1713	-.0012403171
26oct2007	94.22036	1714	.0081223566
29oct2007	95.106804	1715	.0093642194
30oct2007	94.543457	1716	-.0059409202
31oct2007	96.200371	1717	.01737362
01nov2007	94.154076	1718	-.021500669
02nov2007	94.932823	1719	.0082369745
05nov2007	93.94696	1720	-.010439144
06nov2007	93.756416	1721	-.0020302692
07nov2007	92.351364	1722	-.015099625
08nov2007	88.21933	1723	-.045774382
09nov2007	83.347351	1724	-.056809269
12nov2007	84.345024	1725	.011898988
13nov2007	87.52095	1726	.036962382
14nov2007	85.999504	1727	-.017536666
15nov2007	86.132523	1728	.0015455406
16nov2007	87.121887	1729	.01142107
19nov2007	84.985199	1730	-.024831029
20nov2007	85.982872	1731	.011671002
21nov2007	84.985199	1732	-.011671002
23nov2007	86.506653	1733	.017744211
26nov2007	84.777351	1734	-.020192899
27nov2007	86.323746	1735	.018076289
28nov2007	89.266884	1736	.033525866
29nov2007	89.374969	1737	.001210082
30nov2007	87.446129	1738	-.021817727
03dec2007	87.986542	1739	.0061609345
04dec2007	88.651649	1740	.0075307707
05dec2007	89.923691	1741	.014246792
06dec2007	91.204033	1742	.014137686
07dec2007	90.505661	1743	-.0076867151
10dec2007	90.946304	1744	.0048568686
11dec2007	88.950951	1745	-.022184169
12dec2007	90.181419	1746	.013738311
13dec2007	89.940315	1747	-.0026771259
14dec2007	87.936653	1748	-.022529582
17dec2007	86.905724	1749	-.011792811
18dec2007	88.385605	1750	.016885221
19dec2007	89.075661	1751	.0077770134
20dec2007	90.489029	1752	.015742486
21dec2007	92.326424	1753	.020101765
24dec2007	92.825256	1754	.005388381
26dec2007	92.750427	1755	-.00080645375
27dec2007	91.120895	1756	-.017725162
28dec2007	91.528275	1757	.0044607902
31dec2007	89.873802	1758	-.018241448
02jan2008	87.03875	1759	-.032053068
03jan2008	87.213341	1760	.0020038914
04jan2008	84.078979	1761	-.03660072
07jan2008	83.181076	1762	-.010736719
08jan2008	81.135841	1763	-.024895066
09jan2008	81.734444	1764	.0073506963
10jan2008	83.07299	1765	.016244125
11jan2008	81.202354	1766	-.022775382
14jan2008	85.575493	1767	.052454703
15jan2008	84.660957	1768	-.0107444
16jan2008	84.494675	1769	-.0019660322
17jan2008	84.054039	1770	-.0052285972
18jan2008	85.966248	1771	.022494836
22jan2008	84.153809	1772	-.021308569
23jan2008	88.211014	1773	.04708565
24jan2008	88.884445	1774	.0076053292
25jan2008	86.897408	1775	-.022608958
28jan2008	87.279854	1776	.0043914677
29jan2008	88.211014	1777	.010612162
30jan2008	87.836884	1778	-.0042503299
31jan2008	89.05072	1779	.013724599
01feb2008	90.688568	1780	.018225212
04feb2008	89.732468	1781	-.010598646
05feb2008	87.313103	1782	-.027332122
06feb2008	86.453499	1783	-.009893856
07feb2008	85.410278	1784	-.012140235
08feb2008	86.186432	1785	.0090463143
11feb2008	87.747086	1786	.017945886
12feb2008	88.907143	1787	.013133835
13feb2008	90.484489	1788	.017585965
14feb2008	88.573318	1789	-.021347782
15feb2008	88.598358	1790	.00028266001
19feb2008	87.630249	1791	-.01098708
20feb2008	90.008781	1792	.026780991
21feb2008	89.240974	1793	-.0085669486
22feb2008	90.19239	1794	.010604772
25feb2008	91.869888	1795	.018428259
26feb2008	95.458549	1796	.038318798
27feb2008	97.194466	1797	.018021656
28feb2008	96.176285	1798	-.010530964
29feb2008	95.024574	1799	-.012047273
03mar2008	95.333366	1800	.0032443341
04mar2008	96.568535	1801	.012873093
05mar2008	96.301468	1802	-.0027694004
06mar2008	93.906242	1803	-.025186699
07mar2008	95.091339	1804	.012541031
10mar2008	95.149757	1805	.0006141499
11mar2008	97.219498	1806	.02151924
12mar2008	97.703552	1807	.0049666325
13mar2008	96.735451	1808	-.0099579766
14mar2008	96.167938	1809	-.0058839209
17mar2008	96.435005	1810	.0027732404
18mar2008	98.821884	1811	.02444982
19mar2008	97.595062	1812	-.012492179
20mar2008	98.755119	1813	.011816343
24mar2008	99.364357	1814	.0061502242
25mar2008	98.454674	1815	-.0091971904
26mar2008	97.57003	1816	-.0090258988
27mar2008	96.409966	1817	-.011960805
28mar2008	95.617119	1818	-.008257702
31mar2008	96.092827	1819	.0049627991
01apr2008	97.219498	1820	.011656614
02apr2008	95.817413	1821	-.014526849
03apr2008	96.827248	1822	.010484003
04apr2008	96.610268	1823	-.0022434124
07apr2008	97.069275	1824	.0047398722
08apr2008	97.035896	1825	-.00034392285
09apr2008	97.453178	1826	.004291066
10apr2008	99.130676	1827	.017066902
11apr2008	96.810562	1828	-.02368284
14apr2008	97.878815	1829	.010974027
15apr2008	97.78701	1830	-.00093838066
16apr2008	100.54111	1831	.027774923
17apr2008	102.71935	1832	.021433793
18apr2008	103.82098	1833	.010667643
21apr2008	103.77925	1834	-.00040204954
22apr2008	103.21174	1835	-.0054834653
23apr2008	103.15332	1836	-.00056616438
24apr2008	103.64572	1837	.0047621308
25apr2008	102.71935	1838	-.0089780949
28apr2008	101.55929	1839	-.011357718
29apr2008	102.52739	1840	.0094872313
30apr2008	100.73306	1841	-.017655978
01may2008	103.16167	1842	.023823339
02may2008	102.8028	1843	-.0034847194
05may2008	101.84304	1844	-.0093798107
06may2008	102.50236	1845	.0064529888
07may2008	104.02748	1846	.014769307
08may2008	104.68111	1847	.006263616
09may2008	103.96044	1848	-.006908264
12may2008	104.94926	1849	.009466581
13may2008	106.07217	1850	.010642639
14may2008	106.85987	1851	.0073986803
15may2008	107.64759	1852	.0073444834
16may2008	107.11127	1853	-.0049946685
19may2008	105.99675	1854	-.010459742
20may2008	104.89899	1855	-.010410575
21may2008	103.59174	1856	-.0125403
22may2008	104.49676	1857	.0086984858
23may2008	104.07776	1858	-.0040177419
27may2008	106.69228	1859	.024810465
28may2008	108.5526	1860	.017286055
29may2008	108.69507	1861	.0013116029
30may2008	108.46042	1862	-.0021611219
02jun2008	106.7258	1863	-.016122377
03jun2008	107.12803	1864	.0037617262
04jun2008	106.88502	1865	-.0022709977
05jun2008	107.65596	1866	.0071869348
06jun2008	104.69788	1867	-.027861757
09jun2008	105.46882	1868	.0073365206
10jun2008	105.53586	1869	.00063543132
11jun2008	103.28168	1870	-.021590797
12jun2008	103.78447	1871	.004856355
13jun2008	105.71184	1872	.018400539
16jun2008	106.18111	1873	.0044293082
17jun2008	104.83195	1874	-.012787622
18jun2008	104.04425	1875	-.0075422721
19jun2008	104.76491	1876	.0069025727
20jun2008	102.8543	1877	-.01840543
23jun2008	103.45766	1878	.0058489786
24jun2008	103.45766	1879	0
25jun2008	104.3962	1880	.0090308795
26jun2008	101.50515	1881	-.028083762
27jun2008	100.60013	1882	-.008956003
30jun2008	99.326385	1883	-.012742281
01jul2008	99.946495	1884	.0062237429
02jul2008	99.804039	1885	-.0014263398
03jul2008	100.17275	1886	.0036875659
07jul2008	101.8152	1887	.016263194
08jul2008	103.80961	1888	.01939912
09jul2008	100.89342	1889	-.028493848
10jul2008	103.22302	1890	.022827229
11jul2008	102.33475	1891	-.0086425636
14jul2008	101.84872	1892	-.0047607329
15jul2008	103.23978	1893	.013565593
16jul2008	105.53586	1894	.021996573
17jul2008	106.02189	1895	.0045947875
18jul2008	108.8459	1896	.026287563
21jul2008	107.81518	1897	-.0095146885
22jul2008	108.93808	1898	.0103612
23jul2008	108.53585	1899	-.0036991078
24jul2008	108.93808	1900	.0036991078
25jul2008	107.70624	1901	-.011372145
28jul2008	105.79563	1902	-.017898273
29jul2008	106.9772	1903	.01110646
30jul2008	107.98277	1904	.0093560154
31jul2008	107.24535	1905	-.0068524689
01aug2008	106.12244	1906	-.010525674
04aug2008	106.89339	1907	.0072384635
05aug2008	107.99115	1908	.010217254
06aug2008	108.65575	1909	.0061353166
07aug2008	108.56321	1910	-.00085201528
08aug2008	108.36131	1911	-.0018615172
11aug2008	106.50214	1912	-.017305948
12aug2008	105.34122	1913	-.010960275
13aug2008	105.82915	1914	.0046211365
14aug2008	106.78817	1915	.0090211751
15aug2008	106.30025	1916	-.0045795403
18aug2008	104.81123	1917	-.014106655
19aug2008	103.10349	1918	-.016427688
20aug2008	103.06144	1919	-.00040795709
21aug2008	103.46523	1920	.0039103311
22aug2008	105.09726	1921	.015650561
25aug2008	103.35587	1922	-.016708091
26aug2008	103.05302	1923	-.0029344573
27aug2008	103.79332	1924	.0071579567
28aug2008	104.80283	1925	.0096791256
29aug2008	102.40527	1926	-.0231426
02sep2008	99.61232	1927	-.027652284
03sep2008	99.553421	1928	-.00059145642
04sep2008	96.743652	1929	-.028629674
05sep2008	96.180016	1930	-.0058431234
08sep2008	98.670113	1931	.025560493
09sep2008	96.777306	1932	-.019369569
10sep2008	99.301056	1933	.025743684
11sep2008	100.2769	1934	.0097791674
12sep2008	100.08341	1935	-.0019314118
15sep2008	96.903496	1936	-.032288365
16sep2008	97.626968	1937	.0074381763
17sep2008	93.774048	1938	-.040265627
18sep2008	96.844604	1939	.032219537
19sep2008	99.98246	1940	.031887092
22sep2008	97.761566	1941	-.022463255
23sep2008	97.046509	1942	-.00734118
24sep2008	97.971878	1943	.0094901435
25sep2008	101.04243	1944	.030860094
26sep2008	100.46198	1945	-.0057612755
29sep2008	96.289375	1946	-.042421315
30sep2008	98.392502	1947	.021606617
01oct2008	92.646767	1948	-.060170546
02oct2008	88.112434	1949	-.05018039
03oct2008	87.018814	1950	-.012489313
06oct2008	84.646492	1951	-.027640682
07oct2008	80.465485	1952	-.050655335
08oct2008	76.175117	1953	-.054793462
09oct2008	74.871178	1954	-.017265862
10oct2008	73.819611	1955	-.014144584
13oct2008	77.571587	1956	.049576785
14oct2008	78.740921	1957	.014961774
15oct2008	74.273888	1958	-.058403537
16oct2008	76.991119	1959	.035930637
17oct2008	76.368599	1960	-.0081184795
20oct2008	77.823959	1961	.018877741
21oct2008	74.753403	1962	-.040254612
22oct2008	70.32843	1963	-.061018605
23oct2008	70.959366	1964	.0089312717
24oct2008	69.041321	1965	-.027402224
27oct2008	67.013908	1966	-.029804992
28oct2008	73.424225	1967	.091353737
29oct2008	74.198174	1968	.010485615
30oct2008	76.292892	1969	.027840247
31oct2008	78.210938	1970	.024829723
03nov2008	77.966972	1971	-.0031241979
04nov2008	78.572678	1972	.0077387202
05nov2008	75.661949	1973	-.037748646
06nov2008	72.032814	1974	-.049153615
07nov2008	72.980278	1975	.013067475
10nov2008	70.949997	1976	-.028213879
11nov2008	69.994072	1977	-.013564808
12nov2008	67.456215	1978	-.036931831
13nov2008	71.237617	1979	.054542296
14nov2008	67.95533	1980	-.047170438
17nov2008	65.544365	1981	-.036123335
18nov2008	67.743843	1982	.033006337
19nov2008	64.266975	1983	-.052687682
20nov2008	60.688599	1984	-.057290047
21nov2008	63.344887	1985	.042838342
24nov2008	67.583107	1986	.064763866
25nov2008	68.226036	1987	.0094681969
26nov2008	69.088898	1988	.012567795
28nov2008	69.029686	1989	-.00085740432
01dec2008	65.053711	1990	-.059323393
02dec2008	67.54081	1991	.037518751
03dec2008	68.24295	1992	.010342136
04dec2008	65.510529	1993	-.040863268
05dec2008	68.17527	1994	.039871018
08dec2008	71.787491	1995	.051628347
09dec2008	69.951775	1996	-.025904167
10dec2008	70.095589	1997	.0020537928
11dec2008	68.166817	1998	-.027901975
12dec2008	69.537254	1999	.019904755
15dec2008	70.019447	2000	.00691038
16dec2008	73.090256	2001	.042922035
17dec2008	72.616524	2002	-.0065025617
18dec2008	71.059975	2003	-.021668261
19dec2008	70.653908	2004	-.0057308148
22dec2008	69.359604	2005	-.018488798
23dec2008	68.183731	2006	-.017098632
24dec2008	68.116058	2007	-.00099299836
26dec2008	68.801277	2008	.010009318
29dec2008	68.733604	2009	-.00098408107
30dec2008	70.679298	2010	.027914494
31dec2008	71.195328	2011	.007274474
02jan2009	73.910835	2012	.037432242
05jan2009	73.445557	2013	-.006315032
06jan2009	75.484306	2014	.027380366
07jan2009	74.266129	2015	-.016269797
08jan2009	73.750099	2016	-.0069726333
09jan2009	71.652138	2017	-.028859351
12jan2009	72.506546	2018	.011853858
13jan2009	72.193542	2019	-.0043262453
14jan2009	70.374748	2020	-.025516093
15jan2009	71.161484	2021	.011117205
16jan2009	71.838242	2022	.0094652334
20jan2009	69.351151	2023	-.035234209
21jan2009	77.336929	2024	.10898884
22jan2009	76.194901	2025	-.014877044
23jan2009	75.704247	2026	-.0064602825
26jan2009	77.489204	2027	.023304373
27jan2009	77.53997	2028	.00065492181
28jan2009	80.213173	2029	.0338942
29jan2009	78.259026	2030	-.024663586
30jan2009	77.531502	2031	-.0093398374
02feb2009	76.922417	2032	-.00788699
03feb2009	79.079597	2033	.02765757
04feb2009	78.529732	2034	-.0069776066
05feb2009	78.174431	2035	-.0045346785
06feb2009	81.77227	2036	.044995569
09feb2009	82.350647	2037	.0070481221
10feb2009	79.331177	2038	-.037355114
11feb2009	80.938728	2039	.020061227
12feb2009	80.862183	2040	-.0009461717
13feb2009	79.815994	2041	-.013022343
17feb2009	77.119736	2042	-.034364689
18feb2009	77.834206	2043	.0092217717
19feb2009	75.639778	2044	-.028598685
20feb2009	75.520699	2045	-.001575539
23feb2009	71.761253	2046	-.051062088
24feb2009	73.487877	2047	.023775769
25feb2009	73.062599	2048	-.0058038556
26feb2009	75.673798	2049	.035115369
27feb2009	78.276497	2050	.033815425
02mar2009	75.741844	2051	-.03291662
03mar2009	74.65313	2052	-.014478325
04mar2009	76.116081	2053	.019407114
05mar2009	74.406479	2054	-.022716541
06mar2009	72.986046	2055	-.019274751
09mar2009	71.004257	2056	-.027528435
10mar2009	74.210846	2057	.044170476
11mar2009	75.376106	2058	.015580021
12mar2009	76.890091	2059	.01988668
13mar2009	76.856071	2060	-.00044254074
16mar2009	77.587547	2061	.0094724707
17mar2009	79.024986	2062	.018357143
18mar2009	78.20845	2063	-.010386382
19mar2009	78.812347	2064	.0076919757
20mar2009	78.684761	2065	-.0016201744
23mar2009	83.958199	2066	.064869538
24mar2009	83.609474	2067	-.0041621975
25mar2009	83.311775	2068	-.0035669429
26mar2009	84.017731	2069	.0084379585
27mar2009	80.079674	2070	-.048005797
30mar2009	80.394371	2071	.0039221006
31mar2009	82.410187	2072	.024764894
01apr2009	83.022591	2073	.0074036922
02apr2009	85.752869	2074	.032356791
03apr2009	86.943642	2075	.013790573
06apr2009	86.382271	2076	-.0064776558
07apr2009	83.992218	2077	-.028058304
08apr2009	86.067574	2078	.024408575
09apr2009	86.50135	2079	.0050272988
13apr2009	85.012878	2080	-.017357269
14apr2009	84.434502	2081	-.0068266504
15apr2009	84.077271	2082	-.0042398423
16apr2009	86.271706	2083	.025765421
17apr2009	86.135612	2084	-.0015787401
20apr2009	85.42115	2085	-.0083292127
21apr2009	87.020187	2086	.018546401
22apr2009	87.224327	2087	.0023431417
23apr2009	86.263199	2088	-.011080198
24apr2009	85.123459	2089	-.013300414
27apr2009	85.012878	2090	-.0012999041
28apr2009	86.70549	2091	.019714449
29apr2009	88.491653	2092	.020391032
30apr2009	87.78569	2093	-.008009729
01may2009	88.976463	2094	.013473371
04may2009	90.320343	2095	.01499084
05may2009	90.031151	2096	-.0032069869
06may2009	89.449753	2097	-.006478684
07may2009	87.714104	2098	-.019594343
08may2009	86.773613	2099	-.010780127
11may2009	87.979156	2100	.013797351
12may2009	88.868355	2101	.010056186
13may2009	87.431961	2102	-.016295211
14may2009	86.397415	2103	-.011903144
15may2009	86.671013	2104	.0031617314
18may2009	89.41555	2105	.031175118
19may2009	90.210701	2106	.0088534495
20may2009	88.96241	2107	-.013934135
21may2009	87.910759	2108	-.011891724
22may2009	87.115608	2109	-.0090861311
26may2009	89.791748	2110	.030257013
27may2009	88.004807	2111	-.020101646
28may2009	89.509605	2112	.01695451
29may2009	90.869049	2113	.015073506
01jun2009	92.655991	2114	.01947416
02jun2009	91.339294	2115	-.014312526
03jun2009	91.048592	2116	-.0031877453
04jun2009	90.911797	2117	-.0015035698
05jun2009	91.689842	2118	.0085218335
08jun2009	91.903587	2119	.0023284627
09jun2009	92.459343	2120	.0060289484
10jun2009	92.638885	2121	.001939971
11jun2009	93.536636	2122	.0096442085
12jun2009	92.519188	2123	-.010937132
15jun2009	92.014748	2124	-.0054671955
16jun2009	91.758247	2125	-.0027914918
17jun2009	91.484642	2126	-.0029862609
18jun2009	90.911797	2127	-.0062813433
19jun2009	90.535599	2128	-.0041466383
22jun2009	89.36425	2129	-.013022413
23jun2009	89.295853	2130	-.00076567207
24jun2009	89.047905	2131	-.0027805611
25jun2009	90.680946	2132	.018172778
26jun2009	90.356049	2133	-.0035893009
29jun2009	90.484299	2134	.0014183797
30jun2009	89.278755	2135	-.013412785
01jul2009	89.637848	2136	.0040140846
02jul2009	86.978813	2137	-.030113079
06jul2009	86.910416	2138	-.00078667927
07jul2009	85.662117	2139	-.014467197
08jul2009	86.081062	2140	.0048787515
09jul2009	87.278061	2141	.013809687
10jul2009	86.20932	2142	-.012320831
13jul2009	88.594757	2143	.027294388
14jul2009	88.278404	2144	-.0035771756
15jul2009	91.672745	2145	.03772961
16jul2009	94.596832	2146	.031398878
17jul2009	98.683716	2147	.042295955
20jul2009	99.555817	2148	.0087985117
21jul2009	100.06881	2149	.0051395861
22jul2009	98.811966	2150	-.012639334
23jul2009	100.08591	2151	.012810177
24jul2009	100.58181	2152	.0049425391
27jul2009	100.57326	2153	-.000085034408
28jul2009	100.27401	2154	-.002979856
29jul2009	100.25691	2155	-.00017052206
30jul2009	100.76991	2156	.0051038126
31jul2009	100.82976	2157	.00059370109
03aug2009	102.5312	2158	.016733581
04aug2009	102.2576	2159	-.0026720006
05aug2009	101.29146	2160	-.0094930232
06aug2009	100.8276	2161	-.0045899716
07aug2009	102.50262	2162	.01647629
10aug2009	101.96146	2163	-.0052934662
11aug2009	101.17979	2164	-.0076959366
12aug2009	102.46826	2165	.012654108
13aug2009	102.71737	2166	.0024281181
14aug2009	101.84979	2167	-.0084821219
17aug2009	100.38094	2168	-.014526799
18aug2009	101.04235	2169	.0065674381
19aug2009	101.84979	2170	.0079593621
20aug2009	102.17621	2171	.003199752
21aug2009	102.99225	2172	.0079548713
24aug2009	102.49403	2173	-.0048491382
25aug2009	102.07314	2174	-.0041150204
26aug2009	102.62289	2175	.0053714048
27aug2009	102.58852	2176	-.00033490139
28aug2009	101.54915	2177	-.01018317
31aug2009	101.40313	2178	-.0014389491
01sep2009	100.23491	2179	-.011587433
02sep2009	99.719513	2180	-.0051551475
03sep2009	99.925674	2181	.0020652798
04sep2009	100.89632	2182	.0096668424
08sep2009	100.63863	2183	-.0025572791
09sep2009	100.29504	2184	-.0034200116
10sep2009	101.07671	2185	.0077634878
11sep2009	101.40313	2186	.0032242611
14sep2009	102.11608	2187	.0070062634
15sep2009	102.5198	2188	.0039457162
16sep2009	104.64149	2189	.020484239
17sep2009	104.69303	2190	.00049238472
18sep2009	104.8906	2191	.0018853653
21sep2009	104.42675	2192	-.0044320519
22sep2009	104.46111	2193	.00032893405
23sep2009	103.78251	2194	-.0065173563
24sep2009	103.88559	2195	.00099274528
25sep2009	104.00585	2196	.0011569707
28sep2009	102.50262	2197	-.014558761
29sep2009	102.05595	2198	-.0043672468
30sep2009	102.74314	2199	.0067109419
01oct2009	101.27428	2200	-.014399651
02oct2009	102.23634	2201	.009454703
05oct2009	102.8634	2202	.0061147022
06oct2009	104.23777	2203	.013272688
07oct2009	105.46612	2204	.011715204
08oct2009	105.04522	2205	-.0039988249
09oct2009	108.17192	2206	.029330902
12oct2009	109.1254	2207	.0087758293
13oct2009	109.10822	2208	-.00015745875
14oct2009	110.25067	2209	.010416413
15oct2009	109.93285	2210	-.0028869149
16oct2009	104.48688	2211	-.050808199
19oct2009	105.70663	2212	.01160617
20oct2009	105.50048	2213	-.0019521496
21oct2009	103.82546	2214	-.016004266
22oct2009	105.38882	2215	.014945285
23oct2009	103.38738	2216	-.0191736
26oct2009	103.17263	2217	-.0020793208
27oct2009	103.63648	2218	.0044858055
28oct2009	104.36662	2219	.0070205075
29oct2009	105.54343	2220	.011212646
30oct2009	103.60213	2221	-.018564705
02nov2009	103.55917	2222	-.00041468645
03nov2009	104.07457	2223	.0049644839
04nov2009	104.18623	2224	.0010723461
05nov2009	105.741	2225	.014812678
06nov2009	106.55206	2226	.0076410375
09nov2009	108.7178	2227	.020121781
10nov2009	109.50298	2228	.0071962913
11nov2009	109.74458	2229	.0022038331
12nov2009	108.94214	2230	-.0073387213
13nov2009	109.60652	2231	.0060799732
16nov2009	110.62468	2232	.0092463307
17nov2009	110.98707	2233	.003270485
18nov2009	110.57289	2234	-.0037387388
19nov2009	110.04657	2235	-.0047713146
20nov2009	109.54612	2236	-.0045579933
23nov2009	110.61604	2237	.0097194193
24nov2009	110.38307	2238	-.0021082768
25nov2009	109.82223	2239	-.0050938432
27nov2009	108.45894	2240	-.01249129
30nov2009	109.01979	2241	.0051577762
01dec2009	110.39171	2242	.012505595
02dec2009	109.76183	2243	-.00572216
03dec2009	110.0552	2244	.0026691803
04dec2009	109.79634	2245	-.0023548421
07dec2009	109.61515	2246	-.0016516048
08dec2009	109.40807	2247	-.0018909841
09dec2009	110.77998	2248	.012461489
10dec2009	111.59968	2249	.0073720613
11dec2009	111.89304	2250	.0026252132
14dec2009	112.10875	2251	.0019259986
15dec2009	110.86627	2252	-.011144659
16dec2009	111.0561	2253	.0017107514
17dec2009	109.92577	2254	-.010230117
18dec2009	110.36582	2255	.0039951485
21dec2009	111.00431	2256	.0057685338
22dec2009	112.10875	2257	.0099003417
23dec2009	112.16915	2258	.0005386346
24dec2009	112.66098	2259	.0043751225
28dec2009	114.16231	2260	.013238054
29dec2009	113.76541	2261	-.0034826547
30dec2009	114.38666	2262	.0054459106
31dec2009	112.9457	2263	-.012677257
04jan2010	114.28311	2264	.011771618
05jan2010	112.90257	2265	-.012153547
06jan2010	112.16915	2266	-.0065172464
07jan2010	111.78088	2267	-.0034675195
08jan2010	112.90257	2268	.0099847652
11jan2010	111.72047	2269	-.010525271
12jan2010	112.6092	2270	.007923427
13jan2010	112.3676	2271	-.0021477782
14jan2010	114.16231	2272	.015845552
15jan2010	113.70501	2273	-.0040137297
19jan2010	115.74131	2274	.017750157
20jan2010	112.38486	2275	-.029428342
21jan2010	111.30631	2276	-.0096433004
22jan2010	108.28638	2277	-.027506618
25jan2010	108.82133	2278	.0049280515
26jan2010	108.50208	2279	-.0029380382
27jan2010	109.00253	2280	.004601751
28jan2010	106.77641	2281	-.020634143
29jan2010	105.60294	2282	-.011050734
01feb2010	107.57021	2283	.018457538
02feb2010	108.31226	2284	.006874532
03feb2010	108.42443	2285	.001035127
04feb2010	106.12927	2286	-.021395538
05feb2010	106.57795	2287	.0042187353
08feb2010	105.63325	2288	-.0089034736
09feb2010	106.78596	2289	.010853268
10feb2010	106.43928	2290	-.0032517726
11feb2010	107.23665	2291	.0074634016
12feb2010	107.47065	2292	.0021797232
16feb2010	108.5367	2293	.0098705562
17feb2010	109.49006	2294	.0087454179
18feb2010	110.77277	2295	.011647261
19feb2010	110.23542	2296	-.0048627569
22feb2010	109.94074	2297	-.0026767468
23feb2010	109.60273	2298	-.0030792349
24feb2010	110.5821	2299	.0088959495
25feb2010	110.13142	2300	-.0040838844
26feb2010	110.20942	2301	.00070802064
01mar2010	111.43147	2302	.01102744
02mar2010	110.43476	2303	-.0089848591
03mar2010	109.96674	2304	-.0042469609
04mar2010	109.82807	2305	-.0012618304
05mar2010	110.28742	2306	.0041737296
08mar2010	109.5594	2307	-.0066229966
09mar2010	108.81403	2308	-.00682658
10mar2010	108.8747	2309	.00055739167
11mar2010	110.59077	2310	.015638901
12mar2010	110.88544	2311	.0026610345
15mar2010	110.79011	2312	-.00086014828
16mar2010	111.51814	2313	.0065497342
17mar2010	110.72944	2314	-.0070974869
18mar2010	111.26679	2315	.0048411144
19mar2010	110.6861	2316	-.0052325497
22mar2010	110.92011	2317	.0021119341
23mar2010	112.12482	2318	.010802452
24mar2010	111.3968	2319	-.0065141111
25mar2010	112.01216	2320	.0055088717
26mar2010	112.02948	2321	.00015460273
29mar2010	111.4488	2322	-.005196766
30mar2010	111.6048	2323	.0013988196
31mar2010	111.15412	2324	-.0040463852
01apr2010	111.15412	2325	0
05apr2010	112.1075	2326	.0085404972
06apr2010	111.74347	2327	-.003252425
07apr2010	111.35345	2328	-.0034963731
08apr2010	110.59943	2329	-.0067944471
09apr2010	111.59613	2330	.0089714043
12apr2010	111.24946	2331	-.0031113233
13apr2010	111.83015	2332	.0052061216
14apr2010	113.75422	2333	.017058974
15apr2010	113.44221	2334	-.002746627
16apr2010	113.21687	2335	-.0019883772
19apr2010	114.60358	2336	.012173871
20apr2010	112.40217	2337	-.019395785
21apr2010	111.79549	2338	-.0054120398
22apr2010	111.91682	2339	.0010846992
23apr2010	112.66219	2340	.0066379462
26apr2010	113.30353	2341	.0056764707
27apr2010	111.64815	2342	-.014717918
28apr2010	112.75752	2343	.0098873088
29apr2010	113.06953	2344	.002763282
30apr2010	111.80415	2345	-.011254335
03may2010	112.32417	2346	.0046404498
04may2010	111.04144	2347	-.011485601
05may2010	110.46943	2348	-.0051646684
06may2010	107.95183	2349	-.023053732
07may2010	106.36636	2350	-.014795768
10may2010	109.99901	2351	.033582028
11may2010	110.53912	2352	.0048981681
12may2010	115.58302	2353	.044619568
13may2010	114.53766	2354	-.0090854205
14may2010	114.28503	2355	-.0022080382
17may2010	113.63168	2356	-.0057333247
18may2010	113.20481	2357	-.0037636373
19may2010	112.25527	2358	-.0084231747
20may2010	107.8473	2359	-.040059175
21may2010	109.25854	2360	.013000729
24may2010	108.41354	2361	-.0077640926
25may2010	108.47451	2362	.00056226354
26may2010	107.35075	2363	-.010413742
27may2010	110.10355	2364	.025319846
28may2010	109.11916	2365	-.0089807929
01jun2010	108.31771	2366	-.0073718522
02jun2010	110.99212	2367	.024390521
03jun2010	111.47124	2368	.0043074661
04jun2010	109.13658	2369	-.021166526
07jun2010	108.13477	2370	-.0092218593
08jun2010	107.7776	2371	-.0033084052
09jun2010	107.93441	2372	.0014538548
10jun2010	111.22733	2373	.030052355
11jun2010	111.8981	2374	.0060125678
14jun2010	111.94166	2375	.00038917316
15jun2010	113.06542	2376	.009988782
16jun2010	113.55328	2377	.0043055122
17jun2010	114.10209	2378	.0048214453
18jun2010	113.37904	2379	-.0063570584
21jun2010	113.81461	2380	.0038343528
22jun2010	112.63857	2381	-.010386638
23jun2010	113.3442	2382	.0062449868
24jun2010	111.67161	2383	-.014866715
25jun2010	110.73949	2384	-.0083820168
28jun2010	112.3598	2385	.014525766
29jun2010	108.97106	2386	-.030623885
30jun2010	107.56853	2387	-.01295418
01jul2010	106.77579	2388	-.0073969872
02jul2010	106.15728	2389	-.005809423
06jul2010	107.55111	2390	.013044402
07jul2010	110.63495	2391	.028269861
08jul2010	111.47996	2392	.0076087909
09jul2010	111.47124	2393	-.000078158526
12jul2010	112.08975	2394	.0055332459
13jul2010	113.66651	2395	.013968915
14jul2010	113.8756	2396	.0018377575
15jul2010	113.8756	2397	0
16jul2010	111.53222	2398	-.020793073
19jul2010	113.06542	2399	.0136531
20jul2010	110.24294	2400	-.025280176
21jul2010	109.12787	2401	-.010166131
22jul2010	111.04438	2402	.017409641
23jul2010	111.83713	2403	.0071136528
26jul2010	111.86326	2404	.00023362209
27jul2010	112.05491	2405	.00171179
28jul2010	111.88068	2406	-.001556095
29jul2010	111.52351	2407	-.0031974581
30jul2010	111.85454	2408	.0029638042
02aug2010	113.91043	2409	.018213186
03aug2010	113.57069	2410	-.0029870155
04aug2010	114.35472	2411	.0068797753
05aug2010	114.84256	2412	.0042569395
06aug2010	113.93208	2413	-.0079596369
09aug2010	115.56043	2414	.014191109
10aug2010	115.42036	2415	-.0012128775
11aug2010	113.66069	2416	-.015363131
12aug2010	112.32124	2417	-.0118546
13aug2010	111.94479	2418	-.0033571729
16aug2010	111.85725	2419	-.00078236382
17aug2010	112.45255	2420	.0053079072
18aug2010	113.27549	2421	.0072914348
19aug2010	112.8465	2422	-.0037942892
20aug2010	111.62087	2423	-.010920463
23aug2010	110.71915	2424	-.0081112077
24aug2010	109.34468	2425	-.012491752
25aug2010	109.6686	2426	.0029580072
26aug2010	107.48871	2427	-.020077305
27aug2010	109.19585	2428	.015757293
30aug2010	108.03149	2429	-.0107203
31aug2010	107.79512	2430	-.0021904064
01sep2010	110.10632	2431	.021214083
02sep2010	109.46725	2432	-.0058210837
03sep2010	111.69091	2433	.020109937
07sep2010	110.26391	2434	-.012858667
08sep2010	110.37772	2435	.0010316758
09sep2010	110.62285	2436	.0022183193
10sep2010	112.04984	2437	.012817143
13sep2010	113.46809	2438	.012577822
14sep2010	112.80275	2439	-.0058809039
15sep2010	113.3105	2440	.0044911327
16sep2010	113.52061	2441	.0018525993
17sep2010	113.97585	2442	.0040021627
20sep2010	115.37658	2443	.012214771
21sep2010	115.54292	2444	.0014407074
22sep2010	116.05945	2445	.0044604563
23sep2010	115.27153	2446	-.0068120677
24sep2010	117.40765	2447	.018361557
27sep2010	117.88039	2448	.0040184655
28sep2010	118.09051	2449	.0017808431
29sep2010	118.60703	2450	.0043643755
30sep2010	117.43391	2451	-.009939976
01oct2010	118.7471	2452	.011120286
04oct2010	118.40567	2453	-.0028794173
05oct2010	120.51553	2454	.017661978
06oct2010	120.6731	2455	.0013066747
07oct2010	121.44351	2456	.0063639684
08oct2010	121.55733	2457	.00093674834
11oct2010	122.26644	2458	.0058166278
12oct2010	122.43279	2459	.0013595769
13oct2010	122.88801	2460	.0037112518
14oct2010	123.87728	2461	.0080179702
15oct2010	123.49208	2462	-.0031143776
18oct2010	125.04164	2463	.012469782
19oct2010	120.83944	2464	-.034184095
20oct2010	121.74992	2465	.007506418
21oct2010	122.41527	2466	.0054499651
22oct2010	122.27519	2467	-.0011449216
25oct2010	122.42402	2468	.0012164046
26oct2010	123.15065	2469	.0059178197
27oct2010	123.81599	2470	.0053881435
28oct2010	123.35201	2471	-.0037544488
29oct2010	125.71575	2472	.018981323
01nov2010	125.47062	2473	-.001951798
02nov2010	125.92585	2474	.0036216197
03nov2010	126.21475	2475	.0022915977
04nov2010	128.50845	2476	.018009849
05nov2010	128.62227	2477	.00088527199
08nov2010	128.78935	2478	.0012981836
09nov2010	128.50795	2479	-.0021873738
10nov2010	128.86848	2480	.0028016155
11nov2010	127.88361	2481	-.0076718624
12nov2010	126.39751	2482	-.011688706
15nov2010	126.30958	2483	-.00069595518
16nov2010	125.07849	2484	-.0097943917
17nov2010	124.82348	2485	-.002040901
18nov2010	126.94271	2486	.016835321
19nov2010	127.54946	2487	.0047683325
22nov2010	127.84843	2488	.0023412348
23nov2010	125.90507	2489	-.015317267
24nov2010	128.21776	2490	.018201863
26nov2010	126.5382	2491	-.013185812
29nov2010	125.65006	2492	-.0070434799
30nov2010	124.39261	2493	-.010058
01dec2010	126.98668	2494	.020639429
02dec2010	127.66376	2495	.0053177797
03dec2010	127.83965	2496	.0013767367
06dec2010	127.4967	2497	-.0026861941
07dec2010	126.64374	2498	-.0067125838
08dec2010	127.4879	2499	.0066435263
09dec2010	126.88995	2500	-.0047012526
10dec2010	127.34721	2501	.0035971187
13dec2010	126.87236	2502	-.0037357789
14dec2010	128.22656	2503	.010617175
15dec2010	127.25928	2504	-.0075721596
16dec2010	127.10979	2505	-.0011753817
17dec2010	127.50549	2506	.0031082698
20dec2010	127.07461	2507	-.00338507
21dec2010	128.15622	2508	.0084756073
22dec2010	128.34087	2509	.0014397562
23dec2010	128.28812	2510	-.00041109647
27dec2010	127.80447	2511	-.0037771557
28dec2010	128.12984	2512	.0025426131
29dec2010	128.8421	2513	.0055435379
30dec2010	128.974	2514	.0010231866
31dec2010	129.05315	2515	.00061348075
