date	GOOG
2004	
2004	53.80504989624023
2004	54.34652709960938
2004	52.09616470336914
2004	52.65751266479492
2004	53.60634231567383
2004	52.73202896118164
2004	50.6754035949707
2004	50.85424041748047
2004	49.80109024047852
2004	50.42702102661133
2004	49.68186569213867
2004	50.46179580688477
2004	50.8194694519043
2004	50.82443618774414
2004	52.32467651367188
2004	53.40266799926758
2004	55.3847770690918
2004	55.63812637329102
2004	56.61676406860352
2004	58.36539077758789
2004	59.29434585571289
2004	58.53925704956055
2004	58.80751419067383
2004	60.01963043212891
2004	59.52782821655273
2004	58.74790191650391
2004	63.02011489868164
2004	65.11647796630859
2004	64.38126373291016
2004	65.86163330078125
2004	67.09362030029297
2004	68.73792266845703
2004	68.09709167480469
2004	68.97637176513672
2004	68.41999053955078
2004	67.19297790527344
2004	68.25605773925781
2004	69.9947509765625
2004	70.54119873046875
2004	71.58937835693359
2004	74.09806060791016
2004	73.49200439453125
2004	69.79107666015625
2004	74.20735168457031
2004	85.65787506103516
2004	93.09451293945313
2004	90.31260681152344
2004	92.38413238525391
2004	96.02544403076172
2004	94.70404052734375
2004	97.38162994384766
2004	96.80537414550781
2004	95.21571350097656
2004	91.75323486328125
2004	84.12783050537109
2004	85.71749114990234
2004	83.804931640625
2004	83.38764190673828
2004	90.91866302490234
2004	90.41195678710938
2004	91.83768463134766
2004	85.7125244140625
2004	85.69264984130859
2004	83.22867584228516
2004	84.15266418457031
2004	82.01656341552734
2004	83.21874237060547
2004	86.81535339355469
2004	89.11538696289063
2004	89.94002532958984
2004	90.40202331542969
2004	89.39855194091797
2004	89.120361328125
2004	89.61712646484375
2004	87.57540893554688
2004	85.16110992431641
2004	84.4407958984375
2004	86.15464782714844
2004	85.27040100097656
2004	84.67427825927734
2004	88.76765441894531
2004	89.30912780761719
2004	87.66482543945313
2004	89.45816040039063
2004	91.91220092773438
2004	91.28130340576172
2004	92.54806518554688
2004	93.3428955078125
2004	95.33493804931641
2004	95.75719451904297
2004	95.82673645019531
2004	98.16155242919922
2004	95.7720947265625
2005	100.7000427246094
2005	96.62156677246094
2005	96.12976837158203
2005	93.66579437255859
2005	96.29866790771484
2005	96.89975738525391
2005	96.14466857910156
2005	97.05872344970703
2005	97.03388977050781
2005	99.33889770507813
2005	101.2911987304688
2005	98.01251983642578
2005	96.33344268798828
2005	93.53166961669922
2005	89.77609252929688
2005	87.98772430419922
2005	94.00856781005859
2005	93.43231201171875
2005	94.55500793457031
2005	97.17794799804688
2005	95.32997131347656
2005	102.3145446777344
2005	104.7487106323242
2005	101.5197143554688
2005	97.38162994384766
2005	98.67819213867188
2005	95.17100524902344
2005	93.38263702392578
2005	93.09451293945313
2005	95.87145233154297
2005	96.98421478271484
2005	98.56393432617188
2005	98.31058502197266
2005	98.33542633056641
2005	95.06668090820313
2005	96.34835052490234
2005	93.83469390869141
2005	92.33444976806641
2005	93.38760375976563
2005	92.42884063720703
2005	91.99168395996094
2005	92.90077209472656
2005	92.34935760498047
2005	93.79495239257813
2005	92.00161743164063
2005	90.08905792236328
2005	89.40848541259766
2005	88.32553100585938
2005	86.92960357666016
2005	88.72791290283203
2005	87.23263549804688
2005	89.06571197509766
2005	89.43829345703125
2005	89.85557556152344
2005	88.72294616699219
2005	88.91171264648438
2005	89.04584503173828
2005	90.12383270263672
2005	89.20481109619141
2005	89.6419677734375
2005	89.67176818847656
2005	89.43829345703125
2005	92.04632568359375
2005	93.67572784423828
2005	93.99862670898438
2005	96.25395965576172
2005	95.40448760986328
2005	95.99067687988281
2005	96.35331726074219
2005	95.84164428710938
2005	95.10642242431641
2005	91.90226745605469
2005	92.88089752197266
2005	95.08158874511719
2005	98.40993499755859
2005	101.4501647949219
2005	107.2077178955078
2005	111.0427703857422
2005	108.6682205200195
2005	109.1798934936523
2005	109.0159530639648
2005	109.289176940918
2005	110.4267807006836
2005	112.3641815185547
2005	113.51171875
2005	112.7566299438477
2005	113.2732696533203
2005	112.2797317504883
2005	113.1639785766602
2005	114.8976974487305
2005	113.6210021972656
2005	113.8793258666992
2005	114.7784729003906
2005	115.8117523193359
2005	118.8072738647461
2005	118.8172073364258
2005	120.0243606567383
2005	126.8996429443359
2005	127.1728668212891
2005	129.5623168945313
2005	128.7625274658203
2005	132.1405487060547
2005	137.7391357421875
2005	143.0694732666016
2005	143.0197906494141
2005	139.2244720458984
2005	144.5299682617188
2005	145.6129302978516
2005	138.8767395019531
2005	142.2299346923828
2005	140.3372344970703
2005	140.4614410400391
2005	138.2756500244141
2005	136.5121154785156
2005	137.8235931396484
2005	139.2443542480469
2005	142.4236755371094
2005	142.989990234375
2005	143.7152709960938
2005	143.9189453125
2005	147.6645812988281
2005	151.0674591064453
2005	150.0242309570313
2005	145.4142150878906
2005	146.1246032714844
2005	144.6839752197266
2005	146.8995666503906
2005	144.8180999755859
2005	146.8151092529297
2005	147.1578826904297
2005	145.7271881103516
2005	144.9472503662109
2005	148.4643859863281
2005	149.4728240966797
2005	149.6218566894531
2005	148.8021850585938
2005	153.9487152099609
2005	154.9919281005859
2005	155.9556579589844
2005	150.2229461669922
2005	146.9691009521484
2005	147.0883331298828
2005	147.505615234375
2005	145.8016967773438
2005	142.9502410888672
2005	144.8628082275391
2005	148.6283111572266
2005	147.6894226074219
2005	147.9030303955078
2005	145.2304229736328
2005	144.6839752197266
2005	144.8429412841797
2005	141.9169616699219
2005	141.1072387695313
2005	143.9239196777344
2005	141.0823974609375
2005	141.9020690917969
2005	141.6288452148438
2005	139.0903472900391
2005	139.0953216552734
2005	136.1196746826172
2005	138.8866729736328
2005	140.3720092773438
2005	140.3819580078125
2005	140.8737487792969
2005	143.2930145263672
2005	142.7068328857422
2005	142.075927734375
2005	142.2001190185547
2005	143.2930145263672
2005	142.6273498535156
2005	146.4822692871094
2005	146.7406005859375
2005	148.5786437988281
2005	153.8692321777344
2005	154.8329620361328
2005	150.5210113525391
2005	150.3322296142578
2005	149.1300506591797
2005	150.9134521484375
2005	152.9601440429688
2005	154.9422454833984
2005	154.678955078125
2005	156.6610717773438
2005	156.1245574951172
2005	155.9556579589844
2005	152.0113067626953
2005	153.8096160888672
2005	157.20751953125
2005	158.3103485107422
2005	154.4951629638672
2005	154.3510894775391
2005	155.364501953125
2005	155.4837341308594
2005	154.3212890625
2005	152.0609893798828
2005	149.5125579833984
2005	147.7589721679688
2005	147.1131744384766
2005	151.5145416259766
2005	150.6600952148438
2005	153.3525848388672
2005	150.620361328125
2005	168.8517761230469
2005	173.1985168457031
2005	172.3341369628906
2005	176.5715789794922
2005	175.3892669677734
2005	177.9277496337891
2005	184.8676147460938
2005	188.4642181396484
2005	188.6132507324219
2005	191.7279968261719
2005	193.9535217285156
2005	196.2386627197266
2005	193.6902313232422
2005	188.3499603271484
2005	194.2863616943359
2005	193.9386138916016
2005	197.202392578125
2005	195.130859375
2005	197.78857421875
2005	200.4214477539063
2005	198.8119201660156
2005	203.3573608398438
2005	206.8893890380859
2005	210.0637359619141
2005	212.9251251220703
2005	210.3717346191406
2005	200.4661560058594
2005	201.146728515625
2005	205.7070770263672
2005	207.5004119873047
2005	201.6136932373047
2005	200.9629364013672
2005	200.8039703369141
2005	203.9981842041016
2005	203.2778778076172
2005	204.9718627929688
2005	207.3960876464844
2005	208.1263427734375
2005	209.9097442626953
2005	213.6851806640625
2005	210.9281158447266
2005	213.4815063476563
2005	211.7875213623047
2005	214.6240844726563
2005	214.0726623535156
2005	210.9479827880859
2005	211.9663696289063
2005	208.7174987792969
2005	206.0895843505859
2006	216.2087707519531
2006	221.1814270019531
2006	224.1620483398438
2006	231.3254547119141
2006	231.9414520263672
2006	233.3621978759766
2006	234.2911682128906
2006	230.3170166015625
2006	231.6185455322266
2006	232.0457611083984
2006	221.0174865722656
2006	216.8148345947266
2006	198.4393463134766
2006	212.3687438964844
2006	220.0835723876953
2006	215.1009826660156
2006	215.7318725585938
2006	215.3443908691406
2006	212.0309448242188
2006	214.9320678710938
2006	199.5918426513672
2006	196.7403869628906
2006	189.5422058105469
2006	191.3057403564453
2006	182.7712554931641
2006	183.3475036621094
2006	178.2258148193359
2006	180.1334075927734
2006	171.7330474853516
2006	170.5507354736328
2006	170.0837707519531
2006	182.0459594726563
2006	183.1835632324219
2006	182.1105499267578
2006	181.5641021728516
2006	187.8134613037109
2006	187.4806213378906
2006	193.9286804199219
2006	180.1383666992188
2006	181.2213287353516
2006	187.0086822509766
2006	187.8681030273438
2006	182.8606719970703
2006	181.0474548339844
2006	175.7966156005859
2006	170.3917694091797
2006	167.6595306396484
2006	167.4409637451172
2006	174.4454040527344
2006	171.1369171142578
2006	168.2904357910156
2006	168.7971343994141
2006	172.9700012207031
2006	168.8617248535156
2006	169.0107421875
2006	169.8403472900391
2006	181.7180938720703
2006	183.6505279541016
2006	187.3812713623047
2006	196.2138214111328
2006	192.9649505615234
2006	193.7399139404297
2006	193.5908813476563
2006	200.8635711669922
2006	202.6767883300781
2006	204.261474609375
2006	201.7677001953125
2006	206.8446807861328
2006	203.5063934326172
2006	203.1536865234375
2006	199.7806243896484
2006	202.0955657958984
2006	200.8139038085938
2006	203.9236755371094
2006	206.1591339111328
2006	217.1377258300781
2006	218.8267364501953
2006	212.1998443603516
2006	211.6086883544922
2006	208.6578826904297
2006	207.61962890625
2006	198.1611480712891
2006	196.1244049072266
2006	195.8114318847656
2006	196.0995635986328
2006	195.8760223388672
2006	196.1144714355469
2006	203.0791625976563
2006	200.1879730224609
2006	192.2496032714844
2006	185.8561859130859
2006	186.8844909667969
2006	184.4503326416016
2006	186.0399932861328
2006	184.2963256835938
2006	183.8144683837891
2006	184.2764587402344
2006	186.5764923095703
2006	189.3931732177734
2006	190.2575531005859
2006	189.4428558349609
2006	184.7682647705078
2006	184.7086486816406
2006	190.0737609863281
2006	188.4940338134766
2006	186.0101776123047
2006	193.7349395751953
2006	192.0061798095703
2006	195.3792419433594
2006	192.0359954833984
2006	189.5372467041016
2006	192.0111541748047
2006	190.9530334472656
2006	194.2366790771484
2006	194.087646484375
2006	192.81591796875
2006	192.3340454101563
2006	199.7657165527344
2006	198.6827545166016
2006	201.1219024658203
2006	200.8039703369141
2006	199.860107421875
2006	201.7428588867188
2006	207.5550537109375
2006	208.3101501464844
2006	210.2326354980469
2006	209.3682556152344
2006	210.2276763916016
2006	208.8665313720703
2006	207.7487945556641
2006	210.9082489013672
2006	207.2768707275391
2006	203.0940704345703
2006	200.4462890625
2006	202.6271057128906
2006	200.2227478027344
2006	198.2108306884766
2006	192.3092193603516
2006	193.7945556640625
2006	194.1869964599609
2006	193.4219818115234
2006	191.5044555664063
2006	189.9644622802734
2006	192.8059844970703
2006	192.0508880615234
2006	186.5417327880859
2006	182.4284820556641
2006	186.4821166992188
2006	185.7170867919922
2006	187.7538452148438
2006	189.2689819335938
2006	187.2521057128906
2006	185.8909606933594
2006	183.0593719482422
2006	183.5213775634766
2006	189.2540893554688
2006	192.6072692871094
2006	191.6534729003906
2006	190.4413604736328
2006	187.4309387207031
2006	187.9227447509766
2006	185.5084533691406
2006	185.657470703125
2006	185.4239959716797
2006	189.2441558837891
2006	188.2506103515625
2006	189.1447906494141
2006	188.0419616699219
2006	188.0767364501953
2006	190.9381256103516
2006	188.8417663574219
2006	188.0220947265625
2006	187.7041625976563
2006	190.8040008544922
2006	194.6837768554688
2006	201.9713745117188
2006	200.6847381591797
2006	203.6156768798828
2006	206.0051422119141
2006	200.6002960205078
2006	197.21728515625
2006	202.1104736328125
2006	200.5853881835938
2006	200.6847381591797
2006	202.1204071044922
2006	200.1581573486328
2006	200.4860382080078
2006	199.6514587402344
2006	199.4229431152344
2006	200.7145385742188
2006	206.5068664550781
2006	204.5744476318359
2006	208.891357421875
2006	213.1139068603516
2006	211.9464874267578
2006	211.8719787597656
2006	212.3389434814453
2006	212.2693939208984
2006	209.5123291015625
2006	208.9609069824219
2006	208.3002014160156
2006	211.6533966064453
2006	228.3498077392578
2006	238.8365936279297
2006	235.125732421875
2006	241.7277984619141
2006	240.9826354980469
2006	236.0646209716797
2006	236.7451934814453
2006	236.6557769775391
2006	232.239501953125
2006	233.4367218017578
2006	234.3756103515625
2006	236.9339752197266
2006	234.7581176757813
2006	235.9652709960938
2006	234.7879333496094
2006	235.2449645996094
2006	238.9607849121094
2006	243.0690765380859
2006	244.3755798339844
2006	246.3477478027344
2006	247.7834014892578
2006	245.9254913330078
2006	253.1783142089844
2006	252.3636169433594
2006	250.8683471679688
2006	240.8087768554688
2006	243.1684265136719
2006	240.7590942382813
2006	240.8385772705078
2006	238.8465270996094
2006	240.8584442138672
2006	241.9264984130859
2006	242.7759704589844
2006	239.7605895996094
2006	240.4908447265625
2006	240.4014129638672
2006	239.3333740234375
2006	237.9473876953125
2006	239.5022735595703
2006	238.59814453125
2006	229.9046936035156
2006	232.8008575439453
2006	229.9543609619141
2006	226.6260223388672
2006	226.3180236816406
2006	227.2867126464844
2006	232.5027923583984
2006	229.7854614257813
2006	228.7521820068359
2007	232.2842102050781
2007	240.0685882568359
2007	242.0208892822266
2007	240.2275543212891
2007	241.1813507080078
2007	243.1485595703125
2007	248.2454071044922
2007	250.8683471679688
2007	250.5106658935547
2007	247.0332794189453
2007	242.3388214111328
2007	243.2926177978516
2007	238.8664093017578
2007	237.9771881103516
2007	247.9225006103516
2007	242.4679870605469
2007	246.3179321289063
2007	244.6438293457031
2007	245.5628509521484
2007	249.1296539306641
2007	239.3184661865234
2007	239.1942749023438
2007	232.0706024169922
2007	234.2166442871094
2007	233.4863891601563
2007	233.9931030273438
2007	229.45263671875
2007	227.6642608642578
2007	228.066650390625
2007	231.4595794677734
2007	229.2439880371094
2007	233.4516296386719
2007	234.5246429443359
2007	236.3925018310547
2007	236.3875274658203
2007	233.7894287109375
2007	230.9628143310547
2007	222.9350280761719
2007	223.2728271484375
2007	222.6667633056641
2007	217.9226226806641
2007	219.05029296875
2007	227.2966613769531
2007	226.3478240966797
2007	225.8907928466797
2007	225.0164794921875
2007	225.9057006835938
2007	220.0835723876953
2007	222.5525054931641
2007	221.6533660888672
2007	219.0006103515625
2007	222.1699981689453
2007	221.2012939453125
2007	226.7998809814453
2007	229.5271453857422
2007	229.4228210449219
2007	230.9975891113281
2007	230.3120422363281
2007	229.4476623535156
2007	228.9707641601563
2007	227.5996856689453
2007	227.7834930419922
2007	234.7730255126953
2007	233.9881286621094
2007	234.2315521240234
2007	232.5922088623047
2007	231.7427368164063
2007	230.7640991210938
2007	232.1848602294922
2007	231.6384124755859
2007	235.6026306152344
2007	234.8723754882813
2007	236.4670104980469
2007	234.3011016845703
2007	239.6811065673828
2007	237.9920959472656
2007	237.2220916748047
2007	237.4506072998047
2007	239.0353088378906
2007	237.9573211669922
2007	234.1669769287109
2007	232.9846649169922
2007	231.3850555419922
2007	235.0859985351563
2007	234.0378112792969
2007	232.125244140625
2007	231.896728515625
2007	233.1088562011719
2007	229.2439880371094
2007	231.8619689941406
2007	229.3979797363281
2007	227.5202026367188
2007	234.7779998779297
2007	233.9583282470703
2007	233.6403961181641
2007	233.7794952392578
2007	236.3925018310547
2007	235.4535980224609
2007	235.6324310302734
2007	240.1977386474609
2007	241.9811401367188
2007	247.6890258789063
2007	247.3462524414063
2007	248.5832061767578
2007	251.8966522216797
2007	257.7436218261719
2007	257.4505310058594
2007	255.8658447265625
2007	256.0794372558594
2007	254.0178527832031
2007	250.7540893554688
2007	250.9875640869141
2007	249.7953186035156
2007	251.3104705810547
2007	255.9353942871094
2007	255.4932556152344
2007	253.3372802734375
2007	255.3939056396484
2007	260.7937927246094
2007	262.0058898925781
2007	263.4167175292969
2007	261.4445495605469
2007	260.8086853027344
2007	259.6611633300781
2007	263.4763488769531
2007	265.4435424804688
2007	269.0650024414063
2007	267.9571838378906
2007	269.5269775390625
2007	269.9144592285156
2007	270.475830078125
2007	270.9030456542969
2007	274.2959594726563
2007	274.7082824707031
2007	275.706787109375
2007	272.9745483398438
2007	272.5224914550781
2007	258.3794860839844
2007	254.5990753173828
2007	255.3392639160156
2007	253.2329711914063
2007	252.358642578125
2007	254.2910766601563
2007	256.387451171875
2007	253.3521881103516
2007	254.8126831054688
2007	253.8539276123047
2007	249.8748016357422
2007	253.3521881103516
2007	256.3427429199219
2007	261.1911926269531
2007	255.701904296875
2007	256.2086181640625
2007	256.0844116210938
2007	252.6567077636719
2007	247.1674194335938
2007	244.1718902587891
2007	248.4043731689453
2007	247.3512115478516
2007	251.6681365966797
2007	254.7183074951172
2007	254.4401092529297
2007	255.8360290527344
2007	254.9716491699219
2007	251.5638122558594
2007	254.7828826904297
2007	254.0476684570313
2007	255.9602203369141
2007	260.8782348632813
2007	262.1946716308594
2007	260.0685119628906
2007	257.9969787597656
2007	255.5777130126953
2007	258.9805908203125
2007	259.6363220214844
2007	260.6944274902344
2007	262.6665954589844
2007	260.9527587890625
2007	265.9055480957031
2007	271.6581115722656
2007	274.6288146972656
2007	278.2403259277344
2007	282.1747131347656
2007	282.6615600585938
2007	282.2442626953125
2007	281.9164123535156
2007	281.8021545410156
2007	289.3927917480469
2007	290.3068237304688
2007	290.1230163574219
2007	287.6441650390625
2007	295.1056213378906
2007	302.8403015136719
2007	305.6023559570313
2007	310.6743774414063
2007	308.9903259277344
2007	316.6355895996094
2007	308.0514221191406
2007	306.0097045898438
2007	314.6932373046875
2007	317.7433776855469
2007	320.2719421386719
2007	323.2724304199219
2007	335.7015991210938
2007	335.7264099121094
2007	332.0950317382813
2007	335.120361328125
2007	337.42041015625
2007	345.1401977539063
2007	351.2156677246094
2007	349.3329162597656
2007	353.3269348144531
2007	360.4804077148438
2007	368.4982604980469
2007	364.1018676757813
2007	344.6781921386719
2007	329.8397216796875
2007	313.9927673339844
2007	328.1407470703125
2007	318.7667236328125
2007	312.7905883789063
2007	314.7677307128906
2007	310.9028625488281
2007	322.174560546875
2007	328.1258544921875
2007	336.16357421875
2007	330.84814453125
2007	334.6087036132813
2007	343.893310546875
2007	346.2479858398438
2007	344.2609252929688
2007	338.56298828125
2007	339.8694763183594
2007	346.9981079101563
2007	355.3190002441406
2007	355.125244140625
2007	356.8887939453125
2007	347.3408813476563
2007	347.4154052734375
2007	344.7825317382813
2007	342.750732421875
2007	332.4527282714844
2007	334.4993896484375
2007	336.4964294433594
2007	342.6166076660156
2007	346.093994140625
2007	348.1009521484375
2007	353.1232604980469
2007	348.1058959960938
2007	348.9951171875
2007	343.5058288574219
2008	340.3811340332031
2008	340.45068359375
2008	326.3772277832031
2008	322.5272827148438
2008	313.7990417480469
2008	324.489501953125
2008	321.2754211425781
2008	317.0628051757813
2008	324.7975158691406
2008	316.7647399902344
2008	305.98486328125
2008	298.453857421875
2008	298.1855773925781
2008	290.2869567871094
2008	272.5374145507813
2008	285.3888244628906
2008	281.3699645996094
2008	276.1936340332031
2008	273.4812622070313
2008	272.363525390625
2008	280.3267517089844
2008	256.2831115722656
2008	246.1142578125
2008	251.7625274658203
2008	249.2339782714844
2008	250.843505859375
2008	256.6755676269531
2008	258.8961181640625
2008	257.3710632324219
2008	265.5826416015625
2008	264.4053039550781
2008	263.1087341308594
2008	252.8305816650391
2008	252.8554229736328
2008	249.8052520751953
2008	252.2592926025391
2008	241.6483154296875
2008	230.5951995849609
2008	234.9021911621094
2008	236.1590118408203
2008	234.0676116943359
2008	227.0333709716797
2008	220.8634948730469
2008	222.4034729003906
2008	214.9519500732422
2008	215.2748413085938
2008	205.4735870361328
2008	218.4988708496094
2008	218.6677703857422
2008	220.0736389160156
2008	217.5450744628906
2008	208.5783996582031
2008	218.1610717773438
2008	214.6042022705078
2008	215.3741912841797
2008	228.7919311523438
2008	223.9335327148438
2008	227.6145935058594
2008	220.6051788330078
2008	217.6245574951172
2008	218.8118438720703
2008	231.3502960205078
2008	231.3453216552734
2008	226.0895080566406
2008	234.0229034423828
2008	236.8694000244141
2008	232.3935089111328
2008	230.5951995849609
2008	233.0243988037109
2008	227.2469787597656
2008	224.3706817626953
2008	221.9762573242188
2008	226.0447998046875
2008	223.3175354003906
2008	267.962158203125
2008	267.1574096679688
2008	275.706787109375
2008	271.4792785644531
2008	269.7654418945313
2008	270.2721252441406
2008	274.2760925292969
2008	277.4305725097656
2008	285.2894592285156
2008	294.6237487792969
2008	288.766845703125
2008	295.5278625488281
2008	291.2854614257813
2008	287.6292419433594
2008	289.6213073730469
2008	284.7479858398438
2008	290.5800476074219
2008	289.6163330078125
2008	286.2879638671875
2008	288.6227722167969
2008	288.1607971191406
2008	286.89404296875
2008	287.4305419921875
2008	273.2179870605469
2008	272.9546813964844
2008	270.5503234863281
2008	278.6377258300781
2008	282.2840270996094
2008	289.6163330078125
2008	291.0072631835938
2008	285.6421813964844
2008	281.8170471191406
2008	284.2611694335938
2008	291.2556762695313
2008	281.6680297851563
2008	277.1325073242188
2008	275.2944641113281
2008	270.8384704589844
2008	274.6884155273438
2008	283.908447265625
2008	284.5542602539063
2008	282.8900756835938
2008	279.3729553222656
2008	278.2899780273438
2008	271.4494934082031
2008	270.8434143066406
2008	269.3978271484375
2008	273.7197265625
2008	262.7013854980469
2008	262.3287963867188
2008	261.5091247558594
2008	265.6372985839844
2008	261.817138671875
2008	266.7649536132813
2008	270.1976318359375
2008	275.4732971191406
2008	269.0252380371094
2008	268.5384216308594
2008	265.17529296875
2008	259.1246337890625
2008	256.3775024414063
2008	266.0694885253906
2008	264.9964599609375
2008	239.1048583984375
2008	232.8852996826172
2008	237.0134582519531
2008	243.0293273925781
2008	236.2732696533203
2008	244.4004058837891
2008	237.0184173583984
2008	239.9940643310547
2008	239.7903900146484
2008	235.3443145751953
2008	232.4183502197266
2008	230.0040435791016
2008	238.3746032714844
2008	241.5986328125
2008	238.011962890625
2008	245.9056243896484
2008	248.8017883300781
2008	249.6810607910156
2008	248.3993988037109
2008	251.1117553710938
2008	253.4266967773438
2008	247.5399932861328
2008	243.6651916503906
2008	240.9329681396484
2008	241.6930236816406
2008	243.7098999023438
2008	239.9443969726563
2008	235.5479888916016
2008	232.7760162353516
2008	235.3592224121094
2008	230.1481018066406
2008	231.1217803955078
2008	230.7044830322266
2008	223.6752014160156
2008	220.6896209716797
2008	208.6181335449219
2008	207.9773101806641
2008	205.7418518066406
2008	215.4735565185547
2008	217.4159240722656
2008	215.5281982421875
2008	220.0338897705078
2008	205.9057769775391
2008	218.121337890625
2008	223.1237945556641
2008	213.6802215576172
2008	213.2480316162109
2008	216.1491546630859
2008	218.3796539306641
2008	214.1273040771484
2008	189.2689819335938
2008	198.9659118652344
2008	204.5297241210938
2008	193.9833221435547
2008	192.2048950195313
2008	184.4056243896484
2008	171.8870391845703
2008	167.9625701904297
2008	163.4270629882813
2008	164.9273071289063
2008	189.2789154052734
2008	180.1830902099609
2008	168.4891357421875
2008	175.369384765625
2008	185.0663146972656
2008	188.4344177246094
2008	180.2029571533203
2008	176.6858215332031
2008	175.0216522216797
2008	168.5487518310547
2008	163.680419921875
2008	183.1835632324219
2008	177.8433074951172
2008	178.6828460693359
2008	178.5189056396484
2008	172.12548828125
2008	182.2844085693359
2008	170.0142211914063
2008	164.5398254394531
2008	164.5000915527344
2008	158.3600158691406
2008	154.7236785888672
2008	144.5597839355469
2008	155.0316619873047
2008	154.0083312988281
2008	149.0903167724609
2008	147.7490386962891
2008	139.1847381591797
2008	128.9413604736328
2008	130.3670806884766
2008	127.8882141113281
2008	140.1136932373047
2008	145.1012573242188
2008	145.533447265625
2008	132.1355895996094
2008	136.6661224365234
2008	138.8121643066406
2008	136.2835998535156
2008	141.0774230957031
2008	150.0788879394531
2008	151.9964141845703
2008	153.4122009277344
2008	149.1399841308594
2008	156.8597717285156
2008	154.3312225341797
2008	161.5890197753906
2008	156.6014556884766
2008	154.1374816894531
2008	154.0828399658203
2008	147.5950317382813
2008	148.0471038818359
2008	150.4961700439453
2008	149.2095336914063
2008	147.7490386962891
2008	150.5756530761719
2008	152.8309783935547
2009	159.6218109130859
2009	162.9650726318359
2009	165.9506530761719
2009	159.9645843505859
2009	161.5443115234375
2009	156.5170135498047
2009	155.3347015380859
2009	156.1444244384766
2009	149.5125579833984
2009	148.5289611816406
2009	148.8667602539063
2009	140.4614410400391
2009	150.5607452392578
2009	152.2597045898438
2009	161.3008880615234
2009	160.8885803222656
2009	164.6689910888672
2009	173.2084503173828
2009	170.5507354736328
2009	168.1712036132813
2009	169.1846160888672
2009	169.125
2009	170.3917694091797
2009	175.7171325683594
2009	184.4403991699219
2009	188.1611938476563
2009	178.0966491699219
2009	177.8631744384766
2009	180.3519897460938
2009	177.6843414306641
2009	170.2228698730469
2009	175.4140930175781
2009	170.2129364013672
2009	172.1056213378906
2009	163.9635772705078
2009	171.6088562011719
2009	169.7161560058594
2009	167.5005645751953
2009	167.9029541015625
2009	162.52294921875
2009	161.6883697509766
2009	158.4295654296875
2009	151.8324737548828
2009	153.2880096435547
2009	144.505126953125
2009	153.0892944335938
2009	157.9278259277344
2009	160.7196807861328
2009	161.1618041992188
2009	158.8120880126953
2009	166.5865173339844
2009	165.4737548828125
2009	163.9039611816406
2009	164.0132446289063
2009	173.1736755371094
2009	172.4632873535156
2009	170.9233093261719
2009	175.5035247802734
2009	172.7265777587891
2009	170.2377624511719
2009	172.9054107666016
2009	175.9009399414063
2009	180.0787658691406
2009	183.6952362060547
2009	182.9302215576172
2009	178.1661987304688
2009	179.8303833007813
2009	185.0464477539063
2009	187.8333282470703
2009	183.2630462646484
2009	188.5238342285156
2009	193.1139831542969
2009	194.8526763916016
2009	188.4244842529297
2009	189.5024719238281
2009	190.6897430419922
2009	191.1020660400391
2009	193.4865570068359
2009	191.7279968261719
2009	190.615234375
2009	194.4701538085938
2009	196.7056121826172
2009	195.5729827880859
2009	199.6912078857422
2009	200.1929321289063
2009	200.4313812255859
2009	197.0235443115234
2009	202.3489227294922
2009	202.6718139648438
2009	198.2157897949219
2009	193.5113983154297
2009	192.4979858398438
2009	193.7399139404297
2009	197.1378021240234
2009	198.1512145996094
2009	197.3067169189453
2009	196.9689025878906
2009	195.4786071777344
2009	200.8735046386719
2009	201.4696350097656
2009	203.8739929199219
2009	207.2669219970703
2009	211.9017791748047
2009	212.8158416748047
2009	214.4303436279297
2009	218.7174530029297
2009	220.7243957519531
2009	217.9673309326172
2009	216.4025115966797
2009	214.9022674560547
2009	213.1139068603516
2009	211.0473480224609
2009	207.0384216308594
2009	206.6558990478516
2009	206.2386169433594
2009	205.6921691894531
2009	208.6876831054688
2009	202.3588562011719
2009	201.5292510986328
2009	203.3225860595703
2009	206.5416412353516
2009	211.2857971191406
2009	210.6996002197266
2009	209.4328460693359
2009	208.1412353515625
2009	202.9251708984375
2009	203.4815521240234
2009	197.0334930419922
2009	199.9445495605469
2009	203.8690338134766
2009	205.8610687255859
2009	210.7790832519531
2009	210.9728240966797
2009	217.6692657470703
2009	219.8699645996094
2009	213.73486328125
2009	213.6951141357422
2009	212.5674591064453
2009	212.463134765625
2009	217.2569580078125
2009	221.9166412353516
2009	220.9628448486328
2009	218.5038452148438
2009	216.7105102539063
2009	221.3801422119141
2009	220.093505859375
2009	224.6439056396484
2009	225.3990020751953
2009	224.1123657226563
2009	223.7248840332031
2009	227.0731048583984
2009	226.8296966552734
2009	225.5033111572266
2009	227.8083190917969
2009	229.6463775634766
2009	228.5137329101563
2009	221.0075531005859
2009	221.2012939453125
2009	220.550537109375
2009	228.7174072265625
2009	231.1168060302734
2009	232.8505249023438
2009	234.1620025634766
2009	232.4878845214844
2009	231.5241546630859
2009	230.8733978271484
2009	229.3433380126953
2009	226.4074401855469
2009	225.0413208007813
2009	227.2817535400391
2009	229.1595306396484
2009	227.8282012939453
2009	230.4859161376953
2009	233.9483947753906
2009	234.5445098876953
2009	236.0248870849609
2009	237.2270660400391
2009	242.5673370361328
2009	244.2712554931641
2009	244.14208984375
2009	246.8941955566406
2009	247.9175415039063
2009	247.6194763183594
2009	246.7799377441406
2009	244.6487884521484
2009	247.6542510986328
2009	247.6542510986328
2009	246.3229064941406
2009	242.0258483886719
2009	240.7243194580078
2009	242.6815948486328
2009	247.7585754394531
2009	257.0978393554688
2009	255.4286804199219
2009	256.4570007324219
2009	260.3268127441406
2009	261.3551330566406
2009	265.9303894042969
2009	263.2428588867188
2009	273.1484375
2009	274.2611999511719
2009	274.077392578125
2009	273.7694091796875
2009	275.2547302246094
2009	275.0560302734375
2009	275.3143310546875
2009	272.3734741210938
2009	268.404296875
2009	273.7445678710938
2009	266.3277893066406
2009	265.2696838378906
2009	266.9090270996094
2009	268.419189453125
2009	272.5523071289063
2009	273.7694091796875
2009	279.4375305175781
2009	281.5487976074219
2009	283.4365234375
2009	282.0902709960938
2009	284.1766967773438
2009	286.2780456542969
2009	286.8791198730469
2009	286.4618530273438
2009	284.6436767578125
2009	283.1384582519531
2009	289.2934265136719
2009	289.6610412597656
2009	290.9774780273438
2009	288.0068054199219
2009	289.6163330078125
2009	293.0291137695313
2009	291.8567504882813
2009	290.9774780273438
2009	290.6148376464844
2009	291.2308349609375
2009	291.6282348632813
2009	292.6068725585938
2009	293.8388671875
2009	293.3470458984375
2009	295.940185546875
2009	294.653564453125
2009	296.9486389160156
2009	295.0509643554688
2009	296.282958984375
2009	297.4056701660156
2009	298.6177673339844
2009	303.8636474609375
2009	307.24169921875
2009	309.4225158691406
2009	307.69873046875
2009	309.3529663085938
2009	307.9868469238281
2010	311.3499755859375
2010	309.9788818359375
2010	302.1647033691406
2010	295.1304626464844
2010	299.0648803710938
2010	298.6128234863281
2010	293.3321533203125
2010	291.6481018066406
2010	293.0191955566406
2010	288.1260070800781
2010	291.9114074707031
2010	288.3296813964844
2010	289.6063842773438
2010	273.2279052734375
2010	268.2552490234375
2010	269.4574279785156
2010	269.2984619140625
2010	265.418701171875
2010	263.2577514648438
2010	264.7878112792969
2010	263.8439636230469
2010	268.66259765625
2010	261.6879577636719
2010	263.9284057617188
2010	265.0113525390625
2010	266.4867553710938
2010	265.4981994628906
2010	266.4668884277344
2010	264.8374938964844
2010	268.9010620117188
2010	267.3660278320313
2010	269.8548583984375
2010	268.6328125
2010	269.6462097167969
2010	265.8061828613281
2010	264.017822265625
2010	261.5140991210938
2010	261.6979064941406
2010	264.6238708496094
2010	268.7818298339844
2010	270.8980712890625
2010	275.5031127929688
2010	280.2820434570313
2010	279.4226379394531
2010	278.2850341796875
2010	286.3624877929688
2010	288.6923217773438
2010	287.8974914550781
2010	279.7703552246094
2010	280.7738342285156
2010	280.9526672363281
2010	281.3699645996094
2010	278.1906433105469
2010	276.94873046875
2010	272.7261657714844
2010	276.8642578125
2010	279.621337890625
2010	279.5269470214844
2010	279.40771484375
2010	281.5239562988281
2010	281.7276306152344
2010	282.5621948242188
2010	283.6600646972656
2010	282.2740783691406
2010	279.9491882324219
2010	281.9114379882813
2010	281.2805480957031
2010	284.5144958496094
2010	291.4891357421875
2010	292.596923828125
2010	295.7265930175781
2010	273.2974548339844
2010	273.2726135253906
2010	275.7266540527344
2010	275.3590698242188
2010	271.762451171875
2010	270.734130859375
2010	264.1022644042969
2010	262.8206176757813
2010	262.8851928710938
2010	264.2810974121094
2010	261.1514587402344
2010	263.5856323242188
2010	251.5489196777344
2010	253.2329711914063
2010	247.7238006591797
2010	244.9766693115234
2010	259.1395568847656
2010	252.8802642822266
2010	251.0620880126953
2010	253.7893524169922
2010	252.1251678466797
2010	252.34375
2010	247.5747680664063
2010	245.6174926757813
2010	235.9702453613281
2010	234.4998016357422
2010	237.0382995605469
2010	236.9935913085938
2010	236.1987609863281
2010	243.6453247070313
2010	241.2459259033203
2010	239.62646484375
2010	245.0909271240234
2010	251.1663970947266
2010	247.7486267089844
2010	241.1912841796875
2010	240.8236694335938
2010	235.4784393310547
2010	241.9314727783203
2010	242.6716613769531
2010	240.0338134765625
2010	247.385986328125
2010	249.0153961181641
2010	248.4242401123047
2010	248.3993988037109
2010	242.7014617919922
2010	241.5539245605469
2010	239.4674987792969
2010	236.0149536132813
2010	234.8127746582031
2010	234.5147094726563
2010	225.6622772216797
2010	221.0373687744141
2010	218.3250122070313
2010	216.864501953125
2010	216.6260528564453
2010	223.6454010009766
2010	226.8048553466797
2010	232.2345428466797
2010	236.3775939941406
2010	243.0193939208984
2010	244.0824737548828
2010	245.413818359375
2010	228.3199920654297
2010	231.5837707519531
2010	239.2389831542969
2010	237.2071990966797
2010	240.8385772705078
2010	243.4466094970703
2010	242.9051361083984
2010	244.7233123779297
2010	240.6100616455078
2010	240.9279937744141
2010	240.8584442138672
2010	243.6204833984375
2010	243.3323516845703
2010	251.5240783691406
2010	252.4083251953125
2010	248.4937896728516
2010	251.0422058105469
2010	250.2275085449219
2010	244.2811889648438
2010	244.4153137207031
2010	241.6036071777344
2010	241.2260589599609
2010	243.6751251220703
2010	239.5171661376953
2010	232.4729919433594
2010	229.5172119140625
2010	230.5355834960938
2010	224.2365570068359
2010	225.8411254882813
2010	224.0328826904297
2010	227.9325256347656
2010	224.8823547363281
2010	223.5559844970703
2010	228.6776733398438
2010	230.0934600830078
2010	233.6304626464844
2010	230.6995239257813
2010	233.7695617675781
2010	236.5514678955078
2010	236.5315856933594
2010	239.5767822265625
2010	238.6627349853516
2010	238.7670440673828
2010	238.9756927490234
2010	243.4913177490234
2010	252.4977416992188
2010	255.0710144042969
2010	256.3327941894531
2010	255.0809478759766
2010	261.9413146972656
2010	263.4912414550781
2010	261.8817138671875
2010	262.1400451660156
2010	261.1961669921875
2010	261.1117248535156
2010	259.4872741699219
2010	267.3759765625
2010	265.4485168457031
2010	263.2925415039063
2010	266.4420471191406
2010	267.6790161132813
2010	268.9457702636719
2010	269.8945922851563
2010	268.7172546386719
2010	298.7817077636719
2010	306.8591918945313
2010	301.9511108398438
2010	302.0256042480469
2010	304.0176696777344
2010	304.2859191894531
2010	306.2580871582031
2010	307.3013000488281
2010	306.2431945800781
2010	307.2913513183594
2010	304.8671264648438
2010	305.512939453125
2010	305.8110046386719
2010	308.086181640625
2010	310.1179809570313
2010	310.5203552246094
2010	311.3598937988281
2010	310.3912048339844
2010	309.4274597167969
2010	306.6008605957031
2010	299.6957702636719
2010	295.81103515625
2010	289.9739990234375
2010	289.8895568847656
2010	296.3525085449219
2010	293.5060119628906
2010	293.6997680664063
2010	289.6213073730469
2010	295.5626525878906
2010	293.0937194824219
2010	289.1741943359375
2010	276.0595092773438
2010	280.3515930175781
2010	284.0624389648438
2010	284.6486206054688
2010	287.3113098144531
2010	291.6729431152344
2010	293.3619689941406
2010	293.8388671875
2010	294.1915588378906
2010	295.3887939453125
2010	295.5328369140625
2010	293.2427368164063
2010	293.9431762695313
2010	293.4911193847656
2010	295.6073608398438
2010	299.5864868164063
2010	300.7886657714844
2010	300.1627197265625
2010	299.2437133789063
2010	297.52490234375
2010	298.5581665039063
2010	297.4950866699219
2010	295.0658874511719
2011	300.2223510742188
2011	299.1145629882813
2011	302.5670776367188
2011	304.7677917480469
2011	306.228271484375
2011	305.1204833984375
2011	306.0146789550781
2011	306.44189453125
2011	306.3524780273438
2011	310.0732727050781
2011	317.7483520507813
2011	313.8338012695313
2011	311.3598937988281
2011	303.9381713867188
2011	303.5656127929688
2011	307.9520568847656
2011	306.2580871582031
2011	306.4021606445313
2011	298.5531921386719
2011	298.240234375
2011	303.5457153320313
2011	304.0226135253906
2011	303.1036071777344
2011	303.5159301757813
2011	305.1602172851563
2011	307.1920166015625
2011	306.2580871582031
2011	306.228271484375
2011	310.2322387695313
2011	312.0454406738281
2011	310.0583801269531
2011	310.0931396484375
2011	310.6097717285156
2011	313.0042114257813
2011	303.1334228515625
2011	303.684814453125
2011	302.4429016113281
2011	303.0489501953125
2011	304.7181091308594
2011	298.4389343261719
2011	298.453857421875
2011	302.8105163574219
2011	298.369384765625
2011	293.9183349609375
2011	294.2412414550781
2011	293.9729919433594
2011	288.2750549316406
2011	286.4916381835938
2011	283.1533508300781
2011	282.9397583007813
2011	276.75
2011	278.8662414550781
2011	278.7172241210938
2011	286.3873291015625
2011	286.794677734375
2011	289.1990356445313
2011	291.5487670898438
2011	287.9968566894531
2011	285.8210144042969
2011	288.9854431152344
2011	289.0400695800781
2011	291.4841613769531
2011	293.9878845214844
2011	291.9411926269531
2011	282.7062683105469
2011	285.2348327636719
2011	288.1260070800781
2011	287.2119750976563
2011	286.8195190429688
2011	283.4613647460938
2011	286.2780456542969
2011	287.3858337402344
2011	263.6353149414063
2011	261.7177734375
2011	259.0799255371094
2011	261.1663513183594
2011	260.8533935546875
2011	260.8285522460938
2011	264.6884460449219
2011	267.1424865722656
2011	267.246826171875
2011	270.2920227050781
2011	267.5399169921875
2011	265.2200012207031
2011	266.1638488769531
2011	265.4087829589844
2011	265.9204406738281
2011	267.1027526855469
2011	269.57666015625
2011	265.9949645996094
2011	265.7962646484375
2011	263.0640258789063
2011	257.5349731445313
2011	263.5160827636719
2011	263.1931762695313
2011	263.9085388183594
2011	260.3218688964844
2011	257.5200805664063
2011	257.4555053710938
2011	258.1559448242188
2011	257.3909301757813
2011	258.7669677734375
2011	262.8007202148438
2011	261.1017761230469
2011	262.3238220214844
2011	259.8499145507813
2011	258.8464660644531
2011	257.8380126953125
2011	257.9075622558594
2011	256.6954345703125
2011	253.1087646484375
2011	250.7342224121094
2011	252.5424499511719
2011	249.8499603271484
2011	248.5682983398438
2011	240.9429016113281
2011	240.7243194580078
2011	244.9071197509766
2011	241.9314727783203
2011	238.5584106445313
2011	235.9056549072266
2011	239.8400726318359
2011	245.2300109863281
2011	247.1773529052734
2011	251.5538787841797
2011	258.83154296875
2011	264.4996948242188
2011	265.9502563476563
2011	271.533935546875
2011	264.2761535644531
2011	261.9363708496094
2011	265.2796020507813
2011	267.390869140625
2011	262.760986328125
2011	296.8790893554688
2011	295.5477600097656
2011	299.3281555175781
2011	295.7514343261719
2011	301.5338134765625
2011	307.1174926757813
2011	307.4900817871094
2011	309.2486267089844
2011	301.6480712890625
2011	303.4960632324219
2011	299.8944702148438
2011	301.4245300292969
2011	294.2859497070313
2011	298.6426086425781
2011	286.89404296875
2011	287.6491088867188
2011	271.2458190917969
2011	284.8523254394531
2011	272.7311401367188
2011	279.2487487792969
2011	280.0634460449219
2011	276.8145751953125
2011	267.7584838867188
2011	264.8523864746094
2011	250.8087310791016
2011	243.8738403320313
2011	247.4754180908203
2011	257.7337036132813
2011	259.9542541503906
2011	258.3397521972656
2011	261.7277221679688
2011	267.7982177734375
2011	268.6029968261719
2011	268.7321472167969
2011	264.5294799804688
2011	260.7242431640625
2011	259.40283203125
2011	265.28955078125
2011	265.7515563964844
2011	260.7292175292969
2011	263.34716796875
2011	263.0491333007813
2011	264.3158874511719
2011	269.5269775390625
2011	271.5736694335938
2011	271.5686950683594
2011	271.548828125
2011	267.8578491210938
2011	258.6477355957031
2011	261.0570678710938
2011	264.2264709472656
2011	267.9273986816406
2011	262.7113037109375
2011	262.045654296875
2011	255.8559112548828
2011	246.1589660644531
2011	249.3283538818359
2011	250.7193145751953
2011	255.6919708251953
2011	255.8956451416016
2011	266.8493957519531
2011	269.8349914550781
2011	272.477783203125
2011	277.6889038085938
2011	293.9282836914063
2011	289.3232421875
2011	293.3470458984375
2011	288.4737548828125
2011	289.9491577148438
2011	293.3371276855469
2011	296.282958984375
2011	289.69580078125
2011	291.2606201171875
2011	297.4006958007813
2011	298.1309509277344
2011	294.4051818847656
2011	287.4553833007813
2011	290.5204467773438
2011	296.8194885253906
2011	296.1438598632813
2011	302.1994934082031
2011	304.1915283203125
2011	298.5333251953125
2011	295.6173095703125
2011	302.2094116210938
2011	304.5194091796875
2011	306.2879028320313
2011	303.7593383789063
2011	298.4935913085938
2011	295.5179443359375
2011	288.5929870605469
2011	288.1260070800781
2011	283.2129821777344
2011	279.6809387207031
2011	292.1945495605469
2011	289.58154296875
2011	297.7583618164063
2011	304.9019165039063
2011	308.1756286621094
2011	310.8035278320313
2011	309.8695983886719
2011	309.6808166503906
2011	306.0345458984375
2011	311.6828002929688
2011	310.6743774414063
2011	310.7935791015625
2011	307.0380249023438
2011	307.7682495117188
2011	310.95751953125
2011	308.9058532714844
2011	313.1482849121094
2011	310.8879699707031
2011	312.8154296875
2011	314.5243225097656
2011	318.0563354492188
2011	317.7831420898438
2011	319.1243896484375
2011	320.8630981445313
2012	330.5550537109375
2012	331.9807739257813
2012	327.375732421875
2012	322.9097900390625
2012	309.2188415527344
2012	309.556640625
2012	310.95751953125
2012	312.78564453125
2012	310.4756469726563
2012	312.2590637207031
2012	314.4100646972656
2012	317.7185363769531
2012	291.1016540527344
2012	290.8681945800781
2012	288.5880126953125
2012	282.9049682617188
2012	282.2144775390625
2012	288.1160888671875
2012	286.9784851074219
2012	288.1806640625
2012	288.538330078125
2012	290.6645202636719
2012	296.2382507324219
2012	302.5770263671875
2012	301.4245300292969
2012	302.9545593261719
2012	303.7543640136719
2012	300.997314453125
2012	304.1219787597656
2012	302.9098510742188
2012	300.8234252929688
2012	301.3003234863281
2012	300.3663940429688
2012	305.0161743164063
2012	302.0057373046875
2012	301.0966491699219
2012	302.9794006347656
2012	302.6863098144531
2012	307.1969909667969
2012	307.12744140625
2012	309.1890258789063
2012	308.6177368164063
2012	305.1403503417969
2012	300.5253601074219
2012	301.4394226074219
2012	301.6083374023438
2012	298.1855773925781
2012	300.6197509765625
2012	306.8939514160156
2012	306.0047302246094
2012	308.5581359863281
2012	310.50048828125
2012	314.9416198730469
2012	314.6981811523438
2012	317.9222106933594
2012	320.9376220703125
2012	319.2187805175781
2012	322.5670166015625
2012	321.4194641113281
2012	325.76123046875
2012	322.1099853515625
2012	318.5481567382813
2012	321.3698120117188
2012	319.2337036132813
2012	315.5228271484375
2012	314.1169738769531
2012	313.3817443847656
2012	311.4046020507813
2012	315.9252014160156
2012	323.4015808105469
2012	310.2819213867188
2012	301.0767822265625
2012	302.8154907226563
2012	301.7623291015625
2012	297.7136535644531
2012	296.1041259765625
2012	296.869140625
2012	298.6922912597656
2012	302.8899841308594
2012	305.7464294433594
2012	305.5029907226563
2012	300.4707336425781
2012	300.2620849609375
2012	301.6679382324219
2012	303.5357971191406
2012	296.5561828613281
2012	301.81201171875
2012	304.4150695800781
2012	302.6068420410156
2012	304.8472595214844
2012	300.6594848632813
2012	300.0484619140625
2012	303.5805053710938
2012	312.4329223632813
2012	309.5119323730469
2012	298.2601013183594
2012	305.07080078125
2012	298.4588012695313
2012	302.7608337402344
2012	299.8795776367188
2012	293.853759765625
2012	295.2496948242188
2012	292.2144165039063
2012	288.5532531738281
2012	283.6451721191406
2012	287.4255676269531
2012	283.3619995117188
2012	288.4091796875
2012	287.2467346191406
2012	288.3495788574219
2012	282.4131774902344
2012	280.7241516113281
2012	278.7321166992188
2012	277.7187194824219
2012	280.4310607910156
2012	283.58056640625
2012	288.8860778808594
2012	286.8890686035156
2012	280.77880859375
2012	283.8935546875
2012	278.5383911132813
2012	280.5155029296875
2012	282.8105773925781
2012	280.3317260742188
2012	288.1607971191406
2012	288.3594970703125
2012	292.0157165527344
2012	296.0345764160156
2012	291.0967102050781
2012	291.1116027832031
2012	288.9705200195313
2012	283.7494812011719
2012	283.3967895507813
2012	286.3972473144531
2012	285.6024169921875
2012	286.5015869140625
2012	288.5035705566406
2012	294.6138305664063
2012	303.4364318847656
2012	305.7662963867188
2012	301.8219299316406
2012	302.0305786132813
2012	304.6982421875
2012	315.4284362792969
2012	314.1070251464844
2012	314.4398803710938
2012	314.2958068847656
2012	312.343505859375
2012	318.5928649902344
2012	319.3330383300781
2012	318.2004089355469
2012	319.0399475097656
2012	319.0995788574219
2012	318.9256896972656
2012	327.8724975585938
2012	332.1695556640625
2012	331.6131896972656
2012	334.2609558105469
2012	336.3821716308594
2012	335.5873413085938
2012	332.591796875
2012	336.4020385742188
2012	336.2132568359375
2012	337.1223449707031
2012	332.44775390625
2012	336.4367980957031
2012	341.7820434570313
2012	338.6374816894531
2012	340.3314819335938
2012	338.3195495605469
2012	338.1605834960938
2012	347.4402465820313
2012	350.7934265136719
2012	348.1208190917969
2012	343.8585205078125
2012	343.207763671875
2012	350.73876953125
2012	352.5470275878906
2012	352.696044921875
2012	356.8192443847656
2012	361.3994445800781
2012	361.7074279785156
2012	364.6234741210938
2012	372.2687377929688
2012	372.1594543457031
2012	374.2955627441406
2012	375.8057556152344
2012	374.8121948242188
2012	378.4286804199219
2012	376.0491638183594
2012	378.7863464355469
2012	381.5434265136719
2012	381.3447265625
2012	376.4714050292969
2012	369.6408386230469
2012	369.8743286132813
2012	373.3119506835938
2012	369.9687194824219
2012	368.0958862304688
2012	369.9438781738281
2012	375.3040161132813
2012	345.2544555664063
2012	338.692138671875
2012	337.1422119140625
2012	337.9767761230469
2012	336.4616394042969
2012	336.6901550292969
2012	335.3935852050781
2012	337.9519348144531
2012	341.5733947753906
2012	341.7373352050781
2012	339.2733459472656
2012	338.6573486328125
2012	331.404541015625
2012	324.0374450683594
2012	329.3727416992188
2012	330.7984619140625
2012	327.3955993652344
2012	324.1665954589844
2012	321.5386962890625
2012	321.4989624023438
2012	331.9460144042969
2012	332.8203125
2012	330.7835693359375
2012	331.8267822265625
2012	328.4388122558594
2012	333.1879272460938
2012	339.6260681152344
2012	343.7095031738281
2012	346.9285583496094
2012	345.3786315917969
2012	343.2822875976563
2012	341.6876525878906
2012	343.3319702148438
2012	339.8943176269531
2012	340.4953918457031
2012	346.1883850097656
2012	346.5261840820313
2012	349.0795593261719
2012	348.7119750976563
2012	358.0611572265625
2012	358.2052307128906
2012	357.7283325195313
2012	358.8460388183594
2012	355.5028076171875
2012	352.4576110839844
2012	352.1446533203125
2012	350.8629760742188
2012	347.7432556152344
2012	351.4044494628906
2013	359.2881774902344
2013	359.496826171875
2013	366.6006164550781
2013	365.0010070800781
2013	364.2807006835938
2013	366.6751403808594
2013	368.3442687988281
2013	367.6040954589844
2013	359.2881774902344
2013	360.1227416992188
2013	355.2842102050781
2013	353.3617248535156
2013	349.9787292480469
2013	349.1640319824219
2013	368.3542175292969
2013	374.6681518554688
2013	374.39990234375
2013	372.9393920898438
2013	374.4048461914063
2013	374.4793701171875
2013	375.4033508300781
2013	385.2940368652344
2013	377.0576171875
2013	380.3959045410156
2013	382.5965881347656
2013	384.474365234375
2013	390.1474609375
2013	388.6820068359375
2013	387.8275451660156
2013	388.9005737304688
2013	391.3645629882813
2013	393.8831787109375
2013	400.8180541992188
2013	393.6695556640625
2013	395.1946411132813
2013	397.2711486816406
2013	392.8300170898438
2013	392.5120849609375
2013	397.305908203125
2013	398.0113220214844
2013	400.4902038574219
2013	408.0957336425781
2013	416.5904846191406
2013	413.0038146972656
2013	413.60986328125
2013	413.0733642578125
2013	414.7127075195313
2013	411.1309814453125
2013	409.9884338378906
2013	408.1156005859375
2013	404.5189819335938
2013	401.2850341796875
2013	403.0386352539063
2013	404.72265625
2013	403.0088195800781
2013	402.5368957519531
2013	402.2040405273438
2013	403.5850830078125
2013	398.7366027832031
2013	394.5289611816406
2013	398.00634765625
2013	403.89306640625
2013	400.4951782226563
2013	394.9661254882813
2013	388.9949645996094
2013	384.9214477539063
2013	386.3124084472656
2013	392.5369262695313
2013	392.6412353515625
2013	392.4723510742188
2013	388.4385681152344
2013	394.1216125488281
2013	388.7515563964844
2013	380.4803466796875
2013	397.3506164550781
2013	397.4698486328125
2013	401.3396606445313
2013	404.0967407226563
2013	401.935791015625
2013	398.12060546875
2013	406.8836059570313
2013	409.6208190917969
2013	407.5641784667969
2013	412.1245422363281
2013	420.1274719238281
2013	427.9913330078125
2013	425.8452758789063
2013	433.9923095703125
2013	432.9242553710938
2013	437.2709655761719
2013	435.9296875
2013	440.6837768554688
2013	454.9857482910156
2013	449.0145874023438
2013	451.6524353027344
2013	451.3295288085938
2013	450.5545654296875
2013	441.8362731933594
2013	438.5426940917969
2013	433.8382873535156
2013	437.7876281738281
2013	431.3494873046875
2013	432.5665588378906
2013	432.7950744628906
2013	431.0116882324219
2013	426.7742309570313
2013	427.0722961425781
2013	429.5263366699219
2013	437.0225830078125
2013	442.2337036132813
2013	437.0623168945313
2013	433.1726379394531
2013	435.6664123535156
2013	434.6927490234375
2013	440.2615356445313
2013	447.4000854492188
2013	447.4299011230469
2013	439.5114135742188
2013	437.6187133789063
2013	432.084716796875
2013	430.3013000488281
2013	434.0022277832031
2013	435.701171875
2013	437.3405151367188
2013	441.0712585449219
2013	438.3042602539063
2013	440.3509521484375
2013	443.8581237792969
2013	449.6206359863281
2013	449.6951599121094
2013	450.0677490234375
2013	457.1466979980469
2013	458.5177917480469
2013	459.3573303222656
2013	456.833740234375
2013	456.3071594238281
2013	452.3975830078125
2013	445.403076171875
2013	452.4075317382813
2013	448.9798278808594
2013	448.53271484375
2013	440.9818420410156
2013	439.8144226074219
2013	438.2843933105469
2013	442.5814208984375
2013	441.0066833496094
2013	449.1884765625
2013	450.3558654785156
2013	449.575927734375
2013	445.38818359375
2013	442.4472961425781
2013	443.44580078125
2013	442.3280944824219
2013	439.8939208984375
2013	437.7776794433594
2013	432.0946350097656
2013	427.0524291992188
2013	425.6863098144531
2013	430.028076171875
2013	429.913818359375
2013	431.856201171875
2013	434.0320434570313
2013	432.2933349609375
2013	430.3956909179688
2013	422.3281555175781
2013	421.5333251953125
2013	424.9511108398438
2013	420.7136535644531
2013	427.4100952148438
2013	432.9987487792969
2013	436.9381408691406
2013	436.9480590820313
2013	441.1557006835938
2013	441.4637145996094
2013	445.1994018554688
2013	443.64453125
2013	441.6624145507813
2013	441.0116577148438
2013	440.1919860839844
2013	448.7413635253906
2013	446.2922973632813
2013	448.6370544433594
2013	440.3857116699219
2013	440.5546264648438
2013	435.7806701660156
2013	436.2476196289063
2013	435.3633728027344
2013	435.1249389648438
2013	440.6340942382813
2013	441.1259155273438
2013	435.21435546875
2013	433.3564453125
2013	430.0727844238281
2013	424.0767822265625
2013	425.1647033691406
2013	431.3147277832031
2013	433.1776123046875
2013	435.2242736816406
2013	438.1552124023438
2013	446.1134643554688
2013	441.5233154296875
2013	502.4371337890625
2013	498.4083251953125
2013	500.2463684082031
2013	512.3724975585938
2013	509.4614562988281
2013	504.3198852539063
2013	504.2205200195313
2013	514.7719116210938
2013	511.8807067871094
2013	511.960205078125
2013	510.2016296386719
2013	509.7396240234375
2013	507.45947265625
2013	508.0704956054688
2013	500.7183227539063
2013	504.7322082519531
2013	502.02978515625
2013	502.6209411621094
2013	512.8991088867188
2013	514.2701416015625
2013	513.4405517578125
2013	512.4420776367188
2013	509.2875671386719
2013	507.8518981933594
2013	513.6939086914063
2013	512.6109619140625
2013	519.5855712890625
2013	525.7852783203125
2013	528.1201171875
2013	526.3714599609375
2013	523.8329467773438
2013	523.2269287109375
2013	525.6710205078125
2013	525.2537231445313
2013	531.478271484375
2013	535.5865478515625
2013	538.825439453125
2013	535.1642456054688
2013	531.52294921875
2013	526.9675903320313
2013	533.023193359375
2013	531.4732666015625
2013	538.8701782226563
2013	539.6004028320313
2013	546.75390625
2013	553.9470825195313
2013	552.32763671875
2013	555.1195068359375
2013	555.58642578125
2013	551.1453247070313
2013	556.7340087890625
2014	552.9635009765625
2014	548.9297485351563
2014	555.0499267578125
2014	565.7503662109375
2014	566.9276733398438
2014	561.4682006835938
2014	561.4383544921875
2014	557.8616333007813
2014	570.9862670898438
2014	570.5988159179688
2014	574.374267578125
2014	571.547607421875
2014	578.090087890625
2014	578.7457885742188
2014	576.3016967773438
2014	558.2838745117188
2014	547.0569458007813
2014	557.8765258789063
2014	549.883544921875
2014	564.0265502929688
2014	586.6693115234375
2014	563.0528564453125
2014	565.402587890625
2014	567.9063110351563
2014	576.232177734375
2014	584.9157104492188
2014	582.6752319335938
2014	591.2445068359375
2014	589.5108032226563
2014	596.0731201171875
2014	597.5137329101563
2014	601.5276489257813
2014	597.2852172851563
2014	598.1644897460938
2014	598.0055541992188
2014	602.33740234375
2014	606.0581665039063
2014	606.1426391601563
2014	605.6657104492188
2014	603.897216796875
2014	597.4591064453125
2014	603.5296020507813
2014	605.1937866210938
2014	605.8644409179688
2014	603.4700317382813
2014	601.8704223632813
2014	596.1177978515625
2014	599.7492065429688
2014	590.6881713867188
2014	582.6106567382813
2014	592.1983032226563
2014	601.7164306640625
2014	595.750244140625
2014	594.7119750976563
2014	587.6975708007813
2014	575.2236938476563
2014	575.6161499023438
2014	562.3275756835938
2014	555.4060668945313
2014	556.927734375
2014	553.9242553710938
2014	564.0585327148438
2014	563.8993530273438
2014	566.6243896484375
2014	540.1698608398438
2014	535.2071533203125
2014	551.8655395507813
2014	561.0549926757813
2014	537.9918212890625
2014	527.6984252929688
2014	529.60791015625
2014	533.5064697265625
2014	553.49658203125
2014	533.1683349609375
2014	525.729248046875
2014	531.8854370117188
2014	524.0584716796875
2014	522.2882080078125
2014	513.3572998046875
2014	514.3219604492188
2014	524.8142700195313
2014	523.7799682617188
2014	528.4443359375
2014	525.0430297851563
2014	524.9237060546875
2014	512.322998046875
2014	507.1712951660156
2014	508.2056274414063
2014	515.893310546875
2014	527.0221557617188
2014	530.1748046875
2014	523.77001953125
2014	517.1365356445313
2014	517.782958984375
2014	525.9679565429688
2014	526.8729858398438
2014	535.9927978515625
2014	542.079345703125
2014	549.6775512695313
2014	562.8551025390625
2014	558.6084594726563
2014	557.0172119140625
2014	556.8282470703125
2014	550.90087890625
2014	541.9600219726563
2014	541.6815185546875
2014	550.8710327148438
2014	553.2877197265625
2014	559.0460815429688
2014	557.484619140625
2014	555.7839965820313
2014	548.3349609375
2014	548.7427368164063
2014	541.3036499023438
2014	540.0405883789063
2014	550.3439331054688
2014	551.8655395507813
2014	553.3175659179688
2014	561.860595703125
2014	561.5324096679688
2014	575.4856567382813
2014	572.8501586914063
2014	574.0833740234375
2014	572.1340942382813
2014	579.4837036132813
2014	579.1505126953125
2014	581.5324096679688
2014	579.0659790039063
2014	567.967041015625
2014	572.9297485351563
2014	567.9769287109375
2014	576.0127563476563
2014	581.671630859375
2014	581.5821533203125
2014	579.4737548828125
2014	570.5925903320313
2014	591.8258056640625
2014	586.2465209960938
2014	591.4876708984375
2014	592.7208862304688
2014	590.1052856445313
2014	585.7989501953125
2014	587.3703002929688
2014	582.4075927734375
2014	584.2077026367188
2014	568.4742431640625
2014	562.9744873046875
2014	570.0157470703125
2014	561.9799194335938
2014	563.2767944335938
2014	560.279296875
2014	565.6597290039063
2014	564.7745361328125
2014	559.6527099609375
2014	571.6368408203125
2014	571.507568359375
2014	570.3439331054688
2014	578.9765014648438
2014	583.6507568359375
2014	581.2937622070313
2014	580.1798706054688
2014	579.374267578125
2014	577.0272216796875
2014	574.7000122070313
2014	567.8775024414063
2014	566.0873413085938
2014	568.4742431640625
2014	574.1729125976563
2014	574.779541015625
2014	578.7974853515625
2014	582.8750610351563
2014	586.4951171875
2014	577.832763671875
2014	579.9113159179688
2014	578.1708984375
2014	572.4722290039063
2014	569.9660034179688
2014	576.778564453125
2014	581.5722045898438
2014	586.047607421875
2014	592.8203735351563
2014	584.157958984375
2014	577.9520874023438
2014	584.7745971679688
2014	571.915283203125
2014	573.9441528320313
2014	573.2081909179688
2014	574.2026977539063
2014	565.1624145507813
2014	566.9625244140625
2014	572.1340942382813
2014	574.1927490234375
2014	560.6572265625
2014	569.3693237304688
2014	557.8128662109375
2014	541.512451171875
2014	530.2941284179688
2014	534.998291015625
2014	527.1315307617188
2014	521.6417236328125
2014	508.3746948242188
2014	517.9918212890625
2014	523.66064453125
2014	529.796875
2014	541.0052490234375
2014	536.8282470703125
2014	537.8128051757813
2014	545.8983764648438
2014	546.3259887695313
2014	547.3006591796875
2014	556.022705078125
2014	552.1837768554688
2014	551.0798950195313
2014	542.9346313476563
2014	539.0758666992188
2014	538.051513671875
2014	544.49609375
2014	547.28076171875
2014	544.3170776367188
2014	542.3975830078125
2014	541.4229736328125
2014	533.5761108398438
2014	532.1041870117188
2014	534.053466796875
2014	531.9052734375
2014	534.5606689453125
2014	536.321044921875
2014	538.12109375
2014	537.4149780273438
2014	538.8670043945313
2014	530.8809204101563
2014	530.8311767578125
2014	528.4144897460938
2014	534.3717651367188
2014	522.3876342773438
2014	524.0982055664063
2014	530.4533081054688
2014	523.1832275390625
2014	525.4508056640625
2014	515.82373046875
2014	510.9902954101563
2014	492.6809692382813
2014	502.1290283203125
2014	508.3050537109375
2014	513.5263671875
2014	521.999755859375
2014	527.6884765625
2014	525.87841796875
2014	531.1096801757813
2014	527.429931640625
2014	527.5194091796875
2014	523.5214233398438
2015	521.937744140625
2015	511.0576171875
2015	499.2127990722656
2015	498.3575134277344
2015	499.9288635253906
2015	493.4544982910156
2015	489.8543090820313
2015	493.4644470214844
2015	498.1287841796875
2015	499.0437316894531
2015	505.29931640625
2015	504.1257629394531
2015	515.2047729492188
2015	531.46533203125
2015	536.994873046875
2015	532.2808227539063
2015	515.7915649414063
2015	507.2088012695313
2015	507.8652038574219
2015	531.5946044921875
2015	525.587646484375
2015	526.343505859375
2015	519.8989868164063
2015	524.6925659179688
2015	528.0938720703125
2015	524.9412231445313
2015	534.0013427734375
2015	533.0366821289063
2015	539.9585571289063
2015	546.0053100585938
2015	539.8690795898438
2015	536.7462768554688
2015	539.9013061523438
2015	536.0003662109375
2015	528.9989013671875
2015	533.156005859375
2015	540.8934326171875
2015	552.4398803710938
2015	555.3439331054688
2015	568.2130737304688
2015	570.50048828125
2015	570.2319946289063
2015	572.1812744140625
2015	564.578125
2015	565.7366943359375
2015	551.9724731445313
2015	548.1634521484375
2015	552.4697265625
2015	544.3245849609375
2015	551.4752197265625
2015	547.8253173828125
2015	556.4378662109375
2015	554.9361572265625
2015	557.293212890625
2015	555.7516479492188
2015	567.0693969726563
2015	555.726806640625
2015	552.131591796875
2015	545.3389892578125
2015	549.0087890625
2015	545.0008544921875
2015	539.590576171875
2015	532.5990600585938
2015	533.8273315429688
2015	534.0809326171875
2015	538.6458129882813
2015	537.8203735351563
2015	537.0545654296875
2015	536.2191772460938
2015	527.4871826171875
2015	529.6178588867188
2015	530.8785400390625
2015	521.181884765625
2015	532.4498901367188
2015	531.0499877929688
2015	536.4130859375
2015	544.0062866210938
2015	561.9674682617188
2015	555.3699951171875
2015	553.6799926757813
2015	549.0800170898438
2015	537.3400268554688
2015	537.9000244140625
2015	540.780029296875
2015	530.7999877929688
2015	524.219970703125
2015	530.7000122070313
2015	538.219970703125
2015	535.7000122070313
2015	529.0399780273438
2015	529.6199951171875
2015	538.4000244140625
2015	533.8499755859375
2015	532.2999877929688
2015	537.3599853515625
2015	539.27001953125
2015	542.510009765625
2015	540.1099853515625
2015	532.3200073242188
2015	539.7899780273438
2015	539.780029296875
2015	532.1099853515625
2015	533.989990234375
2015	539.1799926757813
2015	540.3099975585938
2015	536.7000122070313
2015	533.3300170898438
2015	526.8300170898438
2015	526.6900024414063
2015	536.6900024414063
2015	534.6099853515625
2015	532.3300170898438
2015	527.2000122070313
2015	528.1500244140625
2015	529.260009765625
2015	536.72998046875
2015	536.6900024414063
2015	538.1900024414063
2015	540.47998046875
2015	537.8400268554688
2015	535.22998046875
2015	531.6900024414063
2015	521.52001953125
2015	520.510009765625
2015	521.8400268554688
2015	523.4000244140625
2015	522.8599853515625
2015	525.02001953125
2015	516.8300170898438
2015	520.6799926757813
2015	530.1300048828125
2015	546.5499877929688
2015	561.0999755859375
2015	560.219970703125
2015	579.8499755859375
2015	672.9299926757813
2015	663.02001953125
2015	662.2999877929688
2015	662.0999755859375
2015	644.280029296875
2015	623.5599975585938
2015	627.260009765625
2015	628
2015	631.9299926757813
2015	632.5900268554688
2015	625.6099853515625
2015	631.2100219726563
2015	629.25
2015	643.780029296875
2015	642.6799926757813
2015	635.2999877929688
2015	633.72998046875
2015	660.780029296875
2015	659.5599975585938
2015	656.4500122070313
2015	657.1199951171875
2015	660.8699951171875
2015	656.1300048828125
2015	660.9000244140625
2015	646.8300170898438
2015	612.47998046875
2015	589.6099853515625
2015	582.0599975585938
2015	628.6199951171875
2015	637.6099853515625
2015	630.3800048828125
2015	618.25
2015	597.7899780273438
2015	614.3400268554688
2015	606.25
2015	600.7000122070313
2015	614.6599731445313
2015	612.719970703125
2015	621.3499755859375
2015	625.77001953125
2015	623.239990234375
2015	635.1400146484375
2015	635.97998046875
2015	642.9000244140625
2015	629.25
2015	635.4400024414063
2015	622.6900024414063
2015	622.3599853515625
2015	625.7999877929688
2015	611.969970703125
2015	594.8900146484375
2015	594.969970703125
2015	608.4199829101563
2015	611.2899780273438
2015	626.9099731445313
2015	641.469970703125
2015	645.4400024414063
2015	642.3599853515625
2015	639.1599731445313
2015	643.6099853515625
2015	646.6699829101563
2015	652.2999877929688
2015	651.1599731445313
2015	661.739990234375
2015	662.2000122070313
2015	666.0999755859375
2015	650.280029296875
2015	642.6099853515625
2015	651.7899780273438
2015	702
2015	712.780029296875
2015	708.489990234375
2015	712.9500122070313
2015	716.9199829101563
2015	710.8099975585938
2015	721.1099853515625
2015	722.1599731445313
2015	728.1099853515625
2015	731.25
2015	733.760009765625
2015	724.8900146484375
2015	728.3200073242188
2015	735.4000244140625
2015	731.22998046875
2015	717
2015	728.9600219726563
2015	725.2999877929688
2015	740
2015	738.4099731445313
2015	756.5999755859375
2015	755.97998046875
2015	748.280029296875
2015	748.1500244140625
2015	750.260009765625
2015	742.5999755859375
2015	767.0399780273438
2015	762.3800048828125
2015	752.5399780273438
2015	766.8099975585938
2015	763.25
2015	762.3699951171875
2015	751.6099853515625
2015	749.4600219726563
2015	738.8699951171875
2015	747.77001953125
2015	743.4000244140625
2015	758.0900268554688
2015	749.4299926757813
2015	739.3099975585938
2015	747.77001953125
2015	750
2015	750.3099975585938
2015	748.4000244140625
2015	762.510009765625
2015	776.5999755859375
2015	771
