date	adjclose__IXIC	adjclose__FCHI	adjclose__GDAXI
02jan2013			
03jan2013	3100.570068359375	3721.169921875	7756.43994140625
04jan2013	3101.659912109375	3730.02001953125	7776.3701171875
07jan2013	3098.81005859375	3704.639892578125	7732.66015625
08jan2013	3091.81005859375	3705.8798828125	7695.830078125
09jan2013	3105.81005859375	3717.449951171875	7720.47021484375
10jan2013	3121.760009765625	3703.1201171875	7708.47021484375
11jan2013	3125.6298828125	3706.02001953125	7715.52978515625
14jan2013	3117.5	3708.25	7729.52001953125
15jan2013	3110.780029296875	3697.35009765625	7675.91015625
16jan2013	3117.5400390625	3708.489990234375	7691.1298828125
17jan2013	3136	3744.110107421875	7735.4599609375
18jan2013	3134.7099609375	3741.580078125	7702.22998046875
21jan2013		3763.030029296875	7748.85986328125
22jan2013	3143.179931640625	3741.010009765625	7696.2099609375
23jan2013	3153.669921875	3726.169921875	7707.5400390625
24jan2013	3130.3798828125	3752.169921875	7748.1298828125
25jan2013	3149.7099609375	3778.159912109375	7857.97021484375
28jan2013	3154.300048828125	3780.889892578125	7833
29jan2013	3153.659912109375	3785.820068359375	7848.56982421875
30jan2013	3142.31005859375	3765.52001953125	7811.31005859375
31jan2013	3142.1298828125	3732.60009765625	7776.0498046875
01feb2013	3179.10009765625	3773.530029296875	7833.39013671875
04feb2013	3131.169921875	3659.909912109375	7638.22998046875
05feb2013	3171.580078125	3694.699951171875	7664.66015625
06feb2013	3168.47998046875	3642.89990234375	7581.18017578125
07feb2013	3165.1298828125	3601.050048828125	7590.85009765625
08feb2013	3193.8701171875	3649.5	7652.14013671875
11feb2013	3192	3650.580078125	7633.740234375
12feb2013	3186.489990234375	3686.580078125	7660.18994140625
13feb2013	3196.8798828125	3698.530029296875	7711.89013671875
14feb2013	3198.659912109375	3669.60009765625	7631.18994140625
15feb2013	3192.030029296875	3660.3701171875	7593.509765625
18feb2013		3667.0400390625	7628.72998046875
19feb2013	3213.590087890625	3735.820068359375	7752.4501953125
20feb2013	3164.409912109375	3709.8798828125	7728.89990234375
21feb2013	3131.489990234375	3624.800048828125	7583.56982421875
22feb2013	3161.820068359375	3706.280029296875	7661.91015625
25feb2013	3116.25	3721.330078125	7773.18994140625
26feb2013	3129.64990234375	3621.919921875	7597.10986328125
27feb2013	3162.260009765625	3691.489990234375	7675.830078125
28feb2013	3160.18994140625	3723	7741.7001953125
01mar2013	3169.739990234375	3699.909912109375	7708.16015625
04mar2013	3182.030029296875	3709.760009765625	7691.68017578125
05mar2013	3224.1298828125	3787.18994140625	7870.31005859375
06mar2013	3222.3701171875	3773.760009765625	7919.330078125
07mar2013	3232.090087890625	3793.780029296875	7939.77001953125
08mar2013	3244.3701171875	3840.14990234375	7986.47021484375
11mar2013	3252.8701171875	3836.27001953125	7984.2900390625
12mar2013	3242.320068359375	3839.969970703125	7966.1201171875
13mar2013	3245.1201171875	3836.0400390625	7970.91015625
14mar2013	3258.929931640625	3871.580078125	8058.3701171875
15mar2013	3249.070068359375	3844.030029296875	8042.85009765625
18mar2013	3237.590087890625	3825.469970703125	8010.7001953125
19mar2013	3229.10009765625	3775.75	7947.7900390625
20mar2013	3254.18994140625	3829.56005859375	8001.97021484375
21mar2013	3222.60009765625	3774.85009765625	7932.509765625
22mar2013	3245	3770.2900390625	7911.35009765625
25mar2013	3235.300048828125	3727.97998046875	7870.89990234375
26mar2013	3252.47998046875	3748.639892578125	7879.669921875
27mar2013	3256.52001953125	3711.639892578125	7789.08984375
28mar2013	3267.52001953125	3731.419921875	7795.31005859375
01apr2013	3239.169921875		
02apr2013	3254.860107421875	3805.3701171875	7943.8701171875
03apr2013	3218.60009765625	3754.9599609375	7874.75
04apr2013	3224.97998046875	3726.159912109375	7817.39013671875
05apr2013	3203.860107421875	3663.47998046875	7658.75
08apr2013	3222.25	3666.780029296875	7662.64013671875
09apr2013	3237.860107421875	3670.719970703125	7637.509765625
10apr2013	3297.25	3743.7099609375	7810.6298828125
11apr2013	3300.159912109375	3775.659912109375	7871.6298828125
12apr2013	3294.949951171875	3729.300048828125	7744.77001953125
15apr2013	3216.489990234375	3710.47998046875	7712.6298828125
16apr2013	3264.6298828125	3685.7900390625	7682.580078125
17apr2013	3204.669921875	3599.22998046875	7503.02978515625
18apr2013	3166.360107421875	3599.360107421875	7473.72998046875
19apr2013	3206.06005859375	3651.9599609375	7459.9599609375
22apr2013	3233.550048828125	3652.1298828125	7478.10986328125
23apr2013	3269.330078125	3783.050048828125	7658.2099609375
24apr2013	3269.64990234375	3842.93994140625	7759.02978515625
25apr2013	3289.989990234375	3840.469970703125	7832.85986328125
26apr2013	3279.260009765625	3810.050048828125	7814.759765625
29apr2013	3307.02001953125	3868.679931640625	7873.5
30apr2013	3328.7900390625	3856.75	7913.7099609375
01may2013	3299.1298828125		
02may2013	3340.6201171875	3858.760009765625	7961.7099609375
03may2013	3378.6298828125	3912.949951171875	8122.2900390625
06may2013	3392.969970703125	3907.0400390625	8112.080078125
07may2013	3396.6298828125	3921.320068359375	8181.77978515625
08may2013	3413.27001953125	3956.280029296875	8249.7099609375
09may2013	3409.169921875	3928.580078125	8262.5498046875
10may2013	3436.580078125	3953.830078125	8278.58984375
13may2013	3438.7900390625	3945.199951171875	8279.2900390625
14may2013	3462.610107421875	3966.06005859375	8339.1103515625
15may2013	3471.6201171875	3982.22998046875	8362.419921875
16may2013	3465.239990234375	3979.070068359375	8369.8701171875
17may2013	3498.969970703125	4001.27001953125	8398
20may2013	3496.429931640625	4022.85009765625	8455.830078125
21may2013	3502.1201171875	4036.179931640625	8472.2001953125
22may2013	3463.300048828125	4051.110107421875	8530.8896484375
23may2013	3459.419921875	3967.14990234375	8351.98046875
24may2013	3459.139892578125	3956.7900390625	8305.3203125
27may2013		3995.159912109375	8383.2998046875
28may2013	3488.889892578125	4050.56005859375	8480.8701171875
29may2013	3467.52001953125	3974.1201171875	8336.580078125
30may2013	3491.300048828125	3996.31005859375	8400.2001953125
31may2013	3455.909912109375	3948.590087890625	8348.83984375
03jun2013	3465.3701171875	3920.669921875	8285.7998046875
04jun2013	3445.260009765625	3925.830078125	8295.9599609375
05jun2013	3401.47998046875	3852.43994140625	8196.1796875
06jun2013	3424.050048828125	3814.280029296875	8098.81005859375
07jun2013	3469.219970703125	3872.590087890625	8254.6796875
10jun2013	3473.77001953125	3864.360107421875	8307.6904296875
11jun2013	3436.949951171875	3810.56005859375	8222.4599609375
12jun2013	3400.429931640625	3793.699951171875	8143.27001953125
13jun2013	3445.360107421875	3797.97998046875	8095.39013671875
14jun2013	3423.56005859375	3805.159912109375	8127.9599609375
17jun2013	3452.1298828125	3863.659912109375	8215.73046875
18jun2013	3482.179931640625	3860.550048828125	8229.509765625
19jun2013	3443.199951171875	3839.340087890625	8197.080078125
20jun2013	3364.639892578125	3698.929931640625	7928.47998046875
21jun2013	3357.25	3658.0400390625	7789.240234375
24jun2013	3320.760009765625	3595.6298828125	7692.4501953125
25jun2013	3347.889892578125	3649.820068359375	7811.2998046875
26jun2013	3376.219970703125	3726.0400390625	7940.990234375
27jun2013	3401.860107421875	3762.18994140625	7990.75
28jun2013	3403.25	3738.909912109375	7959.22021484375
01jul2013	3434.489990234375	3767.47998046875	7983.919921875
02jul2013	3433.39990234375	3742.570068359375	7910.77001953125
03jul2013	3443.669921875	3702.010009765625	7829.31982421875
04jul2013		3809.31005859375	7994.31005859375
05jul2013	3479.3798828125	3753.85009765625	7806
08jul2013	3484.830078125	3823.830078125	7968.5400390625
09jul2013	3504.260009765625	3843.56005859375	8057.75
10jul2013	3520.760009765625	3840.530029296875	8066.47998046875
11jul2013	3578.300048828125	3868.97998046875	8158.7998046875
12jul2013	3600.080078125	3855.090087890625	8212.76953125
15jul2013	3607.489990234375	3878.580078125	8234.8095703125
16jul2013	3598.5	3851.030029296875	8201.0498046875
17jul2013	3610	3872.02001953125	8254.7197265625
18jul2013	3611.280029296875	3927.7900390625	8337.08984375
19jul2013	3587.610107421875	3925.320068359375	8331.5703125
22jul2013	3600.389892578125	3939.919921875	8331.0595703125
23jul2013	3579.27001953125	3923.090087890625	8314.23046875
24jul2013	3579.60009765625	3962.75	8379.1103515625
25jul2013	3605.18994140625	3956.02001953125	8298.98046875
26jul2013	3613.159912109375	3968.840087890625	8244.91015625
29jul2013	3599.139892578125	3968.909912109375	8259.0302734375
30jul2013	3616.469970703125	3986.610107421875	8271.01953125
31jul2013	3626.3701171875	3992.68994140625	8275.9697265625
01aug2013	3675.739990234375	4042.72998046875	8410.73046875
02aug2013	3689.590087890625	4045.64990234375	8406.9404296875
05aug2013	3692.949951171875	4049.969970703125	8398.3798828125
06aug2013	3665.77001953125	4032.570068359375	8299.73046875
07aug2013	3654.010009765625	4038.489990234375	8260.48046875
08aug2013	3669.1201171875	4064.320068359375	8318.3203125
09aug2013	3660.110107421875	4076.550048828125	8338.3095703125
12aug2013	3669.949951171875	4071.679931640625	8359.25
13aug2013	3684.43994140625	4092.5	8415.759765625
14aug2013	3669.27001953125	4114.2001953125	8438.1201171875
15aug2013	3606.1201171875	4093.199951171875	8376.2900390625
16aug2013	3602.780029296875	4123.89013671875	8391.9404296875
19aug2013	3589.090087890625	4083.97998046875	8366.2900390625
20aug2013	3613.590087890625	4028.929931640625	8300.0302734375
21aug2013	3599.7900390625	4015.090087890625	8285.41015625
22aug2013	3638.7099609375	4059.1201171875	8397.8896484375
23aug2013	3657.7900390625	4069.469970703125	8416.990234375
26aug2013	3657.570068359375	4067.1298828125	8435.150390625
27aug2013	3578.52001953125	3968.72998046875	8242.5595703125
28aug2013	3593.35009765625	3960.4599609375	8157.89990234375
29aug2013	3620.300048828125	3986.35009765625	8194.5498046875
30aug2013	3589.8701171875	3933.780029296875	8103.14990234375
02sep2013		4006.010009765625	8243.8701171875
03sep2013	3612.610107421875	3974.070068359375	8180.7099609375
04sep2013	3649.0400390625	3980.419921875	8195.919921875
05sep2013	3658.780029296875	4006.800048828125	8234.98046875
06sep2013	3660.010009765625	4049.18994140625	8275.669921875
09sep2013	3706.179931640625	4040.330078125	8276.3203125
10sep2013	3729.02001953125	4116.64013671875	8446.5400390625
11sep2013	3725.010009765625	4119.10986328125	8495.73046875
12sep2013	3715.969970703125	4106.6298828125	8494
13sep2013	3722.179931640625	4114.5	8509.419921875
16sep2013	3717.85009765625	4152.22021484375	8613
17sep2013	3745.699951171875	4145.509765625	8596.9501953125
18sep2013	3783.639892578125	4170.39990234375	8636.0595703125
19sep2013	3789.3798828125	4206.0400390625	8694.1796875
20sep2013	3774.72998046875	4203.66015625	8675.73046875
23sep2013	3765.2900390625	4172.080078125	8635.2900390625
24sep2013	3768.25	4195.60986328125	8664.599609375
25sep2013	3761.10009765625	4195.35009765625	8665.6298828125
26sep2013	3787.429931640625	4186.72021484375	8664.099609375
27sep2013	3781.590087890625	4186.77001953125	8661.509765625
30sep2013	3771.47998046875	4143.43994140625	8594.400390625
01oct2013	3817.97998046875	4196.60009765625	8689.1396484375
02oct2013	3815.02001953125	4158.16015625	8629.419921875
03oct2013	3774.340087890625	4127.97998046875	
04oct2013	3807.75	4164.25	8622.9697265625
07oct2013	3770.3798828125	4165.580078125	8591.580078125
08oct2013	3694.830078125	4133.52978515625	8555.8896484375
09oct2013	3677.780029296875	4127.0498046875	8516.6904296875
10oct2013	3760.75	4218.10986328125	8685.76953125
11oct2013	3791.8701171875	4219.97998046875	8724.830078125
14oct2013	3815.280029296875	4222.9599609375	8723.8095703125
15oct2013	3794.010009765625	4256.02001953125	8804.4404296875
16oct2013	3839.429931640625	4243.72021484375	8846
17oct2013	3863.14990234375	4239.64013671875	8811.98046875
18oct2013	3914.280029296875	4286.02978515625	8865.099609375
21oct2013	3920.050048828125	4276.919921875	8867.2197265625
22oct2013	3929.570068359375	4295.43017578125	8947.4599609375
23oct2013	3907.070068359375	4260.66015625	8919.8603515625
24oct2013	3928.9599609375	4275.68994140625	8980.6298828125
25oct2013	3943.360107421875	4272.31005859375	8985.740234375
28oct2013	3940.1298828125	4251.60986328125	8978.650390625
29oct2013	3952.340087890625	4278.08984375	9022.0400390625
30oct2013	3930.6201171875	4274.10986328125	9010.26953125
31oct2013	3919.7099609375	4299.89013671875	9033.919921875
01nov2013	3922.0400390625	4273.18994140625	9007.830078125
04nov2013	3936.590087890625	4288.58984375	9037.23046875
05nov2013	3939.860107421875	4253.33984375	9009.1103515625
06nov2013	3931.949951171875	4286.93017578125	9040.8701171875
07nov2013	3857.330078125	4280.990234375	9081.0302734375
08nov2013	3919.22998046875	4260.43994140625	9078.2802734375
11nov2013	3919.7900390625	4290.14013671875	9107.8603515625
12nov2013	3919.919921875	4263.77978515625	9076.48046875
13nov2013	3965.580078125	4239.93994140625	9054.830078125
14nov2013	3972.739990234375	4283.91015625	9149.66015625
15nov2013	3985.969970703125	4292.22998046875	9168.6904296875
18nov2013	3949.070068359375	4320.68017578125	9225.4296875
19nov2013	3931.550048828125	4272.2900390625	9193.2900390625
20nov2013	3921.27001953125	4268.3701171875	9202.0703125
21nov2013	3969.159912109375	4253.89990234375	9196.080078125
22nov2013	3991.64990234375	4278.52978515625	9219.0400390625
25nov2013	3994.570068359375	4301.97021484375	9299.9501953125
26nov2013	4017.75	4277.56982421875	9290.0703125
27nov2013	4044.75	4293.06005859375	9351.1298828125
28nov2013		4302.419921875	9387.3701171875
29nov2013	4059.889892578125	4295.2099609375	9405.2998046875
02dec2013	4045.260009765625	4285.81005859375	9401.9599609375
03dec2013	4037.199951171875	4172.43994140625	9223.400390625
04dec2013	4038	4148.52001953125	9140.6298828125
05dec2013	4033.169921875	4099.91015625	9084.9501953125
06dec2013	4062.52001953125	4129.3701171875	9172.41015625
09dec2013	4068.75	4134.10009765625	9195.169921875
10dec2013	4060.489990234375	4091.139892578125	9114.4404296875
11dec2013	4003.81005859375	4086.860107421875	9077.1103515625
12dec2013	3998.39990234375	4069.1201171875	9017
13dec2013	4000.97998046875	4059.7099609375	9006.4599609375
16dec2013	4029.52001953125	4119.8798828125	9163.5595703125
17dec2013	4023.679931640625	4068.639892578125	9085.1201171875
18dec2013	4070.06005859375	4109.509765625	9181.75
19dec2013	4058.139892578125	4154.27001953125	9335.740234375
20dec2013	4104.740234375	4193.77001953125	9400.1796875
23dec2013	4148.89990234375	4215.2900390625	9488.8203125
24dec2013	4155.419921875	4218.41015625	
26dec2013	4167.18017578125		
27dec2013	4156.58984375	4277.64990234375	9589.3896484375
30dec2013	4154.2001953125	4275.7099609375	9552.16015625
31dec2013	4176.58984375	4295.9501953125	
02jan2014	4143.06982421875	4227.27978515625	9400.0400390625
03jan2014	4131.91015625	4247.64990234375	9435.150390625
06jan2014	4113.68017578125	4227.5400390625	9428
07jan2014	4153.18017578125	4262.68017578125	9506.2001953125
08jan2014	4165.60986328125	4260.9599609375	9497.83984375
09jan2014	4156.18994140625	4225.14013671875	9421.6103515625
10jan2014	4174.669921875	4250.60009765625	9473.240234375
13jan2014	4113.2998046875	4263.27001953125	9510.169921875
14jan2014	4183.02001953125	4274.2001953125	9540.509765625
15jan2014	4214.8798828125	4332.06982421875	9733.8095703125
16jan2014	4218.68994140625	4319.27001953125	9717.7099609375
17jan2014	4197.580078125	4327.5	9742.9599609375
20jan2014		4322.85986328125	9715.900390625
21jan2014	4225.759765625	4323.8701171875	9730.1201171875
22jan2014	4243	4324.97998046875	9720.1103515625
23jan2014	4218.8798828125	4280.9599609375	9631.0400390625
24jan2014	4128.169921875	4161.47021484375	9392.01953125
27jan2014	4083.610107421875	4144.56005859375	9349.2197265625
28jan2014	4097.9599609375	4185.2900390625	9406.91015625
29jan2014	4051.429931640625	4156.97998046875	9336.73046875
30jan2014	4123.1298828125	4180.02001953125	9373.48046875
31jan2014	4103.8798828125	4165.72021484375	9306.48046875
03feb2014	3996.9599609375	4107.75	9186.51953125
04feb2014	4031.52001953125	4117.4501953125	9127.91015625
05feb2014	4011.550048828125	4117.7900390625	9116.3203125
06feb2014	4057.1201171875	4188.10009765625	9256.580078125
07feb2014	4125.85986328125	4228.18017578125	9301.919921875
10feb2014	4148.169921875	4237.1298828125	9289.8603515625
11feb2014	4191.0498046875	4283.31982421875	9478.76953125
12feb2014	4201.2900390625	4305.5	9540
13feb2014	4240.669921875	4312.7998046875	9596.76953125
14feb2014	4244.02001953125	4340.14013671875	9662.400390625
17feb2014		4335.169921875	9656.759765625
18feb2014	4272.77978515625	4330.7099609375	9659.7802734375
19feb2014	4237.9501953125	4341.10009765625	9660.0498046875
20feb2014	4267.5498046875	4355.490234375	9618.849609375
21feb2014	4263.41015625	4381.06005859375	9656.9501953125
24feb2014	4292.97021484375	4419.1298828125	9708.9404296875
25feb2014	4287.58984375	4414.5498046875	9699.349609375
26feb2014	4292.06005859375	4396.91015625	9661.73046875
27feb2014	4318.93017578125	4396.39013671875	9588.330078125
28feb2014	4308.1201171875	4408.080078125	9692.080078125
03mar2014	4277.2998046875	4290.8701171875	9358.8896484375
04mar2014	4351.97021484375	4395.89990234375	9589.150390625
05mar2014	4357.97021484375	4391.25	9542.01953125
06mar2014	4352.1298828125	4417.0400390625	9542.8701171875
07mar2014	4336.22021484375	4366.419921875	9350.75
10mar2014	4334.4501953125	4370.83984375	9265.5
11mar2014	4307.18994140625	4349.72021484375	9307.7900390625
12mar2014	4323.330078125	4306.259765625	9188.6904296875
13mar2014	4260.419921875	4250.509765625	9017.7900390625
14mar2014	4245.39990234375	4216.3701171875	9056.41015625
17mar2014	4279.9501953125	4271.9599609375	9180.8896484375
18mar2014	4333.31005859375	4313.259765625	9242.5498046875
19mar2014	4307.60009765625	4308.06005859375	9277.0498046875
20mar2014	4319.2900390625	4327.91015625	9296.1201171875
21mar2014	4276.7900390625	4335.27978515625	9342.9404296875
24mar2014	4226.39013671875	4276.33984375	9188.76953125
25mar2014	4234.27001953125	4344.1201171875	9338.400390625
26mar2014	4173.580078125	4385.14990234375	9448.580078125
27mar2014	4151.22998046875	4379.06005859375	9451.2099609375
28mar2014	4155.759765625	4411.259765625	9587.1904296875
31mar2014	4198.990234375	4391.5	9555.91015625
01apr2014	4268.0400390625	4426.72021484375	9603.7099609375
02apr2014	4276.4599609375	4430.85986328125	9623.3603515625
03apr2014	4237.740234375	4449.330078125	9628.8203125
04apr2014	4127.72998046875	4484.5498046875	9695.76953125
07apr2014	4079.75	4436.080078125	9510.849609375
08apr2014	4112.990234375	4424.830078125	9490.7900390625
09apr2014	4183.89990234375	4442.68017578125	9506.349609375
10apr2014	4054.110107421875	4413.490234375	9454.5400390625
11apr2014	3999.72998046875	4365.85986328125	9315.2900390625
14apr2014	4022.68994140625	4384.56005859375	9339.169921875
15apr2014	4034.159912109375	4345.35009765625	9173.7099609375
16apr2014	4086.22998046875	4405.66015625	9317.8203125
17apr2014	4095.52001953125	4431.81005859375	9409.7099609375
21apr2014	4121.5498046875		
22apr2014	4161.4599609375	4484.2099609375	9600.08984375
23apr2014	4126.97021484375	4451.080078125	9544.1904296875
24apr2014	4148.33984375	4479.5400390625	9548.6796875
25apr2014	4075.56005859375	4443.6298828125	9401.5498046875
28apr2014	4074.39990234375	4460.52978515625	9446.3603515625
29apr2014	4103.5400390625	4497.68017578125	9584.1201171875
30apr2014	4114.56005859375	4487.39013671875	9603.23046875
01may2014	4127.4501953125		
02may2014	4123.89990234375	4458.169921875	9556.01953125
05may2014	4138.06005859375	4462.68994140625	9529.5
06may2014	4080.760009765625	4428.06982421875	9467.5302734375
07may2014	4067.669921875	4446.43994140625	9521.2998046875
08may2014	4051.5	4507.240234375	9607.400390625
09may2014	4071.8701171875	4477.27978515625	9581.4501953125
12may2014	4143.85986328125	4493.64990234375	9702.4599609375
13may2014	4130.169921875	4505.02001953125	9754.4296875
14may2014	4100.6298828125	4501.0400390625	9754.3896484375
15may2014	4069.2900390625	4444.93017578125	9656.0498046875
16may2014	4090.590087890625	4456.27978515625	9629.099609375
19may2014	4125.81005859375	4469.759765625	9659.3896484375
20may2014	4096.89013671875	4452.35009765625	9639.080078125
21may2014	4131.5400390625	4469.02978515625	9697.8701171875
22may2014	4154.33984375	4478.2099609375	9720.91015625
23may2014	4185.81005859375	4493.14990234375	9768.009765625
26may2014		4526.93017578125	9892.8203125
27may2014	4237.06982421875	4529.75	9940.8203125
28may2014	4225.080078125	4531.6298828125	9939.169921875
29may2014	4247.9501953125	4530.509765625	9938.900390625
30may2014	4242.6201171875	4519.56982421875	9943.26953125
02jun2014	4237.2001953125	4515.89013671875	9950.1201171875
03jun2014	4234.080078125	4503.68994140625	9919.740234375
04jun2014	4251.64013671875	4501	9926.669921875
05jun2014	4296.22998046875	4548.72998046875	9947.830078125
06jun2014	4321.39990234375	4581.1201171875	9987.1904296875
09jun2014	4336.240234375	4589.1201171875	10008.6298828125
10jun2014	4338	4595	10028.7998046875
11jun2014	4331.93017578125	4555.10986328125	9949.8095703125
12jun2014	4297.6298828125	4554.39990234375	9938.7001953125
13jun2014	4310.64990234375	4543.27978515625	9912.8701171875
16jun2014	4321.10009765625	4510.0498046875	9883.98046875
17jun2014	4337.22998046875	4536.06982421875	9920.3203125
18jun2014	4362.83984375	4530.3701171875	9930.330078125
19jun2014	4359.330078125	4563.0400390625	10004
20jun2014	4368.0400390625	4541.33984375	9987.240234375
23jun2014	4368.68017578125	4515.56982421875	9920.919921875
24jun2014	4350.35009765625	4518.33984375	9938.080078125
25jun2014	4379.759765625	4460.60009765625	9867.75
26jun2014	4379.0498046875	4439.6298828125	9804.900390625
27jun2014	4397.93017578125	4436.990234375	9815.169921875
30jun2014	4408.18017578125	4422.83984375	9833.0703125
01jul2014	4458.64990234375	4461.1201171875	9902.41015625
02jul2014	4457.72998046875	4444.72021484375	9911.26953125
03jul2014	4485.93017578125	4489.8798828125	10029.4296875
04jul2014		4468.97998046875	10009.080078125
07jul2014	4451.52978515625	4405.759765625	9906.0703125
08jul2014	4391.4599609375	4342.52978515625	9772.669921875
09jul2014	4419.02978515625	4359.83984375	9808.2001953125
10jul2014	4396.2001953125	4301.259765625	9659.1298828125
11jul2014	4415.490234375	4316.5	9666.33984375
14jul2014	4440.419921875	4350.0400390625	9783.009765625
15jul2014	4416.39013671875	4305.31005859375	9719.41015625
16jul2014	4425.97021484375	4369.06005859375	9859.26953125
17jul2014	4363.4501953125	4316.1201171875	9753.8798828125
18jul2014	4432.14990234375	4335.31005859375	9720.01953125
21jul2014	4424.7001953125	4304.740234375	9612.0498046875
22jul2014	4456.02001953125	4369.52001953125	9734.330078125
23jul2014	4473.7001953125	4376.31982421875	9753.5595703125
24jul2014	4472.10986328125	4410.64990234375	9794.0595703125
25jul2014	4449.56005859375	4330.5498046875	9644.009765625
28jul2014	4444.91015625	4344.77001953125	9598.169921875
29jul2014	4442.7001953125	4365.580078125	9653.6298828125
30jul2014	4462.89990234375	4312.2998046875	9593.6796875
31jul2014	4369.77001953125	4246.14013671875	9407.48046875
01aug2014	4352.64013671875	4202.77978515625	9210.080078125
04aug2014	4383.89013671875	4217.22021484375	9154.1396484375
05aug2014	4352.83984375	4232.8798828125	9189.740234375
06aug2014	4355.0498046875	4207.14013671875	9130.0400390625
07aug2014	4334.97021484375	4149.830078125	9038.9697265625
08aug2014	4370.89990234375	4147.81005859375	9009.3203125
11aug2014	4401.330078125	4197.7001953125	9180.740234375
12aug2014	4389.25	4162.16015625	9069.4697265625
13aug2014	4434.1298828125	4194.7900390625	9198.8798828125
14aug2014	4453	4205.43017578125	9225.099609375
15aug2014	4464.93017578125	4174.35986328125	9092.599609375
18aug2014	4508.31005859375	4230.64990234375	9245.330078125
19aug2014	4527.509765625	4254.4501953125	9334.2802734375
20aug2014	4526.47998046875	4240.7900390625	9314.5703125
21aug2014	4532.10009765625	4292.93017578125	9401.5302734375
22aug2014	4538.5498046875	4252.7998046875	9339.169921875
25aug2014	4557.35009765625	4342.10986328125	9510.1396484375
26aug2014	4570.64013671875	4393.41015625	9588.150390625
27aug2014	4569.6201171875	4395.259765625	9569.7099609375
28aug2014	4557.7001953125	4366.0400390625	9462.5595703125
29aug2014	4580.27001953125	4381.0400390625	9470.169921875
01sep2014		4379.72998046875	9479.0302734375
02sep2014	4598.18994140625	4378.330078125	9507.01953125
03sep2014	4572.56005859375	4421.8701171875	9626.490234375
04sep2014	4562.2900390625	4494.93994140625	9724.259765625
05sep2014	4582.89990234375	4486.490234375	9747.01953125
08sep2014	4592.2900390625	4474.93017578125	9758.0302734375
09sep2014	4552.2900390625	4452.3701171875	9710.7001953125
10sep2014	4586.52001953125	4450.7900390625	9700.169921875
11sep2014	4591.81005859375	4440.89990234375	9691.2802734375
12sep2014	4567.60009765625	4441.7001953125	9651.1298828125
15sep2014	4518.89990234375	4428.6298828125	9659.6298828125
16sep2014	4552.759765625	4409.14990234375	9632.9296875
17sep2014	4562.18994140625	4431.41015625	9661.5
18sep2014	4593.43017578125	4464.7001953125	9798.1298828125
19sep2014	4579.7900390625	4461.22021484375	9799.259765625
22sep2014	4527.68994140625	4442.5498046875	9749.5400390625
23sep2014	4508.68994140625	4359.35009765625	9595.0302734375
24sep2014	4555.22021484375	4413.72021484375	9661.9697265625
25sep2014	4466.75	4355.27978515625	9510.009765625
26sep2014	4512.18994140625	4394.75	9490.5498046875
29sep2014	4505.85009765625	4358.06982421875	9422.91015625
30sep2014	4493.39013671875	4416.240234375	9474.2998046875
01oct2014	4422.08984375	4365.27001953125	9382.0302734375
02oct2014	4430.2001953125	4242.669921875	9195.6796875
03oct2014	4475.6201171875	4281.740234375	
06oct2014	4454.7998046875	4286.52001953125	9209.509765625
07oct2014	4385.2001953125	4209.14013671875	9086.2099609375
08oct2014	4468.58984375	4168.1201171875	8995.330078125
09oct2014	4378.33984375	4141.4501953125	9005.01953125
10oct2014	4276.240234375	4073.7099609375	8788.8095703125
13oct2014	4213.66015625	4078.699951171875	8812.4296875
14oct2014	4227.169921875	4088.25	8825.2099609375
15oct2014	4215.31982421875	3939.719970703125	8571.9501953125
16oct2014	4217.39013671875	3918.6201171875	8582.900390625
17oct2014	4258.43994140625	4033.179931640625	8850.26953125
20oct2014	4316.06982421875	3991.239990234375	8717.759765625
21oct2014	4419.47998046875	4081.239990234375	8886.9599609375
22oct2014	4382.85009765625	4105.08984375	8940.1396484375
23oct2014	4452.7900390625	4157.68017578125	9047.3095703125
24oct2014	4483.72021484375	4128.89990234375	8987.7998046875
27oct2014	4485.93017578125	4096.740234375	8902.6103515625
28oct2014	4564.2900390625	4112.669921875	9068.1904296875
29oct2014	4549.22998046875	4110.64013671875	9082.8095703125
30oct2014	4566.14013671875	4141.240234375	9114.83984375
31oct2014	4630.740234375	4233.08984375	9326.8701171875
03nov2014	4638.91015625	4194.02978515625	9251.7001953125
04nov2014	4623.64013671875	4130.18994140625	9166.4697265625
05nov2014	4620.72021484375	4208.419921875	9315.48046875
06nov2014	4638.47021484375	4227.68017578125	9377.41015625
07nov2014	4632.52978515625	4189.89013671875	9291.830078125
10nov2014	4651.6201171875	4222.81982421875	9351.8701171875
11nov2014	4660.56005859375	4244.10009765625	9369.0302734375
12nov2014	4675.14013671875	4179.8798828125	9210.9599609375
13nov2014	4680.14013671875	4187.9501953125	9248.509765625
14nov2014	4688.5400390625	4202.4599609375	9252.9404296875
17nov2014	4671	4226.10009765625	9306.349609375
18nov2014	4702.43994140625	4262.3798828125	9456.5302734375
19nov2014	4675.7099609375	4266.18994140625	9472.7998046875
20nov2014	4701.8701171875	4234.2099609375	9483.9697265625
21nov2014	4712.97021484375	4347.22998046875	9732.5498046875
24nov2014	4754.89013671875	4368.43994140625	9785.5400390625
25nov2014	4758.25	4382.31005859375	9861.2099609375
26nov2014	4787.31982421875	4373.419921875	9915.5595703125
27nov2014		4382.33984375	9974.8701171875
28nov2014	4791.6298828125	4390.18017578125	9980.849609375
01dec2014	4727.35009765625	4377.330078125	9963.509765625
02dec2014	4755.81005859375	4388.2998046875	9934.080078125
03dec2014	4774.47021484375	4391.85986328125	9971.7900390625
04dec2014	4769.43994140625	4323.89013671875	9851.349609375
05dec2014	4780.759765625	4419.47998046875	10087.1201171875
08dec2014	4740.68994140625	4375.47998046875	10014.990234375
09dec2014	4766.47021484375	4263.93994140625	9793.7099609375
10dec2014	4684.02001953125	4227.91015625	9799.73046875
11dec2014	4708.16015625	4225.85986328125	9862.5302734375
12dec2014	4653.60009765625	4108.93017578125	9594.73046875
15dec2014	4605.16015625	4005.3798828125	9334.009765625
16dec2014	4547.830078125	4093.199951171875	9563.8896484375
17dec2014	4644.31005859375	4111.91015625	9544.4296875
18dec2014	4748.39990234375	4249.490234375	9811.0595703125
19dec2014	4765.3798828125	4241.64990234375	9786.9599609375
22dec2014	4781.419921875	4254.43017578125	9865.759765625
23dec2014	4765.419921875	4314.97021484375	9922.1103515625
24dec2014	4773.47021484375	4295.85009765625	
26dec2014	4806.85986328125		
29dec2014	4806.91015625	4317.93017578125	9927.1298828125
30dec2014	4777.43994140625	4245.5400390625	9805.5498046875
31dec2014	4736.0498046875	4272.75	
02jan2015	4726.81005859375	4252.2900390625	9764.73046875
05jan2015	4652.56982421875	4111.35986328125	9473.16015625
06jan2015	4592.740234375	4083.5	9469.66015625
07jan2015	4650.47021484375	4112.72998046875	9518.1796875
08jan2015	4736.18994140625	4260.18994140625	9837.6103515625
09jan2015	4704.06982421875	4179.06982421875	9648.5
12jan2015	4664.7099609375	4228.240234375	9781.900390625
13jan2015	4661.5	4290.27978515625	9941
14jan2015	4639.31982421875	4223.240234375	9817.080078125
15jan2015	4570.81982421875	4323.2001953125	10032.6103515625
16jan2015	4634.3798828125	4379.6201171875	10167.76953125
19jan2015		4394.93017578125	10242.349609375
20jan2015	4654.85009765625	4446.02001953125	10257.1298828125
21jan2015	4667.419921875	4484.81982421875	10299.23046875
22jan2015	4750.39990234375	4552.7998046875	10435.6201171875
23jan2015	4757.8798828125	4640.68994140625	10649.580078125
26jan2015	4771.759765625	4675.1298828125	10798.330078125
27jan2015	4681.5	4624.2099609375	10628.580078125
28jan2015	4637.990234375	4610.93994140625	10710.9697265625
29jan2015	4683.41015625	4631.43017578125	10737.8701171875
30jan2015	4635.240234375	4604.25	10694.3203125
02feb2015	4676.68994140625	4627.669921875	10828.009765625
03feb2015	4727.740234375	4677.89990234375	10890.9501953125
04feb2015	4716.7001953125	4696.2998046875	10911.3203125
05feb2015	4765.10009765625	4703.2998046875	10905.41015625
06feb2015	4744.39990234375	4691.02978515625	10846.3896484375
09feb2015	4726.009765625	4651.080078125	10663.509765625
10feb2015	4787.64013671875	4695.64990234375	10753.830078125
11feb2015	4801.18017578125	4679.3798828125	10752.1103515625
12feb2015	4857.60986328125	4726.2001953125	10919.650390625
13feb2015	4893.83984375	4759.35986328125	10963.400390625
16feb2015		4751.9501953125	10923.23046875
17feb2015	4899.27001953125	4753.990234375	10895.6201171875
18feb2015	4906.35986328125	4799.02978515625	10961
19feb2015	4924.7001953125	4833.27978515625	11001.9404296875
20feb2015	4955.97021484375	4830.89990234375	11050.6396484375
23feb2015	4960.97021484375	4862.2998046875	11130.919921875
24feb2015	4968.1201171875	4886.43994140625	11205.740234375
25feb2015	4967.14013671875	4882.22021484375	11210.26953125
26feb2015	4987.89013671875	4910.6201171875	11327.1904296875
27feb2015	4963.52978515625	4951.47998046875	11401.66015625
02mar2015	5008.10009765625	4917.31982421875	11410.3603515625
03mar2015	4979.89990234375	4869.25	11280.3603515625
04mar2015	4967.14013671875	4917.35009765625	11390.3798828125
05mar2015	4982.81005859375	4963.509765625	11504.009765625
06mar2015	4927.3701171875	4964.35009765625	11550.9697265625
09mar2015	4942.43994140625	4937.2001953125	11582.1103515625
10mar2015	4859.7900390625	4881.9501953125	11500.3798828125
11mar2015	4849.93994140625	4997.75	11805.990234375
12mar2015	4893.2900390625	4987.330078125	11799.3896484375
13mar2015	4871.759765625	5010.4599609375	11901.6103515625
16mar2015	4929.509765625	5061.16015625	12167.7197265625
17mar2015	4937.43017578125	5028.93017578125	11980.849609375
18mar2015	4982.830078125	5033.419921875	11922.76953125
19mar2015	4992.3798828125	5037.18017578125	11899.400390625
20mar2015	5026.419921875	5087.490234375	12039.3701171875
23mar2015	5010.97021484375	5054.52001953125	11895.83984375
24mar2015	4994.72998046875	5088.27978515625	12005.6904296875
25mar2015	4876.52001953125	5020.990234375	11865.3203125
26mar2015	4863.35986328125	5006.35009765625	11843.6796875
27mar2015	4891.22021484375	5034.06005859375	11868.330078125
30mar2015	4947.43994140625	5083.52001953125	12086.009765625
31mar2015	4900.8798828125	5033.64013671875	11966.169921875
01apr2015	4880.22998046875	5062.22021484375	12001.3798828125
02apr2015	4886.93994140625	5074.14013671875	11967.3896484375
06apr2015	4917.31982421875		
07apr2015	4910.22998046875	5151.18994140625	12123.51953125
08apr2015	4950.81982421875	5136.85986328125	12035.8603515625
09apr2015	4974.56005859375	5208.9501953125	12166.4404296875
10apr2015	4995.97998046875	5240.4599609375	12374.73046875
13apr2015	4988.25	5254.1201171875	12338.73046875
14apr2015	4977.2900390625	5218.06005859375	12227.599609375
15apr2015	5011.02001953125	5254.35009765625	12231.33984375
16apr2015	5007.7900390625	5224.490234375	11998.8603515625
17apr2015	4931.81005859375	5143.259765625	11688.7001953125
20apr2015	4994.60009765625	5187.58984375	11891.91015625
21apr2015	5014.10009765625	5192.64013671875	11939.580078125
22apr2015	5035.169921875	5211.08984375	11867.3701171875
23apr2015	5056.06005859375	5178.91015625	11723.580078125
24apr2015	5092.080078125	5201.4501953125	11810.849609375
27apr2015	5060.25	5268.91015625	12039.16015625
28apr2015	5055.419921875	5173.3798828125	11811.66015625
29apr2015	5023.64013671875	5039.39013671875	11432.7197265625
30apr2015	4941.419921875	5046.490234375	11454.3798828125
01may2015	5005.39013671875		
04may2015	5016.93017578125	5081.97021484375	11619.849609375
05may2015	4939.330078125	4974.06982421875	11327.6796875
06may2015	4919.64013671875	4981.58984375	11350.150390625
07may2015	4945.5400390625	4967.22021484375	11407.9697265625
08may2015	5003.5498046875	5090.39013671875	11709.73046875
11may2015	4993.56982421875	5027.8701171875	11673.349609375
12may2015	4976.18994140625	4974.64990234375	11472.41015625
13may2015	4981.68994140625	4961.85986328125	11351.4599609375
14may2015	5050.7998046875	5029.31005859375	11559.8203125
15may2015	5048.2900390625	4993.81982421875	11447.0302734375
18may2015	5078.43994140625	5012.31005859375	11594.2802734375
19may2015	5070.02978515625	5117.2998046875	11853.330078125
20may2015	5071.740234375	5133.2998046875	11848.4697265625
21may2015	5090.7900390625	5146.7001953125	11864.58984375
22may2015	5089.35986328125	5142.89013671875	11815.009765625
25may2015		5117.169921875	
26may2015	5032.75	5083.5400390625	11625.1298828125
27may2015	5106.58984375	5182.52978515625	11771.1298828125
28may2015	5097.97998046875	5137.830078125	11677.5703125
29may2015	5070.02978515625	5007.89013671875	11413.8203125
01jun2015	5082.93017578125	5025.2998046875	11436.0498046875
02jun2015	5076.52001953125	5004.4599609375	11328.7998046875
03jun2015	5099.22998046875	5034.169921875	11419.6201171875
04jun2015	5059.1201171875	4987.1298828125	11340.599609375
05jun2015	5068.4599609375	4920.740234375	11197.150390625
08jun2015	5021.6298828125	4857.66015625	11064.919921875
09jun2015	5013.8701171875	4850.22021484375	11001.2900390625
10jun2015	5076.68994140625	4934.91015625	11265.3896484375
11jun2015	5082.509765625	4971.3701171875	11332.7802734375
12jun2015	5051.10009765625	4901.18994140625	11196.490234375
15jun2015	5029.97021484375	4815.35986328125	10984.9697265625
16jun2015	5055.5498046875	4839.85986328125	11044.009765625
17jun2015	5064.8798828125	4790.6201171875	10978.009765625
18jun2015	5132.9501953125	4803.47998046875	11100.2998046875
19jun2015	5117	4815.3701171875	11040.099609375
22jun2015	5153.97021484375	4998.60986328125	11460.5
23jun2015	5160.08984375	5057.68017578125	11542.5400390625
24jun2015	5122.41015625	5045.35009765625	11471.259765625
25jun2015	5112.18994140625	5041.7099609375	11473.1298828125
26jun2015	5080.509765625	5059.169921875	11492.4296875
29jun2015	4958.47021484375	4869.81982421875	11083.2001953125
30jun2015	4986.8701171875	4790.2001953125	10944.9697265625
01jul2015	5013.1201171875	4883.18994140625	11180.5
02jul2015	5009.2099609375	4835.56005859375	11099.349609375
03jul2015		4808.22021484375	11058.3896484375
06jul2015	4991.93994140625	4711.5400390625	10890.6298828125
07jul2015	4997.4599609375	4604.64013671875	10676.7802734375
08jul2015	4909.759765625	4639.02001953125	10747.2998046875
09jul2015	4922.39990234375	4757.22021484375	10996.41015625
10jul2015	4997.7001953125	4903.06982421875	11315.6298828125
13jul2015	5071.509765625	4998.10009765625	11484.3798828125
14jul2015	5104.89013671875	5032.47021484375	11516.900390625
15jul2015	5098.93994140625	5047.240234375	11539.66015625
16jul2015	5163.18017578125	5121.5	11716.759765625
17jul2015	5210.14013671875	5124.39013671875	11673.419921875
20jul2015	5218.85986328125	5142.490234375	11735.7197265625
21jul2015	5208.1201171875	5106.56982421875	11604.7998046875
22jul2015	5171.77001953125	5082.56982421875	11520.669921875
23jul2015	5146.41015625	5086.740234375	11512.1103515625
24jul2015	5088.6298828125	5057.35986328125	11347.4501953125
27jul2015	5039.77978515625	4927.60009765625	11056.400390625
28jul2015	5089.2099609375	4977.31982421875	11173.91015625
29jul2015	5111.72998046875	5017.43994140625	11211.849609375
30jul2015	5128.77978515625	5046.419921875	11257.150390625
31jul2015	5128.27978515625	5082.60986328125	11308.990234375
03aug2015	5115.3798828125	5120.52001953125	11443.7197265625
04aug2015	5105.5498046875	5112.14013671875	11456.0703125
05aug2015	5139.93994140625	5196.72998046875	11636.2998046875
06aug2015	5056.43994140625	5192.10986328125	11585.099609375
07aug2015	5043.5400390625	5154.75	11490.830078125
10aug2015	5101.7998046875	5195.41015625	11604.7802734375
11aug2015	5036.7900390625	5099.02978515625	11293.650390625
12aug2015	5044.39013671875	4925.43017578125	10924.6103515625
13aug2015	5033.56005859375	4986.85009765625	11014.6298828125
14aug2015	5048.240234375	4956.47021484375	10985.1396484375
17aug2015	5091.7001953125	4984.830078125	10940.330078125
18aug2015	5059.35009765625	4971.25	10915.919921875
19aug2015	5019.0498046875	4884.10009765625	10682.150390625
20aug2015	4877.490234375	4783.5498046875	10432.1904296875
21aug2015	4706.0400390625	4630.990234375	10124.51953125
24aug2015	4526.25	4383.4599609375	9648.4296875
25aug2015	4506.490234375	4564.85986328125	10128.1201171875
26aug2015	4697.5400390625	4501.0498046875	9997.4296875
27aug2015	4812.7099609375	4658.18017578125	10315.6201171875
28aug2015	4828.31982421875	4675.1298828125	10298.5302734375
31aug2015	4776.509765625	4652.9501953125	10259.4599609375
01sep2015	4636.10009765625	4541.16015625	10015.5703125
02sep2015	4749.97998046875	4554.919921875	10048.0498046875
03sep2015	4733.5	4653.7900390625	10317.83984375
04sep2015	4683.919921875	4523.080078125	10038.0400390625
07sep2015		4549.64013671875	10108.6103515625
08sep2015	4811.93017578125	4598.259765625	10271.3603515625
09sep2015	4756.52978515625	4664.58984375	10303.1201171875
10sep2015	4796.25	4596.52978515625	10210.4404296875
11sep2015	4822.33984375	4548.72021484375	10123.5595703125
14sep2015	4805.759765625	4518.14990234375	10131.740234375
15sep2015	4860.52001953125	4569.3701171875	10188.1298828125
16sep2015	4889.240234375	4645.83984375	10227.2099609375
17sep2015	4893.9501953125	4655.14013671875	10229.580078125
18sep2015	4827.22998046875	4535.85009765625	9916.16015625
21sep2015	4828.9501953125	4585.5	9948.509765625
22sep2015	4756.72021484375	4428.509765625	9570.66015625
23sep2015	4752.740234375	4432.830078125	9612.6201171875
24sep2015	4734.47998046875	4347.240234375	9427.6396484375
25sep2015	4686.5	4480.66015625	9688.5302734375
28sep2015	4543.97021484375	4357.0498046875	9483.5498046875
29sep2015	4517.31982421875	4343.72998046875	9450.400390625
30sep2015	4620.16015625	4455.2900390625	9660.4404296875
01oct2015	4627.080078125	4426.5400390625	9509.25
02oct2015	4707.77978515625	4458.8798828125	9553.0703125
05oct2015	4781.259765625	4616.89990234375	9814.7900390625
06oct2015	4748.35986328125	4660.64013671875	9902.830078125
07oct2015	4791.14990234375	4667.33984375	9970.400390625
08oct2015	4810.7900390625	4675.91015625	9993.0703125
09oct2015	4830.47021484375	4701.39013671875	10096.599609375
12oct2015	4838.64013671875	4688.7001953125	10119.830078125
13oct2015	4796.60986328125	4643.3798828125	10032.8203125
14oct2015	4782.85009765625	4609.02978515625	9915.849609375
15oct2015	4870.10009765625	4675.2900390625	10064.7998046875
16oct2015	4886.68994140625	4702.7900390625	10104.4296875
19oct2015	4905.47021484375	4704.06982421875	10164.3095703125
20oct2015	4880.97021484375	4673.81005859375	10147.6796875
21oct2015	4840.1201171875	4695.10009765625	10238.099609375
22oct2015	4920.0498046875	4802.18017578125	10491.9697265625
23oct2015	5031.85986328125	4923.64013671875	10794.5400390625
26oct2015	5034.7001953125	4897.1298828125	10801.33984375
27oct2015	5030.14990234375	4847.06982421875	10692.1904296875
28oct2015	5095.68994140625	4890.580078125	10831.9599609375
29oct2015	5074.27001953125	4885.81982421875	10800.83984375
30oct2015	5053.75	4897.66015625	10850.1396484375
02nov2015	5127.14990234375	4916.2099609375	10950.669921875
03nov2015	5145.1298828125	4936.18017578125	10951.150390625
04nov2015	5142.47998046875	4948.2900390625	10845.240234375
05nov2015	5127.740234375	4980.0400390625	10887.740234375
06nov2015	5147.1201171875	4984.14990234375	10988.0302734375
09nov2015	5095.2998046875	4911.169921875	10815.4501953125
10nov2015	5083.240234375	4912.16015625	10832.51953125
11nov2015	5067.02001953125	4952.509765625	10907.8701171875
12nov2015	5005.080078125	4856.64990234375	10782.6298828125
13nov2015	4927.8798828125	4807.9501953125	10708.400390625
16nov2015	4984.6201171875	4804.31005859375	10713.23046875
17nov2015	4986.02001953125	4937.31005859375	10971.0400390625
18nov2015	5075.2001953125	4906.72021484375	10959.9501953125
19nov2015	5073.64013671875	4915.10009765625	11085.4404296875
20nov2015	5104.919921875	4910.97021484375	11119.830078125
23nov2015	5102.47998046875	4889.1201171875	11092.3095703125
24nov2015	5102.81005859375	4820.27978515625	10933.990234375
25nov2015	5116.14013671875	4892.990234375	11169.5400390625
26nov2015		4946.02001953125	11320.76953125
27nov2015	5127.52001953125	4930.14013671875	11293.759765625
30nov2015	5108.669921875	4957.60009765625	11382.23046875
01dec2015	5156.31005859375	4914.52978515625	11261.240234375
02dec2015	5123.22021484375	4905.759765625	11190.01953125
03dec2015	5037.52978515625	4730.2099609375	10789.240234375
04dec2015	5142.27001953125	4714.7900390625	10752.099609375
07dec2015	5101.81005859375	4756.41015625	10886.08984375
08dec2015	5098.240234375	4681.85986328125	10673.599609375
09dec2015	5022.8701171875	4637.4501953125	10592.490234375
10dec2015	5045.169921875	4635.06005859375	10598.9296875
11dec2015	4933.47021484375	4549.56005859375	10340.0595703125
14dec2015	4952.22998046875	4473.06982421875	10139.33984375
15dec2015	4995.35986328125	4614.39990234375	10450.3798828125
16dec2015	5071.1298828125	4624.669921875	10469.259765625
17dec2015	5002.5498046875	4677.5400390625	10738.1201171875
18dec2015	4923.080078125	4625.259765625	10608.1904296875
21dec2015	4968.919921875	4565.169921875	10497.76953125
22dec2015	5001.10986328125	4567.60009765625	10488.75
23dec2015	5045.93017578125	4674.52978515625	10727.6396484375
24dec2015	5048.490234375	4663.18017578125	
25dec2015			
28dec2015	5040.990234375	4617.9501953125	10653.91015625
29dec2015	5107.93994140625	4701.35986328125	10860.1396484375
30dec2015	5065.85009765625	4677.14013671875	10743.009765625
31dec2015	5007.41015625		
04jan2016	4903.08984375	4522.4501953125	10283.4404296875
05jan2016	4891.43017578125	4537.6298828125	10310.099609375
06jan2016	4835.759765625	4480.47021484375	10214.01953125
07jan2016	4689.43017578125	4403.580078125	9979.849609375
08jan2016	4643.6298828125	4333.759765625	9849.33984375
11jan2016	4637.990234375	4312.740234375	9825.0703125
12jan2016	4685.919921875	4378.75	9985.4296875
13jan2016	4526.06005859375	4391.93994140625	9960.9599609375
14jan2016	4615	4312.89013671875	9794.2001953125
15jan2016	4488.419921875	4210.16015625	9545.26953125
18jan2016		4189.56982421875	9521.849609375
19jan2016	4476.9501953125	4272.259765625	9664.2099609375
20jan2016	4471.68994140625	4124.9501953125	9391.6396484375
21jan2016	4472.06005859375	4206.39990234375	9574.16015625
22jan2016	4591.18017578125	4336.68994140625	9764.8798828125
25jan2016	4518.490234375	4311.330078125	9736.150390625
26jan2016	4567.669921875	4356.81005859375	9822.75
27jan2016	4468.169921875	4380.35986328125	9880.8203125
28jan2016	4506.68017578125	4322.16015625	9639.58984375
29jan2016	4613.9501953125	4417.02001953125	9798.1103515625
01feb2016	4620.3701171875	4392.330078125	9757.8798828125
02feb2016	4516.9501953125	4283.990234375	9581.0400390625
03feb2016	4504.240234375	4226.9599609375	9434.8203125
04feb2016	4509.56005859375	4228.52978515625	9393.3603515625
05feb2016	4363.14013671875	4200.669921875	9286.23046875
08feb2016	4283.75	4066.31005859375	8979.3603515625
09feb2016	4268.759765625	3997.5400390625	8879.400390625
10feb2016	4283.58984375	4061.199951171875	9017.2900390625
11feb2016	4266.83984375	3896.7099609375	8752.8701171875
12feb2016	4337.509765625	3995.06005859375	8967.509765625
15feb2016		4115.25	9206.83984375
16feb2016	4435.9599609375	4110.66015625	9135.1103515625
17feb2016	4534.06005859375	4233.47021484375	9377.2099609375
18feb2016	4487.5400390625	4239.759765625	9463.6396484375
19feb2016	4504.43017578125	4223.0400390625	9388.0498046875
22feb2016	4570.60986328125	4298.7001953125	9573.58984375
23feb2016	4503.580078125	4238.419921875	9416.76953125
24feb2016	4542.60986328125	4155.33984375	9167.7998046875
25feb2016	4582.2001953125	4248.4501953125	9331.48046875
26feb2016	4590.47021484375	4314.56982421875	9513.2998046875
29feb2016	4557.9501953125	4353.5498046875	9495.400390625
01mar2016	4689.60009765625	4406.83984375	9717.16015625
02mar2016	4703.419921875	4424.89013671875	9776.6201171875
03mar2016	4707.419921875	4416.080078125	9751.919921875
04mar2016	4717.02001953125	4456.6201171875	9824.169921875
07mar2016	4708.25	4442.2900390625	9778.9296875
08mar2016	4648.81982421875	4404.02001953125	9692.8203125
09mar2016	4674.3798828125	4425.64990234375	9723.08984375
10mar2016	4662.16015625	4350.35009765625	9498.150390625
11mar2016	4748.47021484375	4492.7900390625	9831.1298828125
14mar2016	4750.27978515625	4506.58984375	9990.259765625
15mar2016	4728.669921875	4472.6298828125	9933.849609375
16mar2016	4763.97021484375	4463	9983.41015625
17mar2016	4774.990234375	4442.89013671875	9892.2001953125
18mar2016	4795.64990234375	4462.509765625	9950.7998046875
21mar2016	4808.8701171875	4427.7998046875	9948.6396484375
22mar2016	4821.66015625	4431.97021484375	9990
23mar2016	4768.85986328125	4423.97998046875	10022.9296875
24mar2016	4773.5	4329.68017578125	9851.349609375
28mar2016	4766.7900390625		
29mar2016	4846.6201171875	4366.669921875	9887.9404296875
30mar2016	4869.2900390625	4444.419921875	10046.6103515625
31mar2016	4869.85009765625	4385.06005859375	9965.509765625
01apr2016	4914.5400390625	4322.240234375	9794.6396484375
04apr2016	4891.7998046875	4345.22021484375	9822.080078125
05apr2016	4843.93017578125	4250.27978515625	9563.3603515625
06apr2016	4920.72021484375	4284.64013671875	9624.509765625
07apr2016	4848.3701171875	4245.91015625	9530.6201171875
08apr2016	4850.68994140625	4303.1201171875	9622.259765625
11apr2016	4833.39990234375	4312.6298828125	9682.990234375
12apr2016	4872.08984375	4345.91015625	9761.4697265625
13apr2016	4947.419921875	4490.31005859375	10026.099609375
14apr2016	4945.89013671875	4511.509765625	10093.650390625
15apr2016	4938.22021484375	4495.169921875	10051.5703125
18apr2016	4960.02001953125	4506.83984375	10120.3095703125
19apr2016	4940.330078125	4566.47998046875	10349.58984375
20apr2016	4948.1298828125	4591.919921875	10421.2900390625
21apr2016	4945.89013671875	4582.830078125	10435.73046875
22apr2016	4906.22998046875	4569.66015625	10373.490234375
25apr2016	4895.7900390625	4546.1201171875	10294.349609375
26apr2016	4888.27978515625	4533.18017578125	10259.58984375
27apr2016	4863.14013671875	4559.39990234375	10299.830078125
28apr2016	4805.2900390625	4557.35986328125	10321.150390625
29apr2016	4775.35986328125	4428.9599609375	10038.9697265625
02may2016	4817.58984375	4442.75	10123.26953125
03may2016	4763.22021484375	4371.97998046875	9926.76953125
04may2016	4725.64013671875	4324.22998046875	9828.25
05may2016	4717.08984375	4319.4599609375	9851.8603515625
06may2016	4736.16015625	4301.240234375	9869.9501953125
09may2016	4750.2099609375	4322.81005859375	9980.490234375
10may2016	4809.8798828125	4338.2099609375	10045.4404296875
11may2016	4760.68994140625	4316.669921875	9975.3203125
12may2016	4737.330078125	4293.27001953125	9862.1201171875
13may2016	4717.68017578125	4319.990234375	9952.900390625
16may2016	4775.4599609375	4312.27978515625	
17may2016	4715.72998046875	4297.56982421875	9890.1904296875
18may2016	4739.1201171875	4319.2998046875	9943.23046875
19may2016	4712.52978515625	4282.5400390625	9795.8896484375
20may2016	4769.56005859375	4353.89990234375	9916.01953125
23may2016	4765.77978515625	4325.10009765625	9842.2900390625
24may2016	4861.06005859375	4431.52001953125	10057.3095703125
25may2016	4894.89013671875	4481.64013671875	10205.2099609375
26may2016	4901.77001953125	4512.64013671875	10272.7099609375
27may2016	4933.5	4514.740234375	10286.3095703125
30may2016		4529.39990234375	10333.23046875
31may2016	4948.0498046875	4505.6201171875	10262.740234375
01jun2016	4952.25	4475.39013671875	10204.4404296875
02jun2016	4971.35986328125	4466	10208
03jun2016	4942.52001953125	4421.77978515625	10103.259765625
06jun2016	4968.7099609375	4423.3798828125	10121.080078125
07jun2016	4961.75	4475.85986328125	10287.6796875
08jun2016	4974.64013671875	4448.72998046875	10217.0302734375
09jun2016	4958.6201171875	4405.60986328125	10088.8701171875
10jun2016	4894.5498046875	4306.72021484375	9834.6201171875
13jun2016	4848.43994140625	4227.02001953125	9657.4404296875
14jun2016	4843.5498046875	4130.330078125	9519.2001953125
15jun2016	4834.93017578125	4171.580078125	9606.7099609375
16jun2016	4844.919921875	4153.009765625	9550.4697265625
17jun2016	4800.33984375	4193.830078125	9631.3603515625
20jun2016	4837.2099609375	4340.759765625	9962.01953125
21jun2016	4843.759765625	4367.240234375	10015.5400390625
22jun2016	4833.31982421875	4380.02978515625	10071.0595703125
23jun2016	4910.0400390625	4465.89990234375	10257.0302734375
24jun2016	4707.97998046875	4106.72998046875	9557.16015625
27jun2016	4594.43994140625	4030.280029296875	9268.66015625
28jun2016	4691.8701171875	4088.85009765625	9447.2802734375
29jun2016	4779.25	4195.31982421875	9612.26953125
30jun2016	4842.669921875	4237.47998046875	9680.08984375
01jul2016	4862.56982421875	4273.9599609375	9776.1201171875
04jul2016		4234.85986328125	9709.08984375
05jul2016	4822.89990234375	4163.419921875	9532.6103515625
06jul2016	4859.16015625	4085.300048828125	9373.259765625
07jul2016	4876.81005859375	4117.85009765625	9418.7802734375
08jul2016	4956.759765625	4190.68017578125	9629.66015625
11jul2016	4988.64013671875	4264.52978515625	9833.41015625
12jul2016	5022.81982421875	4331.3798828125	9964.0703125
13jul2016	5005.72998046875	4335.259765625	9930.7099609375
14jul2016	5034.06005859375	4385.52001953125	10068.2998046875
15jul2016	5029.58984375	4372.509765625	10066.900390625
18jul2016	5055.77978515625	4357.740234375	10063.1298828125
19jul2016	5036.3701171875	4330.1298828125	9981.240234375
20jul2016	5089.93017578125	4379.759765625	10142.009765625
21jul2016	5073.89990234375	4376.25	10156.2099609375
22jul2016	5100.16015625	4381.10009765625	10147.4599609375
25jul2016	5097.6298828125	4388	10198.240234375
26jul2016	5110.0498046875	4394.77001953125	10247.759765625
27jul2016	5139.81005859375	4446.9599609375	10319.5498046875
28jul2016	5154.97998046875	4420.580078125	10274.9296875
29jul2016	5162.1298828125	4439.81005859375	10337.5
01aug2016	5184.2001953125	4409.169921875	10330.51953125
02aug2016	5137.72998046875	4327.990234375	10144.33984375
03aug2016	5159.740234375	4321.080078125	10170.2099609375
04aug2016	5166.25	4345.6298828125	10227.8603515625
05aug2016	5221.1201171875	4410.5498046875	10367.2099609375
08aug2016	5213.14013671875	4415.4599609375	10432.3603515625
09aug2016	5225.47998046875	4468.06982421875	10692.900390625
10aug2016	5204.580078125	4452.009765625	10650.8896484375
11aug2016	5228.39990234375	4503.9501953125	10742.83984375
12aug2016	5232.89013671875	4500.18994140625	10713.4296875
15aug2016	5262.02001953125	4497.85986328125	10739.2099609375
16aug2016	5227.10986328125	4460.43994140625	10676.650390625
17aug2016	5228.66015625	4417.68017578125	10537.669921875
18aug2016	5240.14990234375	4437.06005859375	10603.0302734375
19aug2016	5238.3798828125	4400.52001953125	10544.3603515625
22aug2016	5244.60009765625	4389.93994140625	10494.349609375
23aug2016	5260.080078125	4421.4501953125	10592.8798828125
24aug2016	5217.68994140625	4435.47021484375	10622.9697265625
25aug2016	5212.2001953125	4406.60986328125	10529.58984375
26aug2016	5218.919921875	4441.8701171875	10587.76953125
29aug2016	5232.330078125	4424.25	10544.4404296875
30aug2016	5222.990234375	4457.490234375	10657.6396484375
31aug2016	5213.22021484375	4438.22021484375	10592.6904296875
01sep2016	5227.2099609375	4439.669921875	10534.3095703125
02sep2016	5249.89990234375	4542.169921875	10683.8203125
05sep2016		4541.080078125	10672.2197265625
06sep2016	5275.91015625	4529.9599609375	10687.1396484375
07sep2016	5283.93017578125	4557.66015625	10752.98046875
08sep2016	5259.47998046875	4542.2001953125	10675.2900390625
09sep2016	5125.91015625	4491.39990234375	10573.4404296875
12sep2016	5211.89013671875	4439.7998046875	10431.76953125
13sep2016	5155.25	4387.18017578125	10386.599609375
14sep2016	5173.77001953125	4370.259765625	10378.400390625
15sep2016	5249.68994140625	4373.22021484375	10431.2001953125
16sep2016	5244.56982421875	4332.4501953125	10276.169921875
19sep2016	5235.02978515625	4394.18994140625	10373.8701171875
20sep2016	5241.35009765625	4388.60009765625	10393.8603515625
21sep2016	5295.18017578125	4409.5498046875	10436.490234375
22sep2016	5339.52001953125	4509.81982421875	10674.1796875
23sep2016	5305.75	4488.68994140625	10626.9697265625
26sep2016	5257.490234375	4407.85009765625	10393.7099609375
27sep2016	5305.7099609375	4398.68017578125	10361.48046875
28sep2016	5318.5498046875	4432.4501953125	10438.33984375
29sep2016	5269.14990234375	4443.83984375	10405.5400390625
30sep2016	5312	4448.259765625	10511.01953125
03oct2016	5300.8701171875	4453.56005859375	
04oct2016	5289.66015625	4503.08984375	10619.6103515625
05oct2016	5316.02001953125	4489.9501953125	10585.7802734375
06oct2016	5306.85009765625	4480.10009765625	10568.7998046875
07oct2016	5292.39990234375	4449.91015625	10490.8603515625
10oct2016	5328.669921875	4497.259765625	10624.080078125
11oct2016	5246.7900390625	4471.740234375	10577.16015625
12oct2016	5239.02001953125	4452.240234375	10523.0703125
13oct2016	5213.330078125	4405.169921875	10414.0703125
14oct2016	5214.16015625	4470.919921875	10580.3798828125
17oct2016	5199.81982421875	4450.22998046875	10503.5703125
18oct2016	5243.83984375	4508.91015625	10631.5498046875
19oct2016	5246.41015625	4520.2998046875	10645.6796875
20oct2016	5241.830078125	4540.1201171875	10701.3896484375
21oct2016	5257.39990234375	4536.06982421875	10710.73046875
24oct2016	5309.830078125	4552.580078125	10761.169921875
25oct2016	5283.39990234375	4540.83984375	10757.3095703125
26oct2016	5250.27001953125	4534.58984375	10709.6796875
27oct2016	5215.97021484375	4533.56982421875	10717.080078125
28oct2016	5190.10009765625	4548.580078125	10696.1904296875
31oct2016	5189.14013671875	4509.259765625	10665.009765625
01nov2016	5153.580078125	4470.27978515625	10526.16015625
02nov2016	5105.56982421875	4414.669921875	10370.9296875
03nov2016	5058.41015625	4411.68017578125	10325.8798828125
04nov2016	5046.3701171875	4377.4599609375	10259.1298828125
07nov2016	5166.169921875	4461.2099609375	10456.9501953125
08nov2016	5193.490234375	4476.89013671875	10482.3203125
09nov2016	5251.06982421875	4543.47998046875	10646.009765625
10nov2016	5208.7998046875	4530.9501953125	10630.1201171875
11nov2016	5237.10986328125	4489.27001953125	10667.9501953125
14nov2016	5218.39990234375	4508.5498046875	10693.6904296875
15nov2016	5275.6201171875	4536.52978515625	10735.1396484375
16nov2016	5294.580078125	4501.14013671875	10663.8701171875
17nov2016	5333.97021484375	4527.77001953125	10685.5400390625
18nov2016	5321.509765625	4504.35009765625	10664.5595703125
21nov2016	5368.85986328125	4529.580078125	10685.1298828125
22nov2016	5386.35009765625	4548.35009765625	10713.849609375
23nov2016	5380.68017578125	4529.2099609375	10662.4404296875
24nov2016		4542.56005859375	10689.259765625
25nov2016	5398.919921875	4550.27001953125	10699.26953125
28nov2016	5368.81005859375	4510.39013671875	10582.669921875
29nov2016	5379.919921875	4551.4599609375	10620.490234375
30nov2016	5323.68017578125	4578.33984375	10640.2998046875
01dec2016	5251.10986328125	4560.60986328125	10534.0498046875
02dec2016	5255.64990234375	4528.81982421875	10513.349609375
05dec2016	5308.89013671875	4574.31982421875	10684.830078125
06dec2016	5333	4631.93994140625	10775.3203125
07dec2016	5393.759765625	4694.72021484375	10986.6904296875
08dec2016	5417.35986328125	4735.47998046875	11179.419921875
09dec2016	5444.5	4764.06982421875	11203.6298828125
12dec2016	5412.5400390625	4760.77001953125	11190.2099609375
13dec2016	5463.830078125	4803.8701171875	11284.650390625
14dec2016	5436.669921875	4769.240234375	11244.83984375
15dec2016	5456.85009765625	4819.22998046875	11366.400390625
16dec2016	5437.16015625	4833.27001953125	11404.009765625
19dec2016	5457.43994140625	4822.77001953125	11426.7001953125
20dec2016	5483.93994140625	4849.89013671875	11464.740234375
21dec2016	5471.43017578125	4833.81982421875	11468.6396484375
22dec2016	5447.419921875	4834.6298828125	11456.099609375
23dec2016	5462.68994140625	4839.68017578125	11449.9296875
27dec2016	5487.43994140625	4848.27978515625	11472.240234375
28dec2016	5438.56005859375	4848.009765625	11474.990234375
29dec2016	5432.08984375	4838.47021484375	11451.0498046875
30dec2016	5383.1201171875	4862.31005859375	11481.0595703125
02jan2017		4882.3798828125	11598.330078125
03jan2017	5429.080078125	4899.330078125	11584.240234375
04jan2017	5477	4899.39990234375	11584.3095703125
05jan2017	5487.93994140625	4900.64013671875	11584.9404296875
06jan2017	5521.06005859375	4909.83984375	11599.009765625
09jan2017	5531.81982421875	4887.56982421875	11563.990234375
10jan2017	5551.81982421875	4888.22998046875	11583.2998046875
11jan2017	5563.64990234375	4888.7099609375	11646.169921875
12jan2017	5547.490234375	4863.97021484375	11521.0400390625
13jan2017	5574.1201171875	4922.490234375	11629.1796875
16jan2017		4882.18017578125	11554.7099609375
17jan2017	5538.72998046875	4859.68994140625	11540
18jan2017	5555.64990234375	4853.39990234375	11599.3896484375
19jan2017	5540.080078125	4841.14013671875	11596.8896484375
20jan2017	5555.330078125	4850.669921875	11630.1298828125
23jan2017	5552.93994140625	4821.41015625	11545.75
24jan2017	5600.9599609375	4830.02978515625	11594.9404296875
25jan2017	5656.33984375	4877.669921875	11806.0498046875
26jan2017	5655.18017578125	4867.240234375	11848.6298828125
27jan2017	5660.77978515625	4839.97998046875	11814.26953125
30jan2017	5613.7099609375	4784.64013671875	11681.8896484375
31jan2017	5614.7900390625	4748.89990234375	11535.3095703125
01feb2017	5642.64990234375	4794.580078125	11659.5
02feb2017	5636.2001953125	4794.2900390625	11627.9501953125
03feb2017	5666.77001953125	4825.419921875	11651.490234375
06feb2017	5663.5498046875	4778.080078125	11509.83984375
07feb2017	5674.22021484375	4754.47021484375	11549.4404296875
08feb2017	5682.4501953125	4766.60009765625	11543.3798828125
09feb2017	5715.18017578125	4826.240234375	11642.8603515625
10feb2017	5734.1298828125	4828.31982421875	11666.9697265625
13feb2017	5763.9599609375	4888.18994140625	11774.4296875
14feb2017	5782.56982421875	4895.81982421875	11771.8095703125
15feb2017	5819.43994140625	4924.85986328125	11793.9296875
16feb2017	5814.89990234375	4899.4599609375	11757.240234375
17feb2017	5838.580078125	4867.580078125	11757.01953125
20feb2017		4864.990234375	11827.6201171875
21feb2017	5865.9501953125	4888.759765625	11967.490234375
22feb2017	5860.6298828125	4895.8798828125	11998.58984375
23feb2017	5835.509765625	4891.2900390625	11947.830078125
24feb2017	5845.31005859375	4845.240234375	11804.0302734375
27feb2017	5861.89990234375	4845.18017578125	11822.669921875
28feb2017	5825.43994140625	4858.580078125	11834.41015625
01mar2017	5904.02978515625	4960.830078125	12067.1904296875
02mar2017	5861.22021484375	4963.7998046875	12059.5703125
03mar2017	5870.75	4995.1298828125	12027.3603515625
06mar2017	5849.18017578125	4972.18994140625	11958.400390625
07mar2017	5833.93017578125	4955	11966.1396484375
08mar2017	5837.5498046875	4960.47998046875	11967.3095703125
09mar2017	5838.81005859375	4981.509765625	11978.3896484375
10mar2017	5861.72998046875	4993.31982421875	11963.1796875
13mar2017	5875.77978515625	4999.60009765625	11990.0302734375
14mar2017	5856.81982421875	4974.259765625	11988.7900390625
15mar2017	5900.0498046875	4985.47998046875	12009.8701171875
16mar2017	5900.759765625	5013.3798828125	12083.1796875
17mar2017	5901	5029.240234375	12095.240234375
20mar2017	5901.52978515625	5012.16015625	12052.900390625
21mar2017	5793.830078125	5002.43017578125	11962.1298828125
22mar2017	5821.64013671875	4994.7001953125	11904.1201171875
23mar2017	5817.68994140625	5032.759765625	12039.6796875
24mar2017	5828.740234375	5020.89990234375	12064.26953125
27mar2017	5840.3701171875	5017.43017578125	11996.0703125
28mar2017	5875.14013671875	5046.2001953125	12149.419921875
29mar2017	5897.5498046875	5069.0400390625	12203
30mar2017	5914.33984375	5089.64013671875	12256.4296875
31mar2017	5911.740234375	5122.509765625	12312.8701171875
03apr2017	5894.68017578125	5085.91015625	12257.2001953125
04apr2017	5898.60986328125	5101.1298828125	12282.33984375
05apr2017	5864.47998046875	5091.85009765625	12217.5400390625
06apr2017	5878.9501953125	5121.43994140625	12230.8896484375
07apr2017	5877.81005859375	5135.27978515625	12225.0595703125
10apr2017	5880.93017578125	5107.4501953125	12200.51953125
11apr2017	5866.77001953125	5101.85986328125	12139.349609375
12apr2017	5836.16015625	5101.10986328125	12154.7001953125
13apr2017	5805.14990234375	5071.10009765625	12109
17apr2017	5856.7900390625		
18apr2017	5849.47021484375	4990.25	12000.4404296875
19apr2017	5863.02978515625	5003.72998046875	12016.4501953125
20apr2017	5916.77978515625	5077.91015625	12027.3203125
21apr2017	5910.52001953125	5059.2001953125	12048.5703125
24apr2017	5983.81982421875	5268.85009765625	12454.98046875
25apr2017	6025.490234375	5277.8798828125	12467.0400390625
26apr2017	6025.22998046875	5287.8798828125	12472.7998046875
27apr2017	6048.93994140625	5271.7001953125	12443.7900390625
28apr2017	6047.60986328125	5267.330078125	12438.009765625
01may2017	6091.60009765625		
02may2017	6095.3701171875	5304.14990234375	12507.900390625
03may2017	6072.5498046875	5301	12527.83984375
04may2017	6075.33984375	5372.419921875	12647.7802734375
05may2017	6100.759765625	5432.39990234375	12716.8896484375
08may2017	6102.66015625	5382.9501953125	12694.5498046875
09may2017	6120.58984375	5398.009765625	12749.1201171875
10may2017	6129.14013671875	5400.4599609375	12757.4599609375
11may2017	6115.9599609375	5383.419921875	12711.0595703125
12may2017	6121.22998046875	5405.419921875	12770.41015625
15may2017	6149.669921875	5417.39990234375	12807.0400390625
16may2017	6169.8701171875	5406.10009765625	12804.5302734375
17may2017	6011.240234375	5317.89013671875	12631.6103515625
18may2017	6055.1298828125	5289.72998046875	12590.0595703125
19may2017	6083.7001953125	5324.39990234375	12638.6904296875
22may2017	6133.6201171875	5322.8798828125	12619.4599609375
23may2017	6138.7099609375	5348.16015625	12659.150390625
24may2017	6163.02001953125	5341.33984375	12642.8701171875
25may2017	6205.259765625	5337.16015625	12621.7197265625
26may2017	6210.18994140625	5336.64013671875	12602.1796875
29may2017		5332.47021484375	12628.9501953125
30may2017	6203.18994140625	5305.93994140625	12598.6796875
31may2017	6198.52001953125	5283.6298828125	12615.0595703125
01jun2017	6246.830078125	5318.669921875	12664.919921875
02jun2017	6305.7998046875	5343.41015625	12822.9404296875
05jun2017	6295.68017578125	5307.89013671875	
06jun2017	6275.06005859375	5269.22021484375	12690.1201171875
07jun2017	6297.3798828125	5265.52978515625	12672.490234375
08jun2017	6321.759765625	5264.240234375	12713.580078125
09jun2017	6207.919921875	5299.7099609375	12815.7197265625
12jun2017	6175.4599609375	5240.58984375	12690.4404296875
13jun2017	6220.3701171875	5261.740234375	12764.98046875
14jun2017	6194.89013671875	5243.2900390625	12805.9501953125
15jun2017	6165.5	5216.8798828125	12691.8095703125
16jun2017	6151.759765625	5263.31005859375	12752.73046875
19jun2017	6239.009765625	5310.72021484375	12888.9501953125
20jun2017	6188.02978515625	5293.64990234375	12814.7900390625
21jun2017	6233.9501953125	5274.259765625	12774.259765625
22jun2017	6236.68994140625	5281.93017578125	12794
23jun2017	6265.25	5266.1201171875	12733.41015625
26jun2017	6247.14990234375	5295.75	12770.830078125
27jun2017	6146.6201171875	5258.580078125	12671.01953125
28jun2017	6234.41015625	5252.89990234375	12647.26953125
29jun2017	6144.35009765625	5154.35009765625	12416.1904296875
30jun2017	6140.419921875	5120.68017578125	12325.1201171875
03jul2017	6110.06005859375	5195.72021484375	12475.3095703125
04jul2017		5174.89990234375	12437.1298828125
05jul2017	6150.85986328125	5180.10009765625	12453.6796875
06jul2017	6089.4599609375	5152.39990234375	12381.25
07jul2017	6153.080078125	5145.16015625	12388.6796875
10jul2017	6176.39013671875	5165.64013671875	12445.919921875
11jul2017	6193.2998046875	5140.60009765625	12437.01953125
12jul2017	6261.169921875	5222.1298828125	12626.580078125
13jul2017	6274.43994140625	5235.39990234375	12641.330078125
14jul2017	6312.47021484375	5235.31005859375	12631.7197265625
17jul2017	6314.43017578125	5230.169921875	12587.16015625
18jul2017	6344.31005859375	5173.27001953125	12430.3896484375
19jul2017	6385.0400390625	5216.06982421875	12452.0498046875
20jul2017	6390	5199.22021484375	12447.25
21jul2017	6387.75	5117.66015625	12240.0595703125
24jul2017	6410.81005859375	5127.7001953125	12208.9501953125
25jul2017	6412.169921875	5161.080078125	12264.3095703125
26jul2017	6422.75	5190.169921875	12305.1103515625
27jul2017	6382.18994140625	5186.9501953125	12212.0400390625
28jul2017	6374.68017578125	5131.39013671875	12162.7001953125
31jul2017	6348.1201171875	5093.77001953125	12118.25
01aug2017	6362.93994140625	5127.02978515625	12251.2900390625
02aug2017	6362.64990234375	5107.25	12181.48046875
03aug2017	6340.33984375	5130.490234375	12154.7197265625
04aug2017	6351.56005859375	5203.43994140625	12297.7197265625
07aug2017	6383.77001953125	5207.89013671875	12257.169921875
08aug2017	6370.4599609375	5218.89013671875	12292.0498046875
09aug2017	6352.330078125	5145.7001953125	12154
10aug2017	6216.8701171875	5115.22998046875	12014.2998046875
11aug2017	6256.56005859375	5060.919921875	12014.0595703125
14aug2017	6340.22998046875	5121.669921875	12165.1201171875
15aug2017	6333.009765625	5140.25	12177.0400390625
16aug2017	6345.10986328125	5176.60986328125	12263.8603515625
17aug2017	6221.91015625	5146.85009765625	12203.4599609375
18aug2017	6216.52978515625	5114.14990234375	12165.1904296875
21aug2017	6213.1298828125	5087.58984375	12065.990234375
22aug2017	6297.47998046875	5131.85986328125	12229.33984375
23aug2017	6278.41015625	5115.39013671875	12174.2998046875
24aug2017	6271.330078125	5113.1298828125	12180.830078125
25aug2017	6265.64013671875	5104.330078125	12167.9404296875
28aug2017	6283.02001953125	5079.75	12123.4697265625
29aug2017	6301.89013671875	5031.919921875	11945.8798828125
30aug2017	6368.31005859375	5056.33984375	12002.4697265625
31aug2017	6428.66015625	5085.58984375	12055.83984375
01sep2017	6435.330078125	5123.259765625	12142.6396484375
04sep2017		5103.97021484375	12102.2099609375
05sep2017	6375.56982421875	5086.56005859375	12123.7099609375
06sep2017	6393.31005859375	5101.41015625	12214.5400390625
07sep2017	6397.8701171875	5114.6201171875	12296.6298828125
08sep2017	6360.18994140625	5113.490234375	12303.98046875
11sep2017	6432.259765625	5176.7099609375	12475.240234375
12sep2017	6454.27978515625	5209.009765625	12524.76953125
13sep2017	6460.18994140625	5217.58984375	12553.5703125
14sep2017	6429.080078125	5225.2001953125	12540.4501953125
15sep2017	6448.47021484375	5213.91015625	12518.8095703125
18sep2017	6454.64013671875	5229.31982421875	12559.3896484375
19sep2017	6461.31982421875	5237.43994140625	12561.7900390625
20sep2017	6456.0400390625	5241.66015625	12569.169921875
21sep2017	6422.68994140625	5267.2900390625	12600.0302734375
22sep2017	6426.919921875	5281.2900390625	12592.349609375
25sep2017	6370.58984375	5267.1298828125	12594.8095703125
26sep2017	6380.16015625	5268.759765625	12605.2001953125
27sep2017	6453.259765625	5281.9599609375	12657.41015625
28sep2017	6453.4501953125	5293.77001953125	12704.650390625
29sep2017	6495.9599609375	5329.81005859375	12828.8603515625
02oct2017	6516.72021484375	5350.43994140625	12902.650390625
03oct2017	6531.7099609375	5367.41015625	
04oct2017	6534.6298828125	5363.22998046875	12970.51953125
05oct2017	6585.35986328125	5379.2099609375	12968.0498046875
06oct2017	6590.18017578125	5359.89990234375	12955.9404296875
09oct2017	6579.72998046875	5365.830078125	12976.400390625
10oct2017	6587.25	5363.64990234375	12949.25
11oct2017	6603.5498046875	5362.41015625	12970.6796875
12oct2017	6591.509765625	5360.81005859375	12982.8896484375
13oct2017	6605.7998046875	5351.740234375	12991.8701171875
16oct2017	6624	5362.8798828125	13003.7001953125
17oct2017	6623.66015625	5361.3701171875	12995.0595703125
18oct2017	6624.22021484375	5383.81005859375	13043.0302734375
19oct2017	6605.06982421875	5368.2900390625	12990.099609375
20oct2017	6629.0498046875	5372.3798828125	12991.2802734375
23oct2017	6586.830078125	5386.81005859375	13003.1396484375
24oct2017	6598.43017578125	5394.7998046875	13013.1904296875
25oct2017	6563.89013671875	5374.89013671875	12953.41015625
26oct2017	6556.77001953125	5455.39990234375	13133.2802734375
27oct2017	6701.259765625	5494.1298828125	13217.5400390625
30oct2017	6698.9599609375	5493.6298828125	13229.5703125
31oct2017	6727.669921875	5503.2900390625	
01nov2017	6716.52978515625	5514.2900390625	13465.509765625
02nov2017	6714.93994140625	5510.5	13440.9296875
03nov2017	6764.43994140625	5517.97021484375	13478.8603515625
06nov2017	6786.43994140625	5507.25	13468.7900390625
07nov2017	6767.77978515625	5480.64013671875	13379.26953125
08nov2017	6789.1201171875	5471.43017578125	13382.419921875
09nov2017	6750.0498046875	5407.75	13182.5595703125
10nov2017	6750.93994140625	5380.72021484375	13127.4697265625
13nov2017	6757.60009765625	5341.6298828125	13074.419921875
14nov2017	6737.8701171875	5315.580078125	13033.48046875
15nov2017	6706.2099609375	5301.25	12976.3701171875
16nov2017	6793.2900390625	5336.39013671875	13047.2197265625
17nov2017	6782.7900390625	5319.169921875	12993.73046875
20nov2017	6790.7099609375	5340.4501953125	13058.66015625
21nov2017	6862.47998046875	5366.14990234375	13167.5400390625
22nov2017	6867.35986328125	5352.759765625	13015.0400390625
23nov2017		5379.5400390625	13008.5498046875
24nov2017	6889.16015625	5390.4599609375	13059.83984375
27nov2017	6878.52001953125	5360.08984375	13000.2001953125
28nov2017	6912.35986328125	5390.47998046875	13059.5302734375
29nov2017	6824.39013671875	5398.0498046875	13061.8701171875
30nov2017	6873.97021484375	5372.7900390625	13023.98046875
01dec2017	6847.58984375	5316.89013671875	12861.490234375
04dec2017	6775.3701171875	5389.2900390625	13058.5498046875
05dec2017	6762.2099609375	5375.52978515625	13048.5400390625
06dec2017	6776.3798828125	5374.35009765625	12998.849609375
07dec2017	6812.83984375	5383.85986328125	13045.150390625
08dec2017	6840.080078125	5399.08984375	13153.7001953125
11dec2017	6875.080078125	5386.830078125	13123.650390625
12dec2017	6862.31982421875	5427.18994140625	13183.5302734375
13dec2017	6875.7998046875	5399.4501953125	13125.6396484375
14dec2017	6856.52978515625	5357.14013671875	13068.080078125
15dec2017	6936.580078125	5349.2998046875	13103.5595703125
18dec2017	6994.759765625	5420.580078125	13312.2998046875
19dec2017	6963.85009765625	5382.91015625	13215.7900390625
20dec2017	6960.9599609375	5352.77001953125	13069.169921875
21dec2017	6965.35986328125	5385.97021484375	13109.740234375
22dec2017	6959.9599609375	5364.72021484375	13072.7900390625
26dec2017	6936.25		
27dec2017	6939.33984375	5368.83984375	13070.01953125
28dec2017	6950.16015625	5339.419921875	12979.9404296875
29dec2017	6903.39013671875	5312.56005859375	12917.6396484375
